ISO-10303-21;
HEADER;
/* Generated by software containing ST-Developer
 * from STEP Tools, Inc. (www.steptools.com) 
 */

FILE_DESCRIPTION(
/* description */ (''),
/* implementation_level */ '2;1');

FILE_NAME(
/* name */ 'MACROPAD BOTTOM CASE.step',
/* time_stamp */ '2026-07-24T14:51:30-05:00',
/* author */ (''),
/* organization */ (''),
/* preprocessor_version */ 'ST-DEVELOPER v20.1',
/* originating_system */ 'Autodesk Translation Framework v15.8.0.0',
/* authorisation */ '');

FILE_SCHEMA (('AUTOMOTIVE_DESIGN { 1 0 10303 214 3 1 1 }'));
ENDSEC;

DATA;
#10=MECHANICAL_DESIGN_GEOMETRIC_PRESENTATION_REPRESENTATION('',(#13),#2311);
#11=SHAPE_REPRESENTATION_RELATIONSHIP('SRR','None',#2318,#12);
#12=ADVANCED_BREP_SHAPE_REPRESENTATION('',(#14),#2310);
#13=STYLED_ITEM('',(#2328),#14);
#14=MANIFOLD_SOLID_BREP('Body1',#1307);
#15=CONICAL_SURFACE('',#1448,2.00000000000001,0.785398163397457);
#16=CONICAL_SURFACE('',#1452,2.,0.785398163397451);
#17=CONICAL_SURFACE('',#1456,1.99999999999999,0.785398163397451);
#18=CONICAL_SURFACE('',#1460,2.00000000000001,0.785398163397457);
#19=SPHERICAL_SURFACE('',#1395,0.499999999999998);
#20=SPHERICAL_SURFACE('',#1399,0.5);
#21=SPHERICAL_SURFACE('',#1403,0.5);
#22=SPHERICAL_SURFACE('',#1412,0.499999999999998);
#23=TOROIDAL_SURFACE('',#1374,1.60000000000001,0.5);
#24=TOROIDAL_SURFACE('',#1380,1.60000000000001,0.5);
#25=TOROIDAL_SURFACE('',#1385,1.60000000000001,0.5);
#26=TOROIDAL_SURFACE('',#1390,1.60000000000001,0.5);
#27=TOROIDAL_SURFACE('',#1407,0.999999999999992,0.499999999999998);
#28=TOROIDAL_SURFACE('',#1416,1.,0.5);
#29=TOROIDAL_SURFACE('',#1421,1.,0.500000000000003);
#30=TOROIDAL_SURFACE('',#1427,1.00000000000001,0.500000000000007);
#31=FACE_BOUND('',#173,.T.);
#32=FACE_BOUND('',#176,.T.);
#33=FACE_BOUND('',#179,.T.);
#34=FACE_BOUND('',#182,.T.);
#35=FACE_BOUND('',#185,.T.);
#36=FACE_BOUND('',#189,.T.);
#37=FACE_BOUND('',#190,.T.);
#38=FACE_BOUND('',#191,.T.);
#39=FACE_BOUND('',#192,.T.);
#40=FACE_BOUND('',#193,.T.);
#41=FACE_BOUND('',#203,.T.);
#42=FACE_BOUND('',#226,.T.);
#43=FACE_BOUND('',#250,.T.);
#44=FACE_BOUND('',#251,.T.);
#45=FACE_BOUND('',#252,.T.);
#46=FACE_BOUND('',#253,.T.);
#47=PLANE('',#1324);
#48=PLANE('',#1328);
#49=PLANE('',#1332);
#50=PLANE('',#1336);
#51=PLANE('',#1340);
#52=PLANE('',#1344);
#53=PLANE('',#1348);
#54=PLANE('',#1352);
#55=PLANE('',#1353);
#56=PLANE('',#1354);
#57=PLANE('',#1359);
#58=PLANE('',#1360);
#59=PLANE('',#1361);
#60=PLANE('',#1394);
#61=PLANE('',#1443);
#62=PLANE('',#1444);
#63=PLANE('',#1445);
#64=PLANE('',#1446);
#65=PLANE('',#1447);
#66=PLANE('',#1470);
#67=PLANE('',#1471);
#68=PLANE('',#1474);
#69=PLANE('',#1475);
#70=PLANE('',#1476);
#71=PLANE('',#1477);
#72=PLANE('',#1480);
#73=PLANE('',#1484);
#74=PLANE('',#1486);
#75=PLANE('',#1488);
#76=PLANE('',#1490);
#77=PLANE('',#1491);
#78=PLANE('',#1492);
#79=FACE_OUTER_BOUND('',#163,.T.);
#80=FACE_OUTER_BOUND('',#164,.T.);
#81=FACE_OUTER_BOUND('',#165,.T.);
#82=FACE_OUTER_BOUND('',#166,.T.);
#83=FACE_OUTER_BOUND('',#167,.T.);
#84=FACE_OUTER_BOUND('',#168,.T.);
#85=FACE_OUTER_BOUND('',#169,.T.);
#86=FACE_OUTER_BOUND('',#170,.T.);
#87=FACE_OUTER_BOUND('',#171,.T.);
#88=FACE_OUTER_BOUND('',#172,.T.);
#89=FACE_OUTER_BOUND('',#174,.T.);
#90=FACE_OUTER_BOUND('',#175,.T.);
#91=FACE_OUTER_BOUND('',#177,.T.);
#92=FACE_OUTER_BOUND('',#178,.T.);
#93=FACE_OUTER_BOUND('',#180,.T.);
#94=FACE_OUTER_BOUND('',#181,.T.);
#95=FACE_OUTER_BOUND('',#183,.T.);
#96=FACE_OUTER_BOUND('',#184,.T.);
#97=FACE_OUTER_BOUND('',#186,.T.);
#98=FACE_OUTER_BOUND('',#187,.T.);
#99=FACE_OUTER_BOUND('',#188,.T.);
#100=FACE_OUTER_BOUND('',#194,.T.);
#101=FACE_OUTER_BOUND('',#195,.T.);
#102=FACE_OUTER_BOUND('',#196,.T.);
#103=FACE_OUTER_BOUND('',#197,.T.);
#104=FACE_OUTER_BOUND('',#198,.T.);
#105=FACE_OUTER_BOUND('',#199,.T.);
#106=FACE_OUTER_BOUND('',#200,.T.);
#107=FACE_OUTER_BOUND('',#201,.T.);
#108=FACE_OUTER_BOUND('',#202,.T.);
#109=FACE_OUTER_BOUND('',#204,.T.);
#110=FACE_OUTER_BOUND('',#205,.T.);
#111=FACE_OUTER_BOUND('',#206,.T.);
#112=FACE_OUTER_BOUND('',#207,.T.);
#113=FACE_OUTER_BOUND('',#208,.T.);
#114=FACE_OUTER_BOUND('',#209,.T.);
#115=FACE_OUTER_BOUND('',#210,.T.);
#116=FACE_OUTER_BOUND('',#211,.T.);
#117=FACE_OUTER_BOUND('',#212,.T.);
#118=FACE_OUTER_BOUND('',#213,.T.);
#119=FACE_OUTER_BOUND('',#214,.T.);
#120=FACE_OUTER_BOUND('',#215,.T.);
#121=FACE_OUTER_BOUND('',#216,.T.);
#122=FACE_OUTER_BOUND('',#217,.T.);
#123=FACE_OUTER_BOUND('',#218,.T.);
#124=FACE_OUTER_BOUND('',#219,.T.);
#125=FACE_OUTER_BOUND('',#220,.T.);
#126=FACE_OUTER_BOUND('',#221,.T.);
#127=FACE_OUTER_BOUND('',#222,.T.);
#128=FACE_OUTER_BOUND('',#223,.T.);
#129=FACE_OUTER_BOUND('',#224,.T.);
#130=FACE_OUTER_BOUND('',#225,.T.);
#131=FACE_OUTER_BOUND('',#227,.T.);
#132=FACE_OUTER_BOUND('',#228,.T.);
#133=FACE_OUTER_BOUND('',#229,.T.);
#134=FACE_OUTER_BOUND('',#230,.T.);
#135=FACE_OUTER_BOUND('',#231,.T.);
#136=FACE_OUTER_BOUND('',#232,.T.);
#137=FACE_OUTER_BOUND('',#233,.T.);
#138=FACE_OUTER_BOUND('',#234,.T.);
#139=FACE_OUTER_BOUND('',#235,.T.);
#140=FACE_OUTER_BOUND('',#236,.T.);
#141=FACE_OUTER_BOUND('',#237,.T.);
#142=FACE_OUTER_BOUND('',#238,.T.);
#143=FACE_OUTER_BOUND('',#239,.T.);
#144=FACE_OUTER_BOUND('',#240,.T.);
#145=FACE_OUTER_BOUND('',#241,.T.);
#146=FACE_OUTER_BOUND('',#242,.T.);
#147=FACE_OUTER_BOUND('',#243,.T.);
#148=FACE_OUTER_BOUND('',#244,.T.);
#149=FACE_OUTER_BOUND('',#245,.T.);
#150=FACE_OUTER_BOUND('',#246,.T.);
#151=FACE_OUTER_BOUND('',#247,.T.);
#152=FACE_OUTER_BOUND('',#248,.T.);
#153=FACE_OUTER_BOUND('',#249,.T.);
#154=FACE_OUTER_BOUND('',#254,.T.);
#155=FACE_OUTER_BOUND('',#255,.T.);
#156=FACE_OUTER_BOUND('',#256,.T.);
#157=FACE_OUTER_BOUND('',#257,.T.);
#158=FACE_OUTER_BOUND('',#258,.T.);
#159=FACE_OUTER_BOUND('',#259,.T.);
#160=FACE_OUTER_BOUND('',#260,.T.);
#161=FACE_OUTER_BOUND('',#261,.T.);
#162=FACE_OUTER_BOUND('',#262,.T.);
#163=EDGE_LOOP('',(#827,#828,#829,#830));
#164=EDGE_LOOP('',(#831));
#165=EDGE_LOOP('',(#832,#833,#834,#835));
#166=EDGE_LOOP('',(#836));
#167=EDGE_LOOP('',(#837,#838,#839,#840));
#168=EDGE_LOOP('',(#841));
#169=EDGE_LOOP('',(#842,#843,#844,#845));
#170=EDGE_LOOP('',(#846));
#171=EDGE_LOOP('',(#847,#848,#849,#850));
#172=EDGE_LOOP('',(#851));
#173=EDGE_LOOP('',(#852));
#174=EDGE_LOOP('',(#853,#854,#855,#856));
#175=EDGE_LOOP('',(#857));
#176=EDGE_LOOP('',(#858));
#177=EDGE_LOOP('',(#859,#860,#861,#862));
#178=EDGE_LOOP('',(#863));
#179=EDGE_LOOP('',(#864));
#180=EDGE_LOOP('',(#865,#866,#867,#868));
#181=EDGE_LOOP('',(#869));
#182=EDGE_LOOP('',(#870));
#183=EDGE_LOOP('',(#871,#872,#873,#874));
#184=EDGE_LOOP('',(#875,#876,#877,#878));
#185=EDGE_LOOP('',(#879,#880,#881,#882,#883,#884,#885,#886));
#186=EDGE_LOOP('',(#887,#888,#889,#890));
#187=EDGE_LOOP('',(#891,#892,#893,#894));
#188=EDGE_LOOP('',(#895,#896,#897,#898,#899,#900,#901,#902));
#189=EDGE_LOOP('',(#903));
#190=EDGE_LOOP('',(#904));
#191=EDGE_LOOP('',(#905,#906,#907,#908,#909,#910,#911,#912,#913,#914,#915,
#916));
#192=EDGE_LOOP('',(#917));
#193=EDGE_LOOP('',(#918));
#194=EDGE_LOOP('',(#919,#920,#921,#922));
#195=EDGE_LOOP('',(#923,#924,#925,#926));
#196=EDGE_LOOP('',(#927,#928,#929,#930));
#197=EDGE_LOOP('',(#931,#932,#933,#934));
#198=EDGE_LOOP('',(#935,#936,#937,#938));
#199=EDGE_LOOP('',(#939,#940,#941,#942));
#200=EDGE_LOOP('',(#943,#944,#945,#946));
#201=EDGE_LOOP('',(#947,#948,#949,#950));
#202=EDGE_LOOP('',(#951,#952,#953,#954));
#203=EDGE_LOOP('',(#955,#956,#957,#958,#959,#960,#961,#962));
#204=EDGE_LOOP('',(#963,#964,#965));
#205=EDGE_LOOP('',(#966,#967,#968));
#206=EDGE_LOOP('',(#969,#970,#971));
#207=EDGE_LOOP('',(#972,#973,#974,#975));
#208=EDGE_LOOP('',(#976,#977,#978));
#209=EDGE_LOOP('',(#979,#980,#981,#982));
#210=EDGE_LOOP('',(#983,#984,#985,#986));
#211=EDGE_LOOP('',(#987,#988,#989,#990));
#212=EDGE_LOOP('',(#991,#992,#993,#994));
#213=EDGE_LOOP('',(#995,#996,#997,#998));
#214=EDGE_LOOP('',(#999,#1000,#1001,#1002));
#215=EDGE_LOOP('',(#1003,#1004,#1005,#1006));
#216=EDGE_LOOP('',(#1007,#1008,#1009,#1010));
#217=EDGE_LOOP('',(#1011,#1012,#1013,#1014));
#218=EDGE_LOOP('',(#1015,#1016,#1017,#1018));
#219=EDGE_LOOP('',(#1019,#1020,#1021,#1022));
#220=EDGE_LOOP('',(#1023,#1024,#1025,#1026));
#221=EDGE_LOOP('',(#1027,#1028,#1029,#1030));
#222=EDGE_LOOP('',(#1031,#1032,#1033,#1034));
#223=EDGE_LOOP('',(#1035,#1036,#1037,#1038));
#224=EDGE_LOOP('',(#1039,#1040,#1041,#1042));
#225=EDGE_LOOP('',(#1043,#1044,#1045,#1046));
#226=EDGE_LOOP('',(#1047,#1048,#1049,#1050,#1051,#1052,#1053,#1054));
#227=EDGE_LOOP('',(#1055,#1056,#1057,#1058));
#228=EDGE_LOOP('',(#1059,#1060,#1061,#1062));
#229=EDGE_LOOP('',(#1063,#1064,#1065,#1066));
#230=EDGE_LOOP('',(#1067,#1068,#1069,#1070));
#231=EDGE_LOOP('',(#1071,#1072,#1073,#1074));
#232=EDGE_LOOP('',(#1075,#1076,#1077,#1078));
#233=EDGE_LOOP('',(#1079,#1080,#1081,#1082));
#234=EDGE_LOOP('',(#1083,#1084,#1085,#1086));
#235=EDGE_LOOP('',(#1087,#1088,#1089,#1090));
#236=EDGE_LOOP('',(#1091,#1092,#1093,#1094));
#237=EDGE_LOOP('',(#1095,#1096,#1097,#1098));
#238=EDGE_LOOP('',(#1099,#1100,#1101,#1102));
#239=EDGE_LOOP('',(#1103,#1104,#1105,#1106));
#240=EDGE_LOOP('',(#1107,#1108,#1109,#1110));
#241=EDGE_LOOP('',(#1111,#1112,#1113,#1114));
#242=EDGE_LOOP('',(#1115,#1116,#1117,#1118,#1119,#1120,#1121,#1122));
#243=EDGE_LOOP('',(#1123,#1124,#1125,#1126));
#244=EDGE_LOOP('',(#1127));
#245=EDGE_LOOP('',(#1128));
#246=EDGE_LOOP('',(#1129));
#247=EDGE_LOOP('',(#1130));
#248=EDGE_LOOP('',(#1131,#1132,#1133,#1134));
#249=EDGE_LOOP('',(#1135,#1136,#1137,#1138,#1139,#1140,#1141,#1142));
#250=EDGE_LOOP('',(#1143));
#251=EDGE_LOOP('',(#1144));
#252=EDGE_LOOP('',(#1145));
#253=EDGE_LOOP('',(#1146));
#254=EDGE_LOOP('',(#1147,#1148,#1149,#1150,#1151,#1152,#1153,#1154));
#255=EDGE_LOOP('',(#1155,#1156,#1157,#1158));
#256=EDGE_LOOP('',(#1159,#1160,#1161,#1162));
#257=EDGE_LOOP('',(#1163,#1164,#1165,#1166));
#258=EDGE_LOOP('',(#1167,#1168,#1169,#1170));
#259=EDGE_LOOP('',(#1171,#1172,#1173,#1174));
#260=EDGE_LOOP('',(#1175,#1176,#1177,#1178));
#261=EDGE_LOOP('',(#1179,#1180,#1181,#1182));
#262=EDGE_LOOP('',(#1183,#1184,#1185,#1186));
#263=LINE('',#1936,#355);
#264=LINE('',#1943,#356);
#265=LINE('',#1950,#357);
#266=LINE('',#1957,#358);
#267=LINE('',#1964,#359);
#268=LINE('',#1971,#360);
#269=LINE('',#1978,#361);
#270=LINE('',#1985,#362);
#271=LINE('',#1991,#363);
#272=LINE('',#1993,#364);
#273=LINE('',#1995,#365);
#274=LINE('',#1996,#366);
#275=LINE('',#1999,#367);
#276=LINE('',#2001,#368);
#277=LINE('',#2002,#369);
#278=LINE('',#2007,#370);
#279=LINE('',#2011,#371);
#280=LINE('',#2015,#372);
#281=LINE('',#2018,#373);
#282=LINE('',#2021,#374);
#283=LINE('',#2023,#375);
#284=LINE('',#2024,#376);
#285=LINE('',#2026,#377);
#286=LINE('',#2032,#378);
#287=LINE('',#2036,#379);
#288=LINE('',#2040,#380);
#289=LINE('',#2043,#381);
#290=LINE('',#2049,#382);
#291=LINE('',#2053,#383);
#292=LINE('',#2057,#384);
#293=LINE('',#2061,#385);
#294=LINE('',#2064,#386);
#295=LINE('',#2078,#387);
#296=LINE('',#2086,#388);
#297=LINE('',#2093,#389);
#298=LINE('',#2100,#390);
#299=LINE('',#2104,#391);
#300=LINE('',#2106,#392);
#301=LINE('',#2108,#393);
#302=LINE('',#2109,#394);
#303=LINE('',#2162,#395);
#304=LINE('',#2163,#396);
#305=LINE('',#2174,#397);
#306=LINE('',#2175,#398);
#307=LINE('',#2177,#399);
#308=LINE('',#2178,#400);
#309=LINE('',#2180,#401);
#310=LINE('',#2181,#402);
#311=LINE('',#2183,#403);
#312=LINE('',#2184,#404);
#313=LINE('',#2186,#405);
#314=LINE('',#2187,#406);
#315=LINE('',#2189,#407);
#316=LINE('',#2190,#408);
#317=LINE('',#2192,#409);
#318=LINE('',#2194,#410);
#319=LINE('',#2196,#411);
#320=LINE('',#2197,#412);
#321=LINE('',#2199,#413);
#322=LINE('',#2201,#414);
#323=LINE('',#2205,#415);
#324=LINE('',#2207,#416);
#325=LINE('',#2208,#417);
#326=LINE('',#2214,#418);
#327=LINE('',#2218,#419);
#328=LINE('',#2222,#420);
#329=LINE('',#2226,#421);
#330=LINE('',#2230,#422);
#331=LINE('',#2234,#423);
#332=LINE('',#2238,#424);
#333=LINE('',#2242,#425);
#334=LINE('',#2246,#426);
#335=LINE('',#2251,#427);
#336=LINE('',#2256,#428);
#337=LINE('',#2257,#429);
#338=LINE('',#2260,#430);
#339=LINE('',#2261,#431);
#340=LINE('',#2264,#432);
#341=LINE('',#2266,#433);
#342=LINE('',#2268,#434);
#343=LINE('',#2277,#435);
#344=LINE('',#2278,#436);
#345=LINE('',#2281,#437);
#346=LINE('',#2285,#438);
#347=LINE('',#2289,#439);
#348=LINE('',#2292,#440);
#349=LINE('',#2294,#441);
#350=LINE('',#2296,#442);
#351=LINE('',#2297,#443);
#352=LINE('',#2299,#444);
#353=LINE('',#2301,#445);
#354=LINE('',#2303,#446);
#355=VECTOR('',#1499,1.08746200000004);
#356=VECTOR('',#1508,1.08746200000004);
#357=VECTOR('',#1517,1.08746200000004);
#358=VECTOR('',#1526,1.08746200000004);
#359=VECTOR('',#1535,3.);
#360=VECTOR('',#1544,3.);
#361=VECTOR('',#1553,2.99999999999999);
#362=VECTOR('',#1562,3.00000000000001);
#363=VECTOR('',#1569,10.);
#364=VECTOR('',#1570,10.);
#365=VECTOR('',#1571,10.);
#366=VECTOR('',#1572,10.);
#367=VECTOR('',#1575,10.);
#368=VECTOR('',#1576,10.);
#369=VECTOR('',#1577,10.);
#370=VECTOR('',#1580,10.);
#371=VECTOR('',#1583,10.);
#372=VECTOR('',#1586,10.);
#373=VECTOR('',#1589,10.);
#374=VECTOR('',#1592,10.);
#375=VECTOR('',#1593,10.);
#376=VECTOR('',#1594,10.);
#377=VECTOR('',#1597,10.);
#378=VECTOR('',#1602,10.);
#379=VECTOR('',#1605,10.);
#380=VECTOR('',#1608,10.);
#381=VECTOR('',#1611,10.);
#382=VECTOR('',#1616,10.);
#383=VECTOR('',#1619,10.);
#384=VECTOR('',#1622,10.);
#385=VECTOR('',#1625,10.);
#386=VECTOR('',#1628,10.);
#387=VECTOR('',#1645,10.);
#388=VECTOR('',#1656,10.);
#389=VECTOR('',#1665,10.);
#390=VECTOR('',#1676,10.);
#391=VECTOR('',#1679,10.);
#392=VECTOR('',#1680,10.);
#393=VECTOR('',#1681,10.);
#394=VECTOR('',#1682,10.);
#395=VECTOR('',#1747,10.);
#396=VECTOR('',#1748,10.);
#397=VECTOR('',#1761,10.);
#398=VECTOR('',#1762,10.);
#399=VECTOR('',#1765,10.);
#400=VECTOR('',#1766,10.);
#401=VECTOR('',#1769,10.);
#402=VECTOR('',#1770,10.);
#403=VECTOR('',#1773,10.);
#404=VECTOR('',#1774,10.);
#405=VECTOR('',#1777,10.);
#406=VECTOR('',#1778,10.);
#407=VECTOR('',#1781,10.);
#408=VECTOR('',#1782,10.);
#409=VECTOR('',#1785,10.);
#410=VECTOR('',#1788,10.);
#411=VECTOR('',#1791,10.);
#412=VECTOR('',#1792,10.);
#413=VECTOR('',#1795,10.);
#414=VECTOR('',#1798,10.);
#415=VECTOR('',#1803,10.);
#416=VECTOR('',#1804,10.);
#417=VECTOR('',#1805,10.);
#418=VECTOR('',#1814,2.00000000000001);
#419=VECTOR('',#1819,1.75000000000001);
#420=VECTOR('',#1824,2.);
#421=VECTOR('',#1829,1.75);
#422=VECTOR('',#1834,1.99999999999999);
#423=VECTOR('',#1839,1.74999999999999);
#424=VECTOR('',#1844,2.00000000000001);
#425=VECTOR('',#1849,1.75000000000001);
#426=VECTOR('',#1854,10.);
#427=VECTOR('',#1861,10.);
#428=VECTOR('',#1866,10.);
#429=VECTOR('',#1867,10.);
#430=VECTOR('',#1870,10.);
#431=VECTOR('',#1871,10.);
#432=VECTOR('',#1874,10.);
#433=VECTOR('',#1877,10.);
#434=VECTOR('',#1880,10.);
#435=VECTOR('',#1893,10.);
#436=VECTOR('',#1894,10.);
#437=VECTOR('',#1897,10.);
#438=VECTOR('',#1900,10.);
#439=VECTOR('',#1903,10.);
#440=VECTOR('',#1906,10.);
#441=VECTOR('',#1909,10.);
#442=VECTOR('',#1912,10.);
#443=VECTOR('',#1913,10.);
#444=VECTOR('',#1916,10.);
#445=VECTOR('',#1919,10.);
#446=VECTOR('',#1922,10.);
#447=CIRCLE('',#1322,1.08746200000004);
#448=CIRCLE('',#1323,1.08746200000004);
#449=CIRCLE('',#1326,1.08746200000004);
#450=CIRCLE('',#1327,1.08746200000004);
#451=CIRCLE('',#1330,1.08746200000004);
#452=CIRCLE('',#1331,1.08746200000004);
#453=CIRCLE('',#1334,1.08746200000004);
#454=CIRCLE('',#1335,1.08746200000004);
#455=CIRCLE('',#1338,3.);
#456=CIRCLE('',#1339,3.);
#457=CIRCLE('',#1342,3.);
#458=CIRCLE('',#1343,3.);
#459=CIRCLE('',#1346,2.99999999999999);
#460=CIRCLE('',#1347,2.99999999999999);
#461=CIRCLE('',#1350,3.00000000000001);
#462=CIRCLE('',#1351,3.00000000000001);
#463=CIRCLE('',#1355,1.15253277534669);
#464=CIRCLE('',#1356,1.15253277534669);
#465=CIRCLE('',#1357,1.15253277534669);
#466=CIRCLE('',#1358,1.15253277534669);
#467=CIRCLE('',#1362,5.);
#468=CIRCLE('',#1363,5.);
#469=CIRCLE('',#1364,5.);
#470=CIRCLE('',#1365,5.);
#471=CIRCLE('',#1366,2.25000000000001);
#472=CIRCLE('',#1367,2.24999999999999);
#473=CIRCLE('',#1368,0.5);
#474=CIRCLE('',#1369,0.5);
#475=CIRCLE('',#1370,0.5);
#476=CIRCLE('',#1371,0.5);
#477=CIRCLE('',#1372,2.25000000000001);
#478=CIRCLE('',#1373,2.25);
#479=CIRCLE('',#1375,0.500000000000007);
#480=CIRCLE('',#1376,1.60000000000001);
#481=CIRCLE('',#1377,0.500000000000007);
#482=CIRCLE('',#1379,0.500000000000007);
#483=CIRCLE('',#1381,0.500000000000007);
#484=CIRCLE('',#1382,1.60000000000001);
#485=CIRCLE('',#1384,0.500000000000007);
#486=CIRCLE('',#1386,0.499999999999998);
#487=CIRCLE('',#1387,1.60000000000001);
#488=CIRCLE('',#1389,0.500000000000007);
#489=CIRCLE('',#1391,1.60000000000001);
#490=CIRCLE('',#1392,0.500000000000007);
#491=CIRCLE('',#1396,0.5);
#492=CIRCLE('',#1397,0.499999999999998);
#493=CIRCLE('',#1398,0.500000000000007);
#494=CIRCLE('',#1400,0.499999999999998);
#495=CIRCLE('',#1401,0.5);
#496=CIRCLE('',#1402,0.500000000000007);
#497=CIRCLE('',#1404,0.499999999999998);
#498=CIRCLE('',#1405,0.5);
#499=CIRCLE('',#1406,0.500000000000007);
#500=CIRCLE('',#1408,0.499999999999998);
#501=CIRCLE('',#1409,0.500000000000007);
#502=CIRCLE('',#1410,1.);
#503=CIRCLE('',#1411,0.499999999999998);
#504=CIRCLE('',#1413,0.499999999999998);
#505=CIRCLE('',#1414,0.499999999999998);
#506=CIRCLE('',#1415,0.500000000000007);
#507=CIRCLE('',#1417,0.499999999999998);
#508=CIRCLE('',#1418,0.500000000000007);
#509=CIRCLE('',#1419,0.999999999999996);
#510=CIRCLE('',#1420,0.5);
#511=CIRCLE('',#1422,0.500000000000003);
#512=CIRCLE('',#1423,0.500000000000007);
#513=CIRCLE('',#1424,1.);
#514=CIRCLE('',#1425,0.500000000000003);
#515=CIRCLE('',#1428,1.00000000000001);
#516=CIRCLE('',#1429,0.499999999999998);
#517=CIRCLE('',#1430,0.5);
#518=CIRCLE('',#1431,0.500000000000007);
#519=CIRCLE('',#1449,1.75000000000001);
#520=CIRCLE('',#1451,1.75000000000001);
#521=CIRCLE('',#1453,1.75);
#522=CIRCLE('',#1455,1.75);
#523=CIRCLE('',#1457,1.74999999999999);
#524=CIRCLE('',#1459,1.74999999999999);
#525=CIRCLE('',#1461,1.75000000000001);
#526=CIRCLE('',#1463,1.75000000000001);
#527=CIRCLE('',#1465,5.);
#528=CIRCLE('',#1467,5.);
#529=CIRCLE('',#1469,5.);
#530=CIRCLE('',#1472,5.);
#531=CIRCLE('',#1479,0.5);
#532=CIRCLE('',#1481,0.5);
#533=CIRCLE('',#1482,0.5);
#534=CIRCLE('',#1483,0.5);
#535=VERTEX_POINT('',#1933);
#536=VERTEX_POINT('',#1935);
#537=VERTEX_POINT('',#1940);
#538=VERTEX_POINT('',#1942);
#539=VERTEX_POINT('',#1947);
#540=VERTEX_POINT('',#1949);
#541=VERTEX_POINT('',#1954);
#542=VERTEX_POINT('',#1956);
#543=VERTEX_POINT('',#1961);
#544=VERTEX_POINT('',#1963);
#545=VERTEX_POINT('',#1968);
#546=VERTEX_POINT('',#1970);
#547=VERTEX_POINT('',#1975);
#548=VERTEX_POINT('',#1977);
#549=VERTEX_POINT('',#1982);
#550=VERTEX_POINT('',#1984);
#551=VERTEX_POINT('',#1989);
#552=VERTEX_POINT('',#1990);
#553=VERTEX_POINT('',#1992);
#554=VERTEX_POINT('',#1994);
#555=VERTEX_POINT('',#1998);
#556=VERTEX_POINT('',#2000);
#557=VERTEX_POINT('',#2003);
#558=VERTEX_POINT('',#2004);
#559=VERTEX_POINT('',#2006);
#560=VERTEX_POINT('',#2008);
#561=VERTEX_POINT('',#2010);
#562=VERTEX_POINT('',#2012);
#563=VERTEX_POINT('',#2014);
#564=VERTEX_POINT('',#2016);
#565=VERTEX_POINT('',#2020);
#566=VERTEX_POINT('',#2022);
#567=VERTEX_POINT('',#2028);
#568=VERTEX_POINT('',#2029);
#569=VERTEX_POINT('',#2031);
#570=VERTEX_POINT('',#2033);
#571=VERTEX_POINT('',#2035);
#572=VERTEX_POINT('',#2037);
#573=VERTEX_POINT('',#2039);
#574=VERTEX_POINT('',#2041);
#575=VERTEX_POINT('',#2044);
#576=VERTEX_POINT('',#2046);
#577=VERTEX_POINT('',#2048);
#578=VERTEX_POINT('',#2050);
#579=VERTEX_POINT('',#2052);
#580=VERTEX_POINT('',#2054);
#581=VERTEX_POINT('',#2056);
#582=VERTEX_POINT('',#2058);
#583=VERTEX_POINT('',#2060);
#584=VERTEX_POINT('',#2062);
#585=VERTEX_POINT('',#2065);
#586=VERTEX_POINT('',#2067);
#587=VERTEX_POINT('',#2070);
#588=VERTEX_POINT('',#2072);
#589=VERTEX_POINT('',#2076);
#590=VERTEX_POINT('',#2080);
#591=VERTEX_POINT('',#2084);
#592=VERTEX_POINT('',#2088);
#593=VERTEX_POINT('',#2092);
#594=VERTEX_POINT('',#2096);
#595=VERTEX_POINT('',#2102);
#596=VERTEX_POINT('',#2103);
#597=VERTEX_POINT('',#2105);
#598=VERTEX_POINT('',#2107);
#599=VERTEX_POINT('',#2111);
#600=VERTEX_POINT('',#2113);
#601=VERTEX_POINT('',#2117);
#602=VERTEX_POINT('',#2119);
#603=VERTEX_POINT('',#2123);
#604=VERTEX_POINT('',#2125);
#605=VERTEX_POINT('',#2129);
#606=VERTEX_POINT('',#2130);
#607=VERTEX_POINT('',#2132);
#608=VERTEX_POINT('',#2134);
#609=VERTEX_POINT('',#2138);
#610=VERTEX_POINT('',#2140);
#611=VERTEX_POINT('',#2144);
#612=VERTEX_POINT('',#2145);
#613=VERTEX_POINT('',#2147);
#614=VERTEX_POINT('',#2149);
#615=VERTEX_POINT('',#2153);
#616=VERTEX_POINT('',#2154);
#617=VERTEX_POINT('',#2156);
#618=VERTEX_POINT('',#2158);
#619=VERTEX_POINT('',#2165);
#620=VERTEX_POINT('',#2166);
#621=VERTEX_POINT('',#2168);
#622=VERTEX_POINT('',#2170);
#623=VERTEX_POINT('',#2204);
#624=VERTEX_POINT('',#2206);
#625=VERTEX_POINT('',#2213);
#626=VERTEX_POINT('',#2217);
#627=VERTEX_POINT('',#2221);
#628=VERTEX_POINT('',#2225);
#629=VERTEX_POINT('',#2229);
#630=VERTEX_POINT('',#2233);
#631=VERTEX_POINT('',#2237);
#632=VERTEX_POINT('',#2241);
#633=VERTEX_POINT('',#2245);
#634=VERTEX_POINT('',#2249);
#635=VERTEX_POINT('',#2253);
#636=VERTEX_POINT('',#2254);
#637=VERTEX_POINT('',#2259);
#638=VERTEX_POINT('',#2263);
#639=VERTEX_POINT('',#2274);
#640=VERTEX_POINT('',#2275);
#641=VERTEX_POINT('',#2280);
#642=VERTEX_POINT('',#2282);
#643=VERTEX_POINT('',#2284);
#644=VERTEX_POINT('',#2286);
#645=VERTEX_POINT('',#2288);
#646=VERTEX_POINT('',#2290);
#647=EDGE_CURVE('',#535,#535,#447,.T.);
#648=EDGE_CURVE('',#535,#536,#263,.T.);
#649=EDGE_CURVE('',#536,#536,#448,.T.);
#650=EDGE_CURVE('',#537,#537,#449,.T.);
#651=EDGE_CURVE('',#537,#538,#264,.T.);
#652=EDGE_CURVE('',#538,#538,#450,.T.);
#653=EDGE_CURVE('',#539,#539,#451,.T.);
#654=EDGE_CURVE('',#539,#540,#265,.T.);
#655=EDGE_CURVE('',#540,#540,#452,.T.);
#656=EDGE_CURVE('',#541,#541,#453,.T.);
#657=EDGE_CURVE('',#541,#542,#266,.T.);
#658=EDGE_CURVE('',#542,#542,#454,.T.);
#659=EDGE_CURVE('',#543,#543,#455,.T.);
#660=EDGE_CURVE('',#543,#544,#267,.T.);
#661=EDGE_CURVE('',#544,#544,#456,.T.);
#662=EDGE_CURVE('',#545,#545,#457,.T.);
#663=EDGE_CURVE('',#545,#546,#268,.T.);
#664=EDGE_CURVE('',#546,#546,#458,.T.);
#665=EDGE_CURVE('',#547,#547,#459,.T.);
#666=EDGE_CURVE('',#547,#548,#269,.T.);
#667=EDGE_CURVE('',#548,#548,#460,.T.);
#668=EDGE_CURVE('',#549,#549,#461,.T.);
#669=EDGE_CURVE('',#549,#550,#270,.T.);
#670=EDGE_CURVE('',#550,#550,#462,.T.);
#671=EDGE_CURVE('',#551,#552,#271,.T.);
#672=EDGE_CURVE('',#551,#553,#272,.T.);
#673=EDGE_CURVE('',#553,#554,#273,.T.);
#674=EDGE_CURVE('',#552,#554,#274,.T.);
#675=EDGE_CURVE('',#555,#551,#275,.T.);
#676=EDGE_CURVE('',#555,#556,#276,.T.);
#677=EDGE_CURVE('',#556,#553,#277,.T.);
#678=EDGE_CURVE('',#557,#558,#463,.T.);
#679=EDGE_CURVE('',#559,#557,#278,.T.);
#680=EDGE_CURVE('',#560,#559,#464,.T.);
#681=EDGE_CURVE('',#561,#560,#279,.T.);
#682=EDGE_CURVE('',#562,#561,#465,.T.);
#683=EDGE_CURVE('',#563,#562,#280,.T.);
#684=EDGE_CURVE('',#564,#563,#466,.T.);
#685=EDGE_CURVE('',#558,#564,#281,.T.);
#686=EDGE_CURVE('',#565,#555,#282,.T.);
#687=EDGE_CURVE('',#566,#565,#283,.T.);
#688=EDGE_CURVE('',#566,#556,#284,.T.);
#689=EDGE_CURVE('',#554,#566,#285,.T.);
#690=EDGE_CURVE('',#567,#568,#467,.T.);
#691=EDGE_CURVE('',#567,#569,#286,.T.);
#692=EDGE_CURVE('',#570,#569,#468,.T.);
#693=EDGE_CURVE('',#570,#571,#287,.T.);
#694=EDGE_CURVE('',#572,#571,#469,.T.);
#695=EDGE_CURVE('',#573,#572,#288,.T.);
#696=EDGE_CURVE('',#574,#573,#470,.T.);
#697=EDGE_CURVE('',#568,#574,#289,.T.);
#698=EDGE_CURVE('',#575,#575,#471,.T.);
#699=EDGE_CURVE('',#576,#576,#472,.T.);
#700=EDGE_CURVE('',#552,#577,#290,.T.);
#701=EDGE_CURVE('',#578,#577,#473,.T.);
#702=EDGE_CURVE('',#578,#579,#291,.T.);
#703=EDGE_CURVE('',#580,#579,#474,.T.);
#704=EDGE_CURVE('',#580,#581,#292,.T.);
#705=EDGE_CURVE('',#582,#581,#475,.T.);
#706=EDGE_CURVE('',#582,#583,#293,.T.);
#707=EDGE_CURVE('',#584,#583,#476,.T.);
#708=EDGE_CURVE('',#584,#565,#294,.T.);
#709=EDGE_CURVE('',#585,#585,#477,.T.);
#710=EDGE_CURVE('',#586,#586,#478,.T.);
#711=EDGE_CURVE('',#587,#561,#479,.T.);
#712=EDGE_CURVE('',#587,#588,#480,.T.);
#713=EDGE_CURVE('',#588,#562,#481,.T.);
#714=EDGE_CURVE('',#589,#560,#482,.T.);
#715=EDGE_CURVE('',#589,#587,#295,.T.);
#716=EDGE_CURVE('',#590,#559,#483,.T.);
#717=EDGE_CURVE('',#590,#589,#484,.T.);
#718=EDGE_CURVE('',#591,#557,#485,.T.);
#719=EDGE_CURVE('',#591,#590,#296,.T.);
#720=EDGE_CURVE('',#558,#592,#486,.T.);
#721=EDGE_CURVE('',#592,#591,#487,.T.);
#722=EDGE_CURVE('',#588,#593,#297,.T.);
#723=EDGE_CURVE('',#593,#563,#488,.T.);
#724=EDGE_CURVE('',#593,#594,#489,.T.);
#725=EDGE_CURVE('',#594,#564,#490,.T.);
#726=EDGE_CURVE('',#594,#592,#298,.T.);
#727=EDGE_CURVE('',#595,#596,#299,.T.);
#728=EDGE_CURVE('',#597,#595,#300,.T.);
#729=EDGE_CURVE('',#598,#597,#301,.T.);
#730=EDGE_CURVE('',#596,#598,#302,.T.);
#731=EDGE_CURVE('',#599,#597,#491,.F.);
#732=EDGE_CURVE('',#600,#599,#492,.F.);
#733=EDGE_CURVE('',#597,#600,#493,.F.);
#734=EDGE_CURVE('',#601,#595,#494,.F.);
#735=EDGE_CURVE('',#602,#601,#495,.F.);
#736=EDGE_CURVE('',#595,#602,#496,.F.);
#737=EDGE_CURVE('',#603,#598,#497,.F.);
#738=EDGE_CURVE('',#604,#603,#498,.F.);
#739=EDGE_CURVE('',#598,#604,#499,.F.);
#740=EDGE_CURVE('',#605,#606,#500,.F.);
#741=EDGE_CURVE('',#607,#605,#501,.T.);
#742=EDGE_CURVE('',#607,#608,#502,.T.);
#743=EDGE_CURVE('',#606,#608,#503,.T.);
#744=EDGE_CURVE('',#609,#596,#504,.F.);
#745=EDGE_CURVE('',#610,#609,#505,.F.);
#746=EDGE_CURVE('',#596,#610,#506,.F.);
#747=EDGE_CURVE('',#611,#612,#507,.F.);
#748=EDGE_CURVE('',#613,#611,#508,.T.);
#749=EDGE_CURVE('',#613,#614,#509,.T.);
#750=EDGE_CURVE('',#612,#614,#510,.T.);
#751=EDGE_CURVE('',#615,#616,#511,.F.);
#752=EDGE_CURVE('',#617,#615,#512,.T.);
#753=EDGE_CURVE('',#617,#618,#513,.T.);
#754=EDGE_CURVE('',#616,#618,#514,.T.);
#755=EDGE_CURVE('',#608,#617,#303,.T.);
#756=EDGE_CURVE('',#615,#606,#304,.T.);
#757=EDGE_CURVE('',#619,#620,#515,.T.);
#758=EDGE_CURVE('',#621,#620,#516,.T.);
#759=EDGE_CURVE('',#622,#621,#517,.F.);
#760=EDGE_CURVE('',#619,#622,#518,.T.);
#761=EDGE_CURVE('',#620,#613,#305,.T.);
#762=EDGE_CURVE('',#611,#621,#306,.T.);
#763=EDGE_CURVE('',#609,#622,#307,.T.);
#764=EDGE_CURVE('',#621,#610,#308,.T.);
#765=EDGE_CURVE('',#618,#619,#309,.T.);
#766=EDGE_CURVE('',#622,#616,#310,.T.);
#767=EDGE_CURVE('',#603,#615,#311,.T.);
#768=EDGE_CURVE('',#616,#604,#312,.T.);
#769=EDGE_CURVE('',#614,#607,#313,.T.);
#770=EDGE_CURVE('',#605,#612,#314,.T.);
#771=EDGE_CURVE('',#601,#611,#315,.T.);
#772=EDGE_CURVE('',#612,#602,#316,.T.);
#773=EDGE_CURVE('',#610,#601,#317,.T.);
#774=EDGE_CURVE('',#604,#609,#318,.T.);
#775=EDGE_CURVE('',#599,#605,#319,.T.);
#776=EDGE_CURVE('',#606,#600,#320,.T.);
#777=EDGE_CURVE('',#600,#603,#321,.T.);
#778=EDGE_CURVE('',#602,#599,#322,.T.);
#779=EDGE_CURVE('',#623,#567,#323,.T.);
#780=EDGE_CURVE('',#623,#624,#324,.T.);
#781=EDGE_CURVE('',#569,#624,#325,.T.);
#782=EDGE_CURVE('',#575,#625,#326,.T.);
#783=EDGE_CURVE('',#625,#625,#519,.T.);
#784=EDGE_CURVE('',#625,#626,#327,.T.);
#785=EDGE_CURVE('',#626,#626,#520,.T.);
#786=EDGE_CURVE('',#586,#627,#328,.T.);
#787=EDGE_CURVE('',#627,#627,#521,.T.);
#788=EDGE_CURVE('',#627,#628,#329,.T.);
#789=EDGE_CURVE('',#628,#628,#522,.T.);
#790=EDGE_CURVE('',#576,#629,#330,.T.);
#791=EDGE_CURVE('',#629,#629,#523,.T.);
#792=EDGE_CURVE('',#629,#630,#331,.T.);
#793=EDGE_CURVE('',#630,#630,#524,.T.);
#794=EDGE_CURVE('',#585,#631,#332,.T.);
#795=EDGE_CURVE('',#631,#631,#525,.T.);
#796=EDGE_CURVE('',#631,#632,#333,.T.);
#797=EDGE_CURVE('',#632,#632,#526,.T.);
#798=EDGE_CURVE('',#568,#633,#334,.T.);
#799=EDGE_CURVE('',#633,#623,#527,.T.);
#800=EDGE_CURVE('',#624,#634,#528,.T.);
#801=EDGE_CURVE('',#634,#570,#335,.T.);
#802=EDGE_CURVE('',#635,#636,#529,.T.);
#803=EDGE_CURVE('',#636,#572,#336,.T.);
#804=EDGE_CURVE('',#571,#635,#337,.T.);
#805=EDGE_CURVE('',#636,#637,#338,.T.);
#806=EDGE_CURVE('',#573,#637,#339,.T.);
#807=EDGE_CURVE('',#633,#638,#340,.T.);
#808=EDGE_CURVE('',#637,#638,#530,.T.);
#809=EDGE_CURVE('',#634,#635,#341,.T.);
#810=EDGE_CURVE('',#638,#574,#342,.T.);
#811=EDGE_CURVE('',#639,#640,#531,.T.);
#812=EDGE_CURVE('',#639,#578,#343,.T.);
#813=EDGE_CURVE('',#577,#640,#344,.T.);
#814=EDGE_CURVE('',#641,#640,#345,.T.);
#815=EDGE_CURVE('',#641,#642,#532,.T.);
#816=EDGE_CURVE('',#643,#642,#346,.T.);
#817=EDGE_CURVE('',#643,#644,#533,.T.);
#818=EDGE_CURVE('',#645,#644,#347,.T.);
#819=EDGE_CURVE('',#645,#646,#534,.T.);
#820=EDGE_CURVE('',#639,#646,#348,.T.);
#821=EDGE_CURVE('',#641,#584,#349,.T.);
#822=EDGE_CURVE('',#645,#580,#350,.T.);
#823=EDGE_CURVE('',#579,#646,#351,.T.);
#824=EDGE_CURVE('',#581,#644,#352,.T.);
#825=EDGE_CURVE('',#643,#582,#353,.T.);
#826=EDGE_CURVE('',#583,#642,#354,.T.);
#827=ORIENTED_EDGE('',*,*,#647,.F.);
#828=ORIENTED_EDGE('',*,*,#648,.T.);
#829=ORIENTED_EDGE('',*,*,#649,.T.);
#830=ORIENTED_EDGE('',*,*,#648,.F.);
#831=ORIENTED_EDGE('',*,*,#649,.F.);
#832=ORIENTED_EDGE('',*,*,#650,.F.);
#833=ORIENTED_EDGE('',*,*,#651,.T.);
#834=ORIENTED_EDGE('',*,*,#652,.T.);
#835=ORIENTED_EDGE('',*,*,#651,.F.);
#836=ORIENTED_EDGE('',*,*,#652,.F.);
#837=ORIENTED_EDGE('',*,*,#653,.F.);
#838=ORIENTED_EDGE('',*,*,#654,.T.);
#839=ORIENTED_EDGE('',*,*,#655,.T.);
#840=ORIENTED_EDGE('',*,*,#654,.F.);
#841=ORIENTED_EDGE('',*,*,#655,.F.);
#842=ORIENTED_EDGE('',*,*,#656,.F.);
#843=ORIENTED_EDGE('',*,*,#657,.T.);
#844=ORIENTED_EDGE('',*,*,#658,.T.);
#845=ORIENTED_EDGE('',*,*,#657,.F.);
#846=ORIENTED_EDGE('',*,*,#658,.F.);
#847=ORIENTED_EDGE('',*,*,#659,.F.);
#848=ORIENTED_EDGE('',*,*,#660,.T.);
#849=ORIENTED_EDGE('',*,*,#661,.F.);
#850=ORIENTED_EDGE('',*,*,#660,.F.);
#851=ORIENTED_EDGE('',*,*,#659,.T.);
#852=ORIENTED_EDGE('',*,*,#650,.T.);
#853=ORIENTED_EDGE('',*,*,#662,.F.);
#854=ORIENTED_EDGE('',*,*,#663,.T.);
#855=ORIENTED_EDGE('',*,*,#664,.F.);
#856=ORIENTED_EDGE('',*,*,#663,.F.);
#857=ORIENTED_EDGE('',*,*,#662,.T.);
#858=ORIENTED_EDGE('',*,*,#653,.T.);
#859=ORIENTED_EDGE('',*,*,#665,.F.);
#860=ORIENTED_EDGE('',*,*,#666,.T.);
#861=ORIENTED_EDGE('',*,*,#667,.F.);
#862=ORIENTED_EDGE('',*,*,#666,.F.);
#863=ORIENTED_EDGE('',*,*,#665,.T.);
#864=ORIENTED_EDGE('',*,*,#656,.T.);
#865=ORIENTED_EDGE('',*,*,#668,.F.);
#866=ORIENTED_EDGE('',*,*,#669,.T.);
#867=ORIENTED_EDGE('',*,*,#670,.F.);
#868=ORIENTED_EDGE('',*,*,#669,.F.);
#869=ORIENTED_EDGE('',*,*,#668,.T.);
#870=ORIENTED_EDGE('',*,*,#647,.T.);
#871=ORIENTED_EDGE('',*,*,#671,.F.);
#872=ORIENTED_EDGE('',*,*,#672,.T.);
#873=ORIENTED_EDGE('',*,*,#673,.T.);
#874=ORIENTED_EDGE('',*,*,#674,.F.);
#875=ORIENTED_EDGE('',*,*,#675,.F.);
#876=ORIENTED_EDGE('',*,*,#676,.T.);
#877=ORIENTED_EDGE('',*,*,#677,.T.);
#878=ORIENTED_EDGE('',*,*,#672,.F.);
#879=ORIENTED_EDGE('',*,*,#678,.F.);
#880=ORIENTED_EDGE('',*,*,#679,.F.);
#881=ORIENTED_EDGE('',*,*,#680,.F.);
#882=ORIENTED_EDGE('',*,*,#681,.F.);
#883=ORIENTED_EDGE('',*,*,#682,.F.);
#884=ORIENTED_EDGE('',*,*,#683,.F.);
#885=ORIENTED_EDGE('',*,*,#684,.F.);
#886=ORIENTED_EDGE('',*,*,#685,.F.);
#887=ORIENTED_EDGE('',*,*,#686,.F.);
#888=ORIENTED_EDGE('',*,*,#687,.F.);
#889=ORIENTED_EDGE('',*,*,#688,.T.);
#890=ORIENTED_EDGE('',*,*,#676,.F.);
#891=ORIENTED_EDGE('',*,*,#689,.F.);
#892=ORIENTED_EDGE('',*,*,#673,.F.);
#893=ORIENTED_EDGE('',*,*,#677,.F.);
#894=ORIENTED_EDGE('',*,*,#688,.F.);
#895=ORIENTED_EDGE('',*,*,#690,.F.);
#896=ORIENTED_EDGE('',*,*,#691,.T.);
#897=ORIENTED_EDGE('',*,*,#692,.F.);
#898=ORIENTED_EDGE('',*,*,#693,.T.);
#899=ORIENTED_EDGE('',*,*,#694,.F.);
#900=ORIENTED_EDGE('',*,*,#695,.F.);
#901=ORIENTED_EDGE('',*,*,#696,.F.);
#902=ORIENTED_EDGE('',*,*,#697,.F.);
#903=ORIENTED_EDGE('',*,*,#698,.F.);
#904=ORIENTED_EDGE('',*,*,#699,.F.);
#905=ORIENTED_EDGE('',*,*,#686,.T.);
#906=ORIENTED_EDGE('',*,*,#675,.T.);
#907=ORIENTED_EDGE('',*,*,#671,.T.);
#908=ORIENTED_EDGE('',*,*,#700,.T.);
#909=ORIENTED_EDGE('',*,*,#701,.F.);
#910=ORIENTED_EDGE('',*,*,#702,.T.);
#911=ORIENTED_EDGE('',*,*,#703,.F.);
#912=ORIENTED_EDGE('',*,*,#704,.T.);
#913=ORIENTED_EDGE('',*,*,#705,.F.);
#914=ORIENTED_EDGE('',*,*,#706,.T.);
#915=ORIENTED_EDGE('',*,*,#707,.F.);
#916=ORIENTED_EDGE('',*,*,#708,.T.);
#917=ORIENTED_EDGE('',*,*,#709,.F.);
#918=ORIENTED_EDGE('',*,*,#710,.F.);
#919=ORIENTED_EDGE('',*,*,#682,.T.);
#920=ORIENTED_EDGE('',*,*,#711,.F.);
#921=ORIENTED_EDGE('',*,*,#712,.T.);
#922=ORIENTED_EDGE('',*,*,#713,.T.);
#923=ORIENTED_EDGE('',*,*,#681,.T.);
#924=ORIENTED_EDGE('',*,*,#714,.F.);
#925=ORIENTED_EDGE('',*,*,#715,.T.);
#926=ORIENTED_EDGE('',*,*,#711,.T.);
#927=ORIENTED_EDGE('',*,*,#680,.T.);
#928=ORIENTED_EDGE('',*,*,#716,.F.);
#929=ORIENTED_EDGE('',*,*,#717,.T.);
#930=ORIENTED_EDGE('',*,*,#714,.T.);
#931=ORIENTED_EDGE('',*,*,#679,.T.);
#932=ORIENTED_EDGE('',*,*,#718,.F.);
#933=ORIENTED_EDGE('',*,*,#719,.T.);
#934=ORIENTED_EDGE('',*,*,#716,.T.);
#935=ORIENTED_EDGE('',*,*,#678,.T.);
#936=ORIENTED_EDGE('',*,*,#720,.T.);
#937=ORIENTED_EDGE('',*,*,#721,.T.);
#938=ORIENTED_EDGE('',*,*,#718,.T.);
#939=ORIENTED_EDGE('',*,*,#683,.T.);
#940=ORIENTED_EDGE('',*,*,#713,.F.);
#941=ORIENTED_EDGE('',*,*,#722,.T.);
#942=ORIENTED_EDGE('',*,*,#723,.T.);
#943=ORIENTED_EDGE('',*,*,#684,.T.);
#944=ORIENTED_EDGE('',*,*,#723,.F.);
#945=ORIENTED_EDGE('',*,*,#724,.T.);
#946=ORIENTED_EDGE('',*,*,#725,.T.);
#947=ORIENTED_EDGE('',*,*,#685,.T.);
#948=ORIENTED_EDGE('',*,*,#725,.F.);
#949=ORIENTED_EDGE('',*,*,#726,.T.);
#950=ORIENTED_EDGE('',*,*,#720,.F.);
#951=ORIENTED_EDGE('',*,*,#727,.F.);
#952=ORIENTED_EDGE('',*,*,#728,.F.);
#953=ORIENTED_EDGE('',*,*,#729,.F.);
#954=ORIENTED_EDGE('',*,*,#730,.F.);
#955=ORIENTED_EDGE('',*,*,#721,.F.);
#956=ORIENTED_EDGE('',*,*,#726,.F.);
#957=ORIENTED_EDGE('',*,*,#724,.F.);
#958=ORIENTED_EDGE('',*,*,#722,.F.);
#959=ORIENTED_EDGE('',*,*,#712,.F.);
#960=ORIENTED_EDGE('',*,*,#715,.F.);
#961=ORIENTED_EDGE('',*,*,#717,.F.);
#962=ORIENTED_EDGE('',*,*,#719,.F.);
#963=ORIENTED_EDGE('',*,*,#731,.F.);
#964=ORIENTED_EDGE('',*,*,#732,.F.);
#965=ORIENTED_EDGE('',*,*,#733,.F.);
#966=ORIENTED_EDGE('',*,*,#734,.F.);
#967=ORIENTED_EDGE('',*,*,#735,.F.);
#968=ORIENTED_EDGE('',*,*,#736,.F.);
#969=ORIENTED_EDGE('',*,*,#737,.F.);
#970=ORIENTED_EDGE('',*,*,#738,.F.);
#971=ORIENTED_EDGE('',*,*,#739,.F.);
#972=ORIENTED_EDGE('',*,*,#740,.F.);
#973=ORIENTED_EDGE('',*,*,#741,.F.);
#974=ORIENTED_EDGE('',*,*,#742,.T.);
#975=ORIENTED_EDGE('',*,*,#743,.F.);
#976=ORIENTED_EDGE('',*,*,#744,.F.);
#977=ORIENTED_EDGE('',*,*,#745,.F.);
#978=ORIENTED_EDGE('',*,*,#746,.F.);
#979=ORIENTED_EDGE('',*,*,#747,.F.);
#980=ORIENTED_EDGE('',*,*,#748,.F.);
#981=ORIENTED_EDGE('',*,*,#749,.T.);
#982=ORIENTED_EDGE('',*,*,#750,.F.);
#983=ORIENTED_EDGE('',*,*,#751,.F.);
#984=ORIENTED_EDGE('',*,*,#752,.F.);
#985=ORIENTED_EDGE('',*,*,#753,.T.);
#986=ORIENTED_EDGE('',*,*,#754,.F.);
#987=ORIENTED_EDGE('',*,*,#743,.T.);
#988=ORIENTED_EDGE('',*,*,#755,.T.);
#989=ORIENTED_EDGE('',*,*,#752,.T.);
#990=ORIENTED_EDGE('',*,*,#756,.T.);
#991=ORIENTED_EDGE('',*,*,#757,.T.);
#992=ORIENTED_EDGE('',*,*,#758,.F.);
#993=ORIENTED_EDGE('',*,*,#759,.F.);
#994=ORIENTED_EDGE('',*,*,#760,.F.);
#995=ORIENTED_EDGE('',*,*,#758,.T.);
#996=ORIENTED_EDGE('',*,*,#761,.T.);
#997=ORIENTED_EDGE('',*,*,#748,.T.);
#998=ORIENTED_EDGE('',*,*,#762,.T.);
#999=ORIENTED_EDGE('',*,*,#745,.T.);
#1000=ORIENTED_EDGE('',*,*,#763,.T.);
#1001=ORIENTED_EDGE('',*,*,#759,.T.);
#1002=ORIENTED_EDGE('',*,*,#764,.T.);
#1003=ORIENTED_EDGE('',*,*,#754,.T.);
#1004=ORIENTED_EDGE('',*,*,#765,.T.);
#1005=ORIENTED_EDGE('',*,*,#760,.T.);
#1006=ORIENTED_EDGE('',*,*,#766,.T.);
#1007=ORIENTED_EDGE('',*,*,#738,.T.);
#1008=ORIENTED_EDGE('',*,*,#767,.T.);
#1009=ORIENTED_EDGE('',*,*,#751,.T.);
#1010=ORIENTED_EDGE('',*,*,#768,.T.);
#1011=ORIENTED_EDGE('',*,*,#750,.T.);
#1012=ORIENTED_EDGE('',*,*,#769,.T.);
#1013=ORIENTED_EDGE('',*,*,#741,.T.);
#1014=ORIENTED_EDGE('',*,*,#770,.T.);
#1015=ORIENTED_EDGE('',*,*,#735,.T.);
#1016=ORIENTED_EDGE('',*,*,#771,.T.);
#1017=ORIENTED_EDGE('',*,*,#747,.T.);
#1018=ORIENTED_EDGE('',*,*,#772,.T.);
#1019=ORIENTED_EDGE('',*,*,#746,.T.);
#1020=ORIENTED_EDGE('',*,*,#773,.T.);
#1021=ORIENTED_EDGE('',*,*,#734,.T.);
#1022=ORIENTED_EDGE('',*,*,#727,.T.);
#1023=ORIENTED_EDGE('',*,*,#739,.T.);
#1024=ORIENTED_EDGE('',*,*,#774,.T.);
#1025=ORIENTED_EDGE('',*,*,#744,.T.);
#1026=ORIENTED_EDGE('',*,*,#730,.T.);
#1027=ORIENTED_EDGE('',*,*,#732,.T.);
#1028=ORIENTED_EDGE('',*,*,#775,.T.);
#1029=ORIENTED_EDGE('',*,*,#740,.T.);
#1030=ORIENTED_EDGE('',*,*,#776,.T.);
#1031=ORIENTED_EDGE('',*,*,#733,.T.);
#1032=ORIENTED_EDGE('',*,*,#777,.T.);
#1033=ORIENTED_EDGE('',*,*,#737,.T.);
#1034=ORIENTED_EDGE('',*,*,#729,.T.);
#1035=ORIENTED_EDGE('',*,*,#736,.T.);
#1036=ORIENTED_EDGE('',*,*,#778,.T.);
#1037=ORIENTED_EDGE('',*,*,#731,.T.);
#1038=ORIENTED_EDGE('',*,*,#728,.T.);
#1039=ORIENTED_EDGE('',*,*,#756,.F.);
#1040=ORIENTED_EDGE('',*,*,#767,.F.);
#1041=ORIENTED_EDGE('',*,*,#777,.F.);
#1042=ORIENTED_EDGE('',*,*,#776,.F.);
#1043=ORIENTED_EDGE('',*,*,#779,.F.);
#1044=ORIENTED_EDGE('',*,*,#780,.T.);
#1045=ORIENTED_EDGE('',*,*,#781,.F.);
#1046=ORIENTED_EDGE('',*,*,#691,.F.);
#1047=ORIENTED_EDGE('',*,*,#757,.F.);
#1048=ORIENTED_EDGE('',*,*,#765,.F.);
#1049=ORIENTED_EDGE('',*,*,#753,.F.);
#1050=ORIENTED_EDGE('',*,*,#755,.F.);
#1051=ORIENTED_EDGE('',*,*,#742,.F.);
#1052=ORIENTED_EDGE('',*,*,#769,.F.);
#1053=ORIENTED_EDGE('',*,*,#749,.F.);
#1054=ORIENTED_EDGE('',*,*,#761,.F.);
#1055=ORIENTED_EDGE('',*,*,#762,.F.);
#1056=ORIENTED_EDGE('',*,*,#771,.F.);
#1057=ORIENTED_EDGE('',*,*,#773,.F.);
#1058=ORIENTED_EDGE('',*,*,#764,.F.);
#1059=ORIENTED_EDGE('',*,*,#763,.F.);
#1060=ORIENTED_EDGE('',*,*,#774,.F.);
#1061=ORIENTED_EDGE('',*,*,#768,.F.);
#1062=ORIENTED_EDGE('',*,*,#766,.F.);
#1063=ORIENTED_EDGE('',*,*,#770,.F.);
#1064=ORIENTED_EDGE('',*,*,#775,.F.);
#1065=ORIENTED_EDGE('',*,*,#778,.F.);
#1066=ORIENTED_EDGE('',*,*,#772,.F.);
#1067=ORIENTED_EDGE('',*,*,#698,.T.);
#1068=ORIENTED_EDGE('',*,*,#782,.T.);
#1069=ORIENTED_EDGE('',*,*,#783,.T.);
#1070=ORIENTED_EDGE('',*,*,#782,.F.);
#1071=ORIENTED_EDGE('',*,*,#783,.F.);
#1072=ORIENTED_EDGE('',*,*,#784,.T.);
#1073=ORIENTED_EDGE('',*,*,#785,.T.);
#1074=ORIENTED_EDGE('',*,*,#784,.F.);
#1075=ORIENTED_EDGE('',*,*,#710,.T.);
#1076=ORIENTED_EDGE('',*,*,#786,.T.);
#1077=ORIENTED_EDGE('',*,*,#787,.T.);
#1078=ORIENTED_EDGE('',*,*,#786,.F.);
#1079=ORIENTED_EDGE('',*,*,#787,.F.);
#1080=ORIENTED_EDGE('',*,*,#788,.T.);
#1081=ORIENTED_EDGE('',*,*,#789,.T.);
#1082=ORIENTED_EDGE('',*,*,#788,.F.);
#1083=ORIENTED_EDGE('',*,*,#699,.T.);
#1084=ORIENTED_EDGE('',*,*,#790,.T.);
#1085=ORIENTED_EDGE('',*,*,#791,.T.);
#1086=ORIENTED_EDGE('',*,*,#790,.F.);
#1087=ORIENTED_EDGE('',*,*,#791,.F.);
#1088=ORIENTED_EDGE('',*,*,#792,.T.);
#1089=ORIENTED_EDGE('',*,*,#793,.T.);
#1090=ORIENTED_EDGE('',*,*,#792,.F.);
#1091=ORIENTED_EDGE('',*,*,#709,.T.);
#1092=ORIENTED_EDGE('',*,*,#794,.T.);
#1093=ORIENTED_EDGE('',*,*,#795,.T.);
#1094=ORIENTED_EDGE('',*,*,#794,.F.);
#1095=ORIENTED_EDGE('',*,*,#795,.F.);
#1096=ORIENTED_EDGE('',*,*,#796,.T.);
#1097=ORIENTED_EDGE('',*,*,#797,.T.);
#1098=ORIENTED_EDGE('',*,*,#796,.F.);
#1099=ORIENTED_EDGE('',*,*,#690,.T.);
#1100=ORIENTED_EDGE('',*,*,#798,.T.);
#1101=ORIENTED_EDGE('',*,*,#799,.T.);
#1102=ORIENTED_EDGE('',*,*,#779,.T.);
#1103=ORIENTED_EDGE('',*,*,#692,.T.);
#1104=ORIENTED_EDGE('',*,*,#781,.T.);
#1105=ORIENTED_EDGE('',*,*,#800,.T.);
#1106=ORIENTED_EDGE('',*,*,#801,.T.);
#1107=ORIENTED_EDGE('',*,*,#802,.T.);
#1108=ORIENTED_EDGE('',*,*,#803,.T.);
#1109=ORIENTED_EDGE('',*,*,#694,.T.);
#1110=ORIENTED_EDGE('',*,*,#804,.T.);
#1111=ORIENTED_EDGE('',*,*,#803,.F.);
#1112=ORIENTED_EDGE('',*,*,#805,.T.);
#1113=ORIENTED_EDGE('',*,*,#806,.F.);
#1114=ORIENTED_EDGE('',*,*,#695,.T.);
#1115=ORIENTED_EDGE('',*,*,#799,.F.);
#1116=ORIENTED_EDGE('',*,*,#807,.T.);
#1117=ORIENTED_EDGE('',*,*,#808,.F.);
#1118=ORIENTED_EDGE('',*,*,#805,.F.);
#1119=ORIENTED_EDGE('',*,*,#802,.F.);
#1120=ORIENTED_EDGE('',*,*,#809,.F.);
#1121=ORIENTED_EDGE('',*,*,#800,.F.);
#1122=ORIENTED_EDGE('',*,*,#780,.F.);
#1123=ORIENTED_EDGE('',*,*,#696,.T.);
#1124=ORIENTED_EDGE('',*,*,#806,.T.);
#1125=ORIENTED_EDGE('',*,*,#808,.T.);
#1126=ORIENTED_EDGE('',*,*,#810,.T.);
#1127=ORIENTED_EDGE('',*,*,#793,.F.);
#1128=ORIENTED_EDGE('',*,*,#797,.F.);
#1129=ORIENTED_EDGE('',*,*,#789,.F.);
#1130=ORIENTED_EDGE('',*,*,#785,.F.);
#1131=ORIENTED_EDGE('',*,*,#811,.F.);
#1132=ORIENTED_EDGE('',*,*,#812,.T.);
#1133=ORIENTED_EDGE('',*,*,#701,.T.);
#1134=ORIENTED_EDGE('',*,*,#813,.T.);
#1135=ORIENTED_EDGE('',*,*,#811,.T.);
#1136=ORIENTED_EDGE('',*,*,#814,.F.);
#1137=ORIENTED_EDGE('',*,*,#815,.T.);
#1138=ORIENTED_EDGE('',*,*,#816,.F.);
#1139=ORIENTED_EDGE('',*,*,#817,.T.);
#1140=ORIENTED_EDGE('',*,*,#818,.F.);
#1141=ORIENTED_EDGE('',*,*,#819,.T.);
#1142=ORIENTED_EDGE('',*,*,#820,.F.);
#1143=ORIENTED_EDGE('',*,*,#661,.T.);
#1144=ORIENTED_EDGE('',*,*,#664,.T.);
#1145=ORIENTED_EDGE('',*,*,#667,.T.);
#1146=ORIENTED_EDGE('',*,*,#670,.T.);
#1147=ORIENTED_EDGE('',*,*,#687,.T.);
#1148=ORIENTED_EDGE('',*,*,#708,.F.);
#1149=ORIENTED_EDGE('',*,*,#821,.F.);
#1150=ORIENTED_EDGE('',*,*,#814,.T.);
#1151=ORIENTED_EDGE('',*,*,#813,.F.);
#1152=ORIENTED_EDGE('',*,*,#700,.F.);
#1153=ORIENTED_EDGE('',*,*,#674,.T.);
#1154=ORIENTED_EDGE('',*,*,#689,.T.);
#1155=ORIENTED_EDGE('',*,*,#819,.F.);
#1156=ORIENTED_EDGE('',*,*,#822,.T.);
#1157=ORIENTED_EDGE('',*,*,#703,.T.);
#1158=ORIENTED_EDGE('',*,*,#823,.T.);
#1159=ORIENTED_EDGE('',*,*,#822,.F.);
#1160=ORIENTED_EDGE('',*,*,#818,.T.);
#1161=ORIENTED_EDGE('',*,*,#824,.F.);
#1162=ORIENTED_EDGE('',*,*,#704,.F.);
#1163=ORIENTED_EDGE('',*,*,#817,.F.);
#1164=ORIENTED_EDGE('',*,*,#825,.T.);
#1165=ORIENTED_EDGE('',*,*,#705,.T.);
#1166=ORIENTED_EDGE('',*,*,#824,.T.);
#1167=ORIENTED_EDGE('',*,*,#825,.F.);
#1168=ORIENTED_EDGE('',*,*,#816,.T.);
#1169=ORIENTED_EDGE('',*,*,#826,.F.);
#1170=ORIENTED_EDGE('',*,*,#706,.F.);
#1171=ORIENTED_EDGE('',*,*,#815,.F.);
#1172=ORIENTED_EDGE('',*,*,#821,.T.);
#1173=ORIENTED_EDGE('',*,*,#707,.T.);
#1174=ORIENTED_EDGE('',*,*,#826,.T.);
#1175=ORIENTED_EDGE('',*,*,#812,.F.);
#1176=ORIENTED_EDGE('',*,*,#820,.T.);
#1177=ORIENTED_EDGE('',*,*,#823,.F.);
#1178=ORIENTED_EDGE('',*,*,#702,.F.);
#1179=ORIENTED_EDGE('',*,*,#798,.F.);
#1180=ORIENTED_EDGE('',*,*,#697,.T.);
#1181=ORIENTED_EDGE('',*,*,#810,.F.);
#1182=ORIENTED_EDGE('',*,*,#807,.F.);
#1183=ORIENTED_EDGE('',*,*,#801,.F.);
#1184=ORIENTED_EDGE('',*,*,#809,.T.);
#1185=ORIENTED_EDGE('',*,*,#804,.F.);
#1186=ORIENTED_EDGE('',*,*,#693,.F.);
#1187=CYLINDRICAL_SURFACE('',#1321,1.08746200000004);
#1188=CYLINDRICAL_SURFACE('',#1325,1.08746200000004);
#1189=CYLINDRICAL_SURFACE('',#1329,1.08746200000004);
#1190=CYLINDRICAL_SURFACE('',#1333,1.08746200000004);
#1191=CYLINDRICAL_SURFACE('',#1337,3.);
#1192=CYLINDRICAL_SURFACE('',#1341,3.);
#1193=CYLINDRICAL_SURFACE('',#1345,2.99999999999999);
#1194=CYLINDRICAL_SURFACE('',#1349,3.00000000000001);
#1195=CYLINDRICAL_SURFACE('',#1378,0.5);
#1196=CYLINDRICAL_SURFACE('',#1383,0.5);
#1197=CYLINDRICAL_SURFACE('',#1388,0.5);
#1198=CYLINDRICAL_SURFACE('',#1393,0.5);
#1199=CYLINDRICAL_SURFACE('',#1426,0.5);
#1200=CYLINDRICAL_SURFACE('',#1432,0.5);
#1201=CYLINDRICAL_SURFACE('',#1433,0.5);
#1202=CYLINDRICAL_SURFACE('',#1434,0.5);
#1203=CYLINDRICAL_SURFACE('',#1435,0.5);
#1204=CYLINDRICAL_SURFACE('',#1436,0.5);
#1205=CYLINDRICAL_SURFACE('',#1437,0.5);
#1206=CYLINDRICAL_SURFACE('',#1438,0.5);
#1207=CYLINDRICAL_SURFACE('',#1439,0.5);
#1208=CYLINDRICAL_SURFACE('',#1440,0.5);
#1209=CYLINDRICAL_SURFACE('',#1441,0.5);
#1210=CYLINDRICAL_SURFACE('',#1442,0.5);
#1211=CYLINDRICAL_SURFACE('',#1450,1.75000000000001);
#1212=CYLINDRICAL_SURFACE('',#1454,1.75);
#1213=CYLINDRICAL_SURFACE('',#1458,1.74999999999999);
#1214=CYLINDRICAL_SURFACE('',#1462,1.75000000000001);
#1215=CYLINDRICAL_SURFACE('',#1464,5.);
#1216=CYLINDRICAL_SURFACE('',#1466,5.);
#1217=CYLINDRICAL_SURFACE('',#1468,5.);
#1218=CYLINDRICAL_SURFACE('',#1473,5.);
#1219=CYLINDRICAL_SURFACE('',#1478,0.5);
#1220=CYLINDRICAL_SURFACE('',#1485,0.5);
#1221=CYLINDRICAL_SURFACE('',#1487,0.5);
#1222=CYLINDRICAL_SURFACE('',#1489,0.5);
#1223=ADVANCED_FACE('',(#79),#1187,.F.);
#1224=ADVANCED_FACE('',(#80),#47,.T.);
#1225=ADVANCED_FACE('',(#81),#1188,.F.);
#1226=ADVANCED_FACE('',(#82),#48,.T.);
#1227=ADVANCED_FACE('',(#83),#1189,.F.);
#1228=ADVANCED_FACE('',(#84),#49,.T.);
#1229=ADVANCED_FACE('',(#85),#1190,.F.);
#1230=ADVANCED_FACE('',(#86),#50,.T.);
#1231=ADVANCED_FACE('',(#87),#1191,.T.);
#1232=ADVANCED_FACE('',(#88,#31),#51,.T.);
#1233=ADVANCED_FACE('',(#89),#1192,.T.);
#1234=ADVANCED_FACE('',(#90,#32),#52,.T.);
#1235=ADVANCED_FACE('',(#91),#1193,.T.);
#1236=ADVANCED_FACE('',(#92,#33),#53,.T.);
#1237=ADVANCED_FACE('',(#93),#1194,.T.);
#1238=ADVANCED_FACE('',(#94,#34),#54,.T.);
#1239=ADVANCED_FACE('',(#95),#55,.F.);
#1240=ADVANCED_FACE('',(#96,#35),#56,.F.);
#1241=ADVANCED_FACE('',(#97),#57,.F.);
#1242=ADVANCED_FACE('',(#98),#58,.F.);
#1243=ADVANCED_FACE('',(#99,#36,#37,#38,#39,#40),#59,.T.);
#1244=ADVANCED_FACE('',(#100),#23,.T.);
#1245=ADVANCED_FACE('',(#101),#1195,.T.);
#1246=ADVANCED_FACE('',(#102),#24,.T.);
#1247=ADVANCED_FACE('',(#103),#1196,.T.);
#1248=ADVANCED_FACE('',(#104),#25,.T.);
#1249=ADVANCED_FACE('',(#105),#1197,.T.);
#1250=ADVANCED_FACE('',(#106),#26,.T.);
#1251=ADVANCED_FACE('',(#107),#1198,.T.);
#1252=ADVANCED_FACE('',(#108,#41),#60,.T.);
#1253=ADVANCED_FACE('',(#109),#19,.F.);
#1254=ADVANCED_FACE('',(#110),#20,.F.);
#1255=ADVANCED_FACE('',(#111),#21,.F.);
#1256=ADVANCED_FACE('',(#112),#27,.T.);
#1257=ADVANCED_FACE('',(#113),#22,.F.);
#1258=ADVANCED_FACE('',(#114),#28,.T.);
#1259=ADVANCED_FACE('',(#115),#29,.T.);
#1260=ADVANCED_FACE('',(#116),#1199,.T.);
#1261=ADVANCED_FACE('',(#117),#30,.T.);
#1262=ADVANCED_FACE('',(#118),#1200,.T.);
#1263=ADVANCED_FACE('',(#119),#1201,.F.);
#1264=ADVANCED_FACE('',(#120),#1202,.T.);
#1265=ADVANCED_FACE('',(#121),#1203,.F.);
#1266=ADVANCED_FACE('',(#122),#1204,.T.);
#1267=ADVANCED_FACE('',(#123),#1205,.F.);
#1268=ADVANCED_FACE('',(#124),#1206,.F.);
#1269=ADVANCED_FACE('',(#125),#1207,.F.);
#1270=ADVANCED_FACE('',(#126),#1208,.F.);
#1271=ADVANCED_FACE('',(#127),#1209,.F.);
#1272=ADVANCED_FACE('',(#128),#1210,.F.);
#1273=ADVANCED_FACE('',(#129),#61,.F.);
#1274=ADVANCED_FACE('',(#130,#42),#62,.T.);
#1275=ADVANCED_FACE('',(#131),#63,.F.);
#1276=ADVANCED_FACE('',(#132),#64,.F.);
#1277=ADVANCED_FACE('',(#133),#65,.F.);
#1278=ADVANCED_FACE('',(#134),#15,.F.);
#1279=ADVANCED_FACE('',(#135),#1211,.F.);
#1280=ADVANCED_FACE('',(#136),#16,.F.);
#1281=ADVANCED_FACE('',(#137),#1212,.F.);
#1282=ADVANCED_FACE('',(#138),#17,.F.);
#1283=ADVANCED_FACE('',(#139),#1213,.F.);
#1284=ADVANCED_FACE('',(#140),#18,.F.);
#1285=ADVANCED_FACE('',(#141),#1214,.F.);
#1286=ADVANCED_FACE('',(#142),#1215,.T.);
#1287=ADVANCED_FACE('',(#143),#1216,.T.);
#1288=ADVANCED_FACE('',(#144),#1217,.T.);
#1289=ADVANCED_FACE('',(#145),#66,.T.);
#1290=ADVANCED_FACE('',(#146),#67,.F.);
#1291=ADVANCED_FACE('',(#147),#1218,.T.);
#1292=ADVANCED_FACE('',(#148),#68,.T.);
#1293=ADVANCED_FACE('',(#149),#69,.T.);
#1294=ADVANCED_FACE('',(#150),#70,.T.);
#1295=ADVANCED_FACE('',(#151),#71,.T.);
#1296=ADVANCED_FACE('',(#152),#1219,.F.);
#1297=ADVANCED_FACE('',(#153,#43,#44,#45,#46),#72,.T.);
#1298=ADVANCED_FACE('',(#154),#73,.T.);
#1299=ADVANCED_FACE('',(#155),#1220,.F.);
#1300=ADVANCED_FACE('',(#156),#74,.T.);
#1301=ADVANCED_FACE('',(#157),#1221,.F.);
#1302=ADVANCED_FACE('',(#158),#75,.T.);
#1303=ADVANCED_FACE('',(#159),#1222,.F.);
#1304=ADVANCED_FACE('',(#160),#76,.T.);
#1305=ADVANCED_FACE('',(#161),#77,.T.);
#1306=ADVANCED_FACE('',(#162),#78,.T.);
#1307=CLOSED_SHELL('',(#1223,#1224,#1225,#1226,#1227,#1228,#1229,#1230,
#1231,#1232,#1233,#1234,#1235,#1236,#1237,#1238,#1239,#1240,#1241,#1242,
#1243,#1244,#1245,#1246,#1247,#1248,#1249,#1250,#1251,#1252,#1253,#1254,
#1255,#1256,#1257,#1258,#1259,#1260,#1261,#1262,#1263,#1264,#1265,#1266,
#1267,#1268,#1269,#1270,#1271,#1272,#1273,#1274,#1275,#1276,#1277,#1278,
#1279,#1280,#1281,#1282,#1283,#1284,#1285,#1286,#1287,#1288,#1289,#1290,
#1291,#1292,#1293,#1294,#1295,#1296,#1297,#1298,#1299,#1300,#1301,#1302,
#1303,#1304,#1305,#1306));
#1308=DERIVED_UNIT_ELEMENT(#1310,1.);
#1309=DERIVED_UNIT_ELEMENT(#2313,-3.);
#1310=(
MASS_UNIT()
NAMED_UNIT(*)
SI_UNIT(.KILO.,.GRAM.)
);
#1311=DERIVED_UNIT((#1308,#1309));
#1312=MEASURE_REPRESENTATION_ITEM('density measure',
POSITIVE_RATIO_MEASURE(7850.),#1311);
#1313=PROPERTY_DEFINITION_REPRESENTATION(#1318,#1315);
#1314=PROPERTY_DEFINITION_REPRESENTATION(#1319,#1316);
#1315=REPRESENTATION('material name',(#1317),#2310);
#1316=REPRESENTATION('density',(#1312),#2310);
#1317=DESCRIPTIVE_REPRESENTATION_ITEM('Steel','Steel');
#1318=PROPERTY_DEFINITION('material property','material name',#2320);
#1319=PROPERTY_DEFINITION('material property','density of part',#2320);
#1320=AXIS2_PLACEMENT_3D('',#1931,#1493,#1494);
#1321=AXIS2_PLACEMENT_3D('',#1932,#1495,#1496);
#1322=AXIS2_PLACEMENT_3D('',#1934,#1497,#1498);
#1323=AXIS2_PLACEMENT_3D('',#1937,#1500,#1501);
#1324=AXIS2_PLACEMENT_3D('',#1938,#1502,#1503);
#1325=AXIS2_PLACEMENT_3D('',#1939,#1504,#1505);
#1326=AXIS2_PLACEMENT_3D('',#1941,#1506,#1507);
#1327=AXIS2_PLACEMENT_3D('',#1944,#1509,#1510);
#1328=AXIS2_PLACEMENT_3D('',#1945,#1511,#1512);
#1329=AXIS2_PLACEMENT_3D('',#1946,#1513,#1514);
#1330=AXIS2_PLACEMENT_3D('',#1948,#1515,#1516);
#1331=AXIS2_PLACEMENT_3D('',#1951,#1518,#1519);
#1332=AXIS2_PLACEMENT_3D('',#1952,#1520,#1521);
#1333=AXIS2_PLACEMENT_3D('',#1953,#1522,#1523);
#1334=AXIS2_PLACEMENT_3D('',#1955,#1524,#1525);
#1335=AXIS2_PLACEMENT_3D('',#1958,#1527,#1528);
#1336=AXIS2_PLACEMENT_3D('',#1959,#1529,#1530);
#1337=AXIS2_PLACEMENT_3D('',#1960,#1531,#1532);
#1338=AXIS2_PLACEMENT_3D('',#1962,#1533,#1534);
#1339=AXIS2_PLACEMENT_3D('',#1965,#1536,#1537);
#1340=AXIS2_PLACEMENT_3D('',#1966,#1538,#1539);
#1341=AXIS2_PLACEMENT_3D('',#1967,#1540,#1541);
#1342=AXIS2_PLACEMENT_3D('',#1969,#1542,#1543);
#1343=AXIS2_PLACEMENT_3D('',#1972,#1545,#1546);
#1344=AXIS2_PLACEMENT_3D('',#1973,#1547,#1548);
#1345=AXIS2_PLACEMENT_3D('',#1974,#1549,#1550);
#1346=AXIS2_PLACEMENT_3D('',#1976,#1551,#1552);
#1347=AXIS2_PLACEMENT_3D('',#1979,#1554,#1555);
#1348=AXIS2_PLACEMENT_3D('',#1980,#1556,#1557);
#1349=AXIS2_PLACEMENT_3D('',#1981,#1558,#1559);
#1350=AXIS2_PLACEMENT_3D('',#1983,#1560,#1561);
#1351=AXIS2_PLACEMENT_3D('',#1986,#1563,#1564);
#1352=AXIS2_PLACEMENT_3D('',#1987,#1565,#1566);
#1353=AXIS2_PLACEMENT_3D('',#1988,#1567,#1568);
#1354=AXIS2_PLACEMENT_3D('',#1997,#1573,#1574);
#1355=AXIS2_PLACEMENT_3D('',#2005,#1578,#1579);
#1356=AXIS2_PLACEMENT_3D('',#2009,#1581,#1582);
#1357=AXIS2_PLACEMENT_3D('',#2013,#1584,#1585);
#1358=AXIS2_PLACEMENT_3D('',#2017,#1587,#1588);
#1359=AXIS2_PLACEMENT_3D('',#2019,#1590,#1591);
#1360=AXIS2_PLACEMENT_3D('',#2025,#1595,#1596);
#1361=AXIS2_PLACEMENT_3D('',#2027,#1598,#1599);
#1362=AXIS2_PLACEMENT_3D('',#2030,#1600,#1601);
#1363=AXIS2_PLACEMENT_3D('',#2034,#1603,#1604);
#1364=AXIS2_PLACEMENT_3D('',#2038,#1606,#1607);
#1365=AXIS2_PLACEMENT_3D('',#2042,#1609,#1610);
#1366=AXIS2_PLACEMENT_3D('',#2045,#1612,#1613);
#1367=AXIS2_PLACEMENT_3D('',#2047,#1614,#1615);
#1368=AXIS2_PLACEMENT_3D('',#2051,#1617,#1618);
#1369=AXIS2_PLACEMENT_3D('',#2055,#1620,#1621);
#1370=AXIS2_PLACEMENT_3D('',#2059,#1623,#1624);
#1371=AXIS2_PLACEMENT_3D('',#2063,#1626,#1627);
#1372=AXIS2_PLACEMENT_3D('',#2066,#1629,#1630);
#1373=AXIS2_PLACEMENT_3D('',#2068,#1631,#1632);
#1374=AXIS2_PLACEMENT_3D('',#2069,#1633,#1634);
#1375=AXIS2_PLACEMENT_3D('',#2071,#1635,#1636);
#1376=AXIS2_PLACEMENT_3D('',#2073,#1637,#1638);
#1377=AXIS2_PLACEMENT_3D('',#2074,#1639,#1640);
#1378=AXIS2_PLACEMENT_3D('',#2075,#1641,#1642);
#1379=AXIS2_PLACEMENT_3D('',#2077,#1643,#1644);
#1380=AXIS2_PLACEMENT_3D('',#2079,#1646,#1647);
#1381=AXIS2_PLACEMENT_3D('',#2081,#1648,#1649);
#1382=AXIS2_PLACEMENT_3D('',#2082,#1650,#1651);
#1383=AXIS2_PLACEMENT_3D('',#2083,#1652,#1653);
#1384=AXIS2_PLACEMENT_3D('',#2085,#1654,#1655);
#1385=AXIS2_PLACEMENT_3D('',#2087,#1657,#1658);
#1386=AXIS2_PLACEMENT_3D('',#2089,#1659,#1660);
#1387=AXIS2_PLACEMENT_3D('',#2090,#1661,#1662);
#1388=AXIS2_PLACEMENT_3D('',#2091,#1663,#1664);
#1389=AXIS2_PLACEMENT_3D('',#2094,#1666,#1667);
#1390=AXIS2_PLACEMENT_3D('',#2095,#1668,#1669);
#1391=AXIS2_PLACEMENT_3D('',#2097,#1670,#1671);
#1392=AXIS2_PLACEMENT_3D('',#2098,#1672,#1673);
#1393=AXIS2_PLACEMENT_3D('',#2099,#1674,#1675);
#1394=AXIS2_PLACEMENT_3D('',#2101,#1677,#1678);
#1395=AXIS2_PLACEMENT_3D('',#2110,#1683,#1684);
#1396=AXIS2_PLACEMENT_3D('',#2112,#1685,#1686);
#1397=AXIS2_PLACEMENT_3D('',#2114,#1687,#1688);
#1398=AXIS2_PLACEMENT_3D('',#2115,#1689,#1690);
#1399=AXIS2_PLACEMENT_3D('',#2116,#1691,#1692);
#1400=AXIS2_PLACEMENT_3D('',#2118,#1693,#1694);
#1401=AXIS2_PLACEMENT_3D('',#2120,#1695,#1696);
#1402=AXIS2_PLACEMENT_3D('',#2121,#1697,#1698);
#1403=AXIS2_PLACEMENT_3D('',#2122,#1699,#1700);
#1404=AXIS2_PLACEMENT_3D('',#2124,#1701,#1702);
#1405=AXIS2_PLACEMENT_3D('',#2126,#1703,#1704);
#1406=AXIS2_PLACEMENT_3D('',#2127,#1705,#1706);
#1407=AXIS2_PLACEMENT_3D('',#2128,#1707,#1708);
#1408=AXIS2_PLACEMENT_3D('',#2131,#1709,#1710);
#1409=AXIS2_PLACEMENT_3D('',#2133,#1711,#1712);
#1410=AXIS2_PLACEMENT_3D('',#2135,#1713,#1714);
#1411=AXIS2_PLACEMENT_3D('',#2136,#1715,#1716);
#1412=AXIS2_PLACEMENT_3D('',#2137,#1717,#1718);
#1413=AXIS2_PLACEMENT_3D('',#2139,#1719,#1720);
#1414=AXIS2_PLACEMENT_3D('',#2141,#1721,#1722);
#1415=AXIS2_PLACEMENT_3D('',#2142,#1723,#1724);
#1416=AXIS2_PLACEMENT_3D('',#2143,#1725,#1726);
#1417=AXIS2_PLACEMENT_3D('',#2146,#1727,#1728);
#1418=AXIS2_PLACEMENT_3D('',#2148,#1729,#1730);
#1419=AXIS2_PLACEMENT_3D('',#2150,#1731,#1732);
#1420=AXIS2_PLACEMENT_3D('',#2151,#1733,#1734);
#1421=AXIS2_PLACEMENT_3D('',#2152,#1735,#1736);
#1422=AXIS2_PLACEMENT_3D('',#2155,#1737,#1738);
#1423=AXIS2_PLACEMENT_3D('',#2157,#1739,#1740);
#1424=AXIS2_PLACEMENT_3D('',#2159,#1741,#1742);
#1425=AXIS2_PLACEMENT_3D('',#2160,#1743,#1744);
#1426=AXIS2_PLACEMENT_3D('',#2161,#1745,#1746);
#1427=AXIS2_PLACEMENT_3D('',#2164,#1749,#1750);
#1428=AXIS2_PLACEMENT_3D('',#2167,#1751,#1752);
#1429=AXIS2_PLACEMENT_3D('',#2169,#1753,#1754);
#1430=AXIS2_PLACEMENT_3D('',#2171,#1755,#1756);
#1431=AXIS2_PLACEMENT_3D('',#2172,#1757,#1758);
#1432=AXIS2_PLACEMENT_3D('',#2173,#1759,#1760);
#1433=AXIS2_PLACEMENT_3D('',#2176,#1763,#1764);
#1434=AXIS2_PLACEMENT_3D('',#2179,#1767,#1768);
#1435=AXIS2_PLACEMENT_3D('',#2182,#1771,#1772);
#1436=AXIS2_PLACEMENT_3D('',#2185,#1775,#1776);
#1437=AXIS2_PLACEMENT_3D('',#2188,#1779,#1780);
#1438=AXIS2_PLACEMENT_3D('',#2191,#1783,#1784);
#1439=AXIS2_PLACEMENT_3D('',#2193,#1786,#1787);
#1440=AXIS2_PLACEMENT_3D('',#2195,#1789,#1790);
#1441=AXIS2_PLACEMENT_3D('',#2198,#1793,#1794);
#1442=AXIS2_PLACEMENT_3D('',#2200,#1796,#1797);
#1443=AXIS2_PLACEMENT_3D('',#2202,#1799,#1800);
#1444=AXIS2_PLACEMENT_3D('',#2203,#1801,#1802);
#1445=AXIS2_PLACEMENT_3D('',#2209,#1806,#1807);
#1446=AXIS2_PLACEMENT_3D('',#2210,#1808,#1809);
#1447=AXIS2_PLACEMENT_3D('',#2211,#1810,#1811);
#1448=AXIS2_PLACEMENT_3D('',#2212,#1812,#1813);
#1449=AXIS2_PLACEMENT_3D('',#2215,#1815,#1816);
#1450=AXIS2_PLACEMENT_3D('',#2216,#1817,#1818);
#1451=AXIS2_PLACEMENT_3D('',#2219,#1820,#1821);
#1452=AXIS2_PLACEMENT_3D('',#2220,#1822,#1823);
#1453=AXIS2_PLACEMENT_3D('',#2223,#1825,#1826);
#1454=AXIS2_PLACEMENT_3D('',#2224,#1827,#1828);
#1455=AXIS2_PLACEMENT_3D('',#2227,#1830,#1831);
#1456=AXIS2_PLACEMENT_3D('',#2228,#1832,#1833);
#1457=AXIS2_PLACEMENT_3D('',#2231,#1835,#1836);
#1458=AXIS2_PLACEMENT_3D('',#2232,#1837,#1838);
#1459=AXIS2_PLACEMENT_3D('',#2235,#1840,#1841);
#1460=AXIS2_PLACEMENT_3D('',#2236,#1842,#1843);
#1461=AXIS2_PLACEMENT_3D('',#2239,#1845,#1846);
#1462=AXIS2_PLACEMENT_3D('',#2240,#1847,#1848);
#1463=AXIS2_PLACEMENT_3D('',#2243,#1850,#1851);
#1464=AXIS2_PLACEMENT_3D('',#2244,#1852,#1853);
#1465=AXIS2_PLACEMENT_3D('',#2247,#1855,#1856);
#1466=AXIS2_PLACEMENT_3D('',#2248,#1857,#1858);
#1467=AXIS2_PLACEMENT_3D('',#2250,#1859,#1860);
#1468=AXIS2_PLACEMENT_3D('',#2252,#1862,#1863);
#1469=AXIS2_PLACEMENT_3D('',#2255,#1864,#1865);
#1470=AXIS2_PLACEMENT_3D('',#2258,#1868,#1869);
#1471=AXIS2_PLACEMENT_3D('',#2262,#1872,#1873);
#1472=AXIS2_PLACEMENT_3D('',#2265,#1875,#1876);
#1473=AXIS2_PLACEMENT_3D('',#2267,#1878,#1879);
#1474=AXIS2_PLACEMENT_3D('',#2269,#1881,#1882);
#1475=AXIS2_PLACEMENT_3D('',#2270,#1883,#1884);
#1476=AXIS2_PLACEMENT_3D('',#2271,#1885,#1886);
#1477=AXIS2_PLACEMENT_3D('',#2272,#1887,#1888);
#1478=AXIS2_PLACEMENT_3D('',#2273,#1889,#1890);
#1479=AXIS2_PLACEMENT_3D('',#2276,#1891,#1892);
#1480=AXIS2_PLACEMENT_3D('',#2279,#1895,#1896);
#1481=AXIS2_PLACEMENT_3D('',#2283,#1898,#1899);
#1482=AXIS2_PLACEMENT_3D('',#2287,#1901,#1902);
#1483=AXIS2_PLACEMENT_3D('',#2291,#1904,#1905);
#1484=AXIS2_PLACEMENT_3D('',#2293,#1907,#1908);
#1485=AXIS2_PLACEMENT_3D('',#2295,#1910,#1911);
#1486=AXIS2_PLACEMENT_3D('',#2298,#1914,#1915);
#1487=AXIS2_PLACEMENT_3D('',#2300,#1917,#1918);
#1488=AXIS2_PLACEMENT_3D('',#2302,#1920,#1921);
#1489=AXIS2_PLACEMENT_3D('',#2304,#1923,#1924);
#1490=AXIS2_PLACEMENT_3D('',#2305,#1925,#1926);
#1491=AXIS2_PLACEMENT_3D('',#2306,#1927,#1928);
#1492=AXIS2_PLACEMENT_3D('',#2307,#1929,#1930);
#1493=DIRECTION('axis',(0.,0.,1.));
#1494=DIRECTION('refdir',(1.,0.,0.));
#1495=DIRECTION('center_axis',(0.,0.,-1.));
#1496=DIRECTION('ref_axis',(1.,0.,0.));
#1497=DIRECTION('center_axis',(0.,0.,-1.));
#1498=DIRECTION('ref_axis',(1.,0.,0.));
#1499=DIRECTION('',(0.,0.,-1.));
#1500=DIRECTION('center_axis',(0.,0.,-1.));
#1501=DIRECTION('ref_axis',(1.,0.,0.));
#1502=DIRECTION('center_axis',(0.,0.,1.));
#1503=DIRECTION('ref_axis',(1.,0.,0.));
#1504=DIRECTION('center_axis',(0.,0.,-1.));
#1505=DIRECTION('ref_axis',(1.,0.,0.));
#1506=DIRECTION('center_axis',(0.,0.,-1.));
#1507=DIRECTION('ref_axis',(1.,0.,0.));
#1508=DIRECTION('',(0.,0.,-1.));
#1509=DIRECTION('center_axis',(0.,0.,-1.));
#1510=DIRECTION('ref_axis',(1.,0.,0.));
#1511=DIRECTION('center_axis',(0.,0.,1.));
#1512=DIRECTION('ref_axis',(1.,0.,0.));
#1513=DIRECTION('center_axis',(0.,0.,-1.));
#1514=DIRECTION('ref_axis',(1.,0.,0.));
#1515=DIRECTION('center_axis',(0.,0.,-1.));
#1516=DIRECTION('ref_axis',(1.,0.,0.));
#1517=DIRECTION('',(0.,0.,-1.));
#1518=DIRECTION('center_axis',(0.,0.,-1.));
#1519=DIRECTION('ref_axis',(1.,0.,0.));
#1520=DIRECTION('center_axis',(0.,0.,1.));
#1521=DIRECTION('ref_axis',(1.,0.,0.));
#1522=DIRECTION('center_axis',(0.,0.,-1.));
#1523=DIRECTION('ref_axis',(1.,0.,0.));
#1524=DIRECTION('center_axis',(0.,0.,-1.));
#1525=DIRECTION('ref_axis',(1.,0.,0.));
#1526=DIRECTION('',(0.,0.,-1.));
#1527=DIRECTION('center_axis',(0.,0.,-1.));
#1528=DIRECTION('ref_axis',(1.,0.,0.));
#1529=DIRECTION('center_axis',(0.,0.,1.));
#1530=DIRECTION('ref_axis',(1.,0.,0.));
#1531=DIRECTION('center_axis',(0.,0.,1.));
#1532=DIRECTION('ref_axis',(-1.,0.,0.));
#1533=DIRECTION('center_axis',(0.,0.,1.));
#1534=DIRECTION('ref_axis',(-1.,0.,0.));
#1535=DIRECTION('',(0.,0.,-1.));
#1536=DIRECTION('center_axis',(0.,0.,-1.));
#1537=DIRECTION('ref_axis',(-1.,0.,0.));
#1538=DIRECTION('center_axis',(0.,0.,1.));
#1539=DIRECTION('ref_axis',(-1.,0.,0.));
#1540=DIRECTION('center_axis',(0.,0.,1.));
#1541=DIRECTION('ref_axis',(-1.,0.,0.));
#1542=DIRECTION('center_axis',(0.,0.,1.));
#1543=DIRECTION('ref_axis',(-1.,0.,0.));
#1544=DIRECTION('',(0.,0.,-1.));
#1545=DIRECTION('center_axis',(0.,0.,-1.));
#1546=DIRECTION('ref_axis',(-1.,0.,0.));
#1547=DIRECTION('center_axis',(0.,0.,1.));
#1548=DIRECTION('ref_axis',(-1.,0.,0.));
#1549=DIRECTION('center_axis',(0.,0.,1.));
#1550=DIRECTION('ref_axis',(-1.,0.,0.));
#1551=DIRECTION('center_axis',(0.,0.,1.));
#1552=DIRECTION('ref_axis',(-1.,0.,0.));
#1553=DIRECTION('',(0.,0.,-1.));
#1554=DIRECTION('center_axis',(0.,0.,-1.));
#1555=DIRECTION('ref_axis',(-1.,0.,0.));
#1556=DIRECTION('center_axis',(0.,0.,1.));
#1557=DIRECTION('ref_axis',(-1.,0.,0.));
#1558=DIRECTION('center_axis',(0.,0.,1.));
#1559=DIRECTION('ref_axis',(-1.,0.,0.));
#1560=DIRECTION('center_axis',(0.,0.,1.));
#1561=DIRECTION('ref_axis',(-1.,0.,0.));
#1562=DIRECTION('',(0.,0.,-1.));
#1563=DIRECTION('center_axis',(0.,0.,-1.));
#1564=DIRECTION('ref_axis',(-1.,0.,0.));
#1565=DIRECTION('center_axis',(0.,0.,1.));
#1566=DIRECTION('ref_axis',(-1.,0.,0.));
#1567=DIRECTION('center_axis',(1.,0.,0.));
#1568=DIRECTION('ref_axis',(0.,-1.,0.));
#1569=DIRECTION('',(0.,-1.,0.));
#1570=DIRECTION('',(0.,0.,-1.));
#1571=DIRECTION('',(0.,-1.,0.));
#1572=DIRECTION('',(0.,0.,-1.));
#1573=DIRECTION('center_axis',(0.,1.,0.));
#1574=DIRECTION('ref_axis',(1.,0.,0.));
#1575=DIRECTION('',(1.,0.,0.));
#1576=DIRECTION('',(0.,0.,-1.));
#1577=DIRECTION('',(1.,0.,0.));
#1578=DIRECTION('center_axis',(0.,-1.,0.));
#1579=DIRECTION('ref_axis',(0.,0.,1.));
#1580=DIRECTION('',(1.,0.,-3.44789759200355E-16));
#1581=DIRECTION('center_axis',(0.,-1.,0.));
#1582=DIRECTION('ref_axis',(0.,0.,1.));
#1583=DIRECTION('',(0.,0.,-1.));
#1584=DIRECTION('center_axis',(0.,-1.,0.));
#1585=DIRECTION('ref_axis',(0.,0.,1.));
#1586=DIRECTION('',(-1.,0.,0.));
#1587=DIRECTION('center_axis',(0.,-1.,0.));
#1588=DIRECTION('ref_axis',(0.,0.,1.));
#1589=DIRECTION('',(0.,0.,1.));
#1590=DIRECTION('center_axis',(-1.,0.,0.));
#1591=DIRECTION('ref_axis',(0.,1.,0.));
#1592=DIRECTION('',(0.,1.,0.));
#1593=DIRECTION('',(0.,0.,1.));
#1594=DIRECTION('',(0.,1.,0.));
#1595=DIRECTION('center_axis',(0.,0.,-1.));
#1596=DIRECTION('ref_axis',(-1.,0.,0.));
#1597=DIRECTION('',(-1.,0.,0.));
#1598=DIRECTION('center_axis',(0.,0.,1.));
#1599=DIRECTION('ref_axis',(1.,0.,0.));
#1600=DIRECTION('center_axis',(0.,0.,-1.));
#1601=DIRECTION('ref_axis',(0.707106781186547,0.707106781186547,0.));
#1602=DIRECTION('',(-1.,0.,0.));
#1603=DIRECTION('center_axis',(0.,0.,-1.));
#1604=DIRECTION('ref_axis',(-0.707106781186547,0.707106781186547,0.));
#1605=DIRECTION('',(2.6823951932845E-33,-1.,0.));
#1606=DIRECTION('center_axis',(0.,0.,-1.));
#1607=DIRECTION('ref_axis',(-0.707106781186547,-0.707106781186547,0.));
#1608=DIRECTION('',(-1.,2.75851599997811E-33,0.));
#1609=DIRECTION('center_axis',(0.,0.,-1.));
#1610=DIRECTION('ref_axis',(0.707106781186547,-0.707106781186547,0.));
#1611=DIRECTION('',(-2.75851599997811E-33,-1.,0.));
#1612=DIRECTION('center_axis',(0.,0.,1.));
#1613=DIRECTION('ref_axis',(-1.,0.,0.));
#1614=DIRECTION('center_axis',(0.,0.,1.));
#1615=DIRECTION('ref_axis',(-1.,0.,0.));
#1616=DIRECTION('',(1.,0.,0.));
#1617=DIRECTION('center_axis',(0.,0.,1.));
#1618=DIRECTION('ref_axis',(0.707106781186548,0.707106781186548,0.));
#1619=DIRECTION('',(0.,-1.,0.));
#1620=DIRECTION('center_axis',(0.,0.,1.));
#1621=DIRECTION('ref_axis',(0.707106781186551,-0.707106781186544,0.));
#1622=DIRECTION('',(-1.,0.,0.));
#1623=DIRECTION('center_axis',(0.,0.,1.));
#1624=DIRECTION('ref_axis',(-0.707106781186551,-0.707106781186544,0.));
#1625=DIRECTION('',(0.,1.,0.));
#1626=DIRECTION('center_axis',(0.,0.,1.));
#1627=DIRECTION('ref_axis',(-0.707106781186541,0.707106781186554,0.));
#1628=DIRECTION('',(1.,0.,0.));
#1629=DIRECTION('center_axis',(0.,0.,1.));
#1630=DIRECTION('ref_axis',(-1.,0.,0.));
#1631=DIRECTION('center_axis',(0.,0.,1.));
#1632=DIRECTION('ref_axis',(-1.,0.,0.));
#1633=DIRECTION('center_axis',(0.,1.,0.));
#1634=DIRECTION('ref_axis',(0.,0.,1.));
#1635=DIRECTION('center_axis',(0.,0.,-1.));
#1636=DIRECTION('ref_axis',(0.,1.,0.));
#1637=DIRECTION('center_axis',(0.,1.,0.));
#1638=DIRECTION('ref_axis',(-0.70710678118655,0.,0.707106781186545));
#1639=DIRECTION('center_axis',(-1.,0.,0.));
#1640=DIRECTION('ref_axis',(0.,1.,0.));
#1641=DIRECTION('center_axis',(0.,0.,1.));
#1642=DIRECTION('ref_axis',(0.707106781186541,0.707106781186554,0.));
#1643=DIRECTION('center_axis',(4.4408920985006E-15,0.,-1.));
#1644=DIRECTION('ref_axis',(0.,1.,0.));
#1645=DIRECTION('',(0.,0.,1.));
#1646=DIRECTION('center_axis',(0.,1.,0.));
#1647=DIRECTION('ref_axis',(0.,0.,1.));
#1648=DIRECTION('center_axis',(1.,0.,0.));
#1649=DIRECTION('ref_axis',(0.,1.,0.));
#1650=DIRECTION('center_axis',(0.,1.,0.));
#1651=DIRECTION('ref_axis',(-0.707106781186545,0.,-0.70710678118655));
#1652=DIRECTION('center_axis',(-1.,0.,3.44789759200355E-16));
#1653=DIRECTION('ref_axis',(0.,0.707106781186551,0.707106781186544));
#1654=DIRECTION('center_axis',(1.,0.,0.));
#1655=DIRECTION('ref_axis',(0.,1.,0.));
#1656=DIRECTION('',(-1.,0.,3.44789759200355E-16));
#1657=DIRECTION('center_axis',(0.,1.,0.));
#1658=DIRECTION('ref_axis',(0.,0.,1.));
#1659=DIRECTION('center_axis',(0.,0.,-1.));
#1660=DIRECTION('ref_axis',(-1.,0.,0.));
#1661=DIRECTION('center_axis',(0.,1.,0.));
#1662=DIRECTION('ref_axis',(0.707106781186549,0.,-0.707106781186547));
#1663=DIRECTION('center_axis',(1.,0.,0.));
#1664=DIRECTION('ref_axis',(0.,0.707106781186554,-0.707106781186541));
#1665=DIRECTION('',(1.,0.,0.));
#1666=DIRECTION('center_axis',(-1.,0.,0.));
#1667=DIRECTION('ref_axis',(0.,1.,0.));
#1668=DIRECTION('center_axis',(0.,1.,0.));
#1669=DIRECTION('ref_axis',(0.,0.,1.));
#1670=DIRECTION('center_axis',(0.,1.,0.));
#1671=DIRECTION('ref_axis',(0.707106781186549,0.,0.707106781186547));
#1672=DIRECTION('center_axis',(4.44089209850056E-15,0.,1.));
#1673=DIRECTION('ref_axis',(0.,1.,0.));
#1674=DIRECTION('center_axis',(0.,0.,-1.));
#1675=DIRECTION('ref_axis',(-0.707106781186535,0.70710678118656,0.));
#1676=DIRECTION('',(0.,0.,-1.));
#1677=DIRECTION('center_axis',(0.,1.,0.));
#1678=DIRECTION('ref_axis',(-1.,0.,0.));
#1679=DIRECTION('',(0.,0.,1.));
#1680=DIRECTION('',(1.,0.,-1.70803542250024E-16));
#1681=DIRECTION('',(1.26882631385732E-15,0.,-1.));
#1682=DIRECTION('',(-1.,0.,3.41607084500048E-16));
#1683=DIRECTION('center_axis',(-0.81649658092773,0.408248290463861,0.408248290463858));
#1684=DIRECTION('ref_axis',(-0.577350269189627,-0.577350269189627,-0.577350269189623));
#1685=DIRECTION('center_axis',(1.,0.,0.));
#1686=DIRECTION('ref_axis',(0.,0.,-1.));
#1687=DIRECTION('center_axis',(0.,1.,0.));
#1688=DIRECTION('ref_axis',(-1.,0.,0.));
#1689=DIRECTION('center_axis',(-4.44089209850064E-15,0.,1.));
#1690=DIRECTION('ref_axis',(0.,-1.,0.));
#1691=DIRECTION('center_axis',(-0.816496580927731,-0.408248290463858,-0.408248290463858));
#1692=DIRECTION('ref_axis',(0.577350269189625,-0.577350269189625,-0.577350269189628));
#1693=DIRECTION('center_axis',(0.,0.,1.));
#1694=DIRECTION('ref_axis',(1.,0.,0.));
#1695=DIRECTION('center_axis',(0.,1.,0.));
#1696=DIRECTION('ref_axis',(0.,0.,-1.));
#1697=DIRECTION('center_axis',(-1.,0.,0.));
#1698=DIRECTION('ref_axis',(0.,-1.,0.));
#1699=DIRECTION('center_axis',(-0.816496580927728,0.408248290463861,-0.408248290463861));
#1700=DIRECTION('ref_axis',(-0.577350269189626,-0.577350269189626,0.577350269189626));
#1701=DIRECTION('center_axis',(0.,0.,-1.));
#1702=DIRECTION('ref_axis',(-1.,0.,0.));
#1703=DIRECTION('center_axis',(0.,1.,0.));
#1704=DIRECTION('ref_axis',(0.,0.,1.));
#1705=DIRECTION('center_axis',(1.,0.,0.));
#1706=DIRECTION('ref_axis',(0.,-1.,0.));
#1707=DIRECTION('center_axis',(0.,-1.,0.));
#1708=DIRECTION('ref_axis',(0.,0.,-1.));
#1709=DIRECTION('center_axis',(0.,-1.,0.));
#1710=DIRECTION('ref_axis',(0.,0.,-1.));
#1711=DIRECTION('center_axis',(1.,0.,0.));
#1712=DIRECTION('ref_axis',(0.,1.,0.));
#1713=DIRECTION('center_axis',(0.,1.,0.));
#1714=DIRECTION('ref_axis',(-0.707106781186546,0.,-0.707106781186549));
#1715=DIRECTION('center_axis',(0.,0.,1.));
#1716=DIRECTION('ref_axis',(1.,0.,0.));
#1717=DIRECTION('center_axis',(-0.816496580927731,-0.408248290463858,0.408248290463858));
#1718=DIRECTION('ref_axis',(0.577350269189626,-0.577350269189626,0.577350269189626));
#1719=DIRECTION('center_axis',(-1.,0.,0.));
#1720=DIRECTION('ref_axis',(0.,0.,1.));
#1721=DIRECTION('center_axis',(0.,1.,0.));
#1722=DIRECTION('ref_axis',(1.,0.,0.));
#1723=DIRECTION('center_axis',(-4.44089209850064E-15,0.,-1.));
#1724=DIRECTION('ref_axis',(0.,-1.,0.));
#1725=DIRECTION('center_axis',(0.,-1.,0.));
#1726=DIRECTION('ref_axis',(0.,0.,-1.));
#1727=DIRECTION('center_axis',(0.,-1.,0.));
#1728=DIRECTION('ref_axis',(1.,0.,0.));
#1729=DIRECTION('center_axis',(0.,0.,1.));
#1730=DIRECTION('ref_axis',(0.,1.,0.));
#1731=DIRECTION('center_axis',(0.,1.,0.));
#1732=DIRECTION('ref_axis',(0.707106781186546,0.,-0.707106781186549));
#1733=DIRECTION('center_axis',(-1.,0.,0.));
#1734=DIRECTION('ref_axis',(0.,0.,1.));
#1735=DIRECTION('center_axis',(0.,-1.,0.));
#1736=DIRECTION('ref_axis',(0.,0.,-1.));
#1737=DIRECTION('center_axis',(0.,-1.,0.));
#1738=DIRECTION('ref_axis',(-1.,0.,0.));
#1739=DIRECTION('center_axis',(4.44089209850064E-15,0.,-1.));
#1740=DIRECTION('ref_axis',(0.,1.,0.));
#1741=DIRECTION('center_axis',(0.,1.,0.));
#1742=DIRECTION('ref_axis',(-0.707106781186546,0.,0.707106781186549));
#1743=DIRECTION('center_axis',(1.,0.,0.));
#1744=DIRECTION('ref_axis',(0.,0.,-1.));
#1745=DIRECTION('center_axis',(1.26882631385732E-15,0.,-1.));
#1746=DIRECTION('ref_axis',(0.707106781186541,0.707106781186554,0.));
#1747=DIRECTION('',(-1.26882631385732E-15,0.,1.));
#1748=DIRECTION('',(1.26882631385732E-15,0.,-1.));
#1749=DIRECTION('center_axis',(0.,1.,0.));
#1750=DIRECTION('ref_axis',(0.,0.,1.));
#1751=DIRECTION('center_axis',(0.,1.,0.));
#1752=DIRECTION('ref_axis',(0.707106781186544,0.,0.707106781186551));
#1753=DIRECTION('center_axis',(0.,0.,-1.));
#1754=DIRECTION('ref_axis',(-1.,0.,0.));
#1755=DIRECTION('center_axis',(0.,-1.,0.));
#1756=DIRECTION('ref_axis',(0.,0.,1.));
#1757=DIRECTION('center_axis',(-1.,0.,0.));
#1758=DIRECTION('ref_axis',(0.,1.,0.));
#1759=DIRECTION('center_axis',(0.,0.,1.));
#1760=DIRECTION('ref_axis',(-0.707106781186535,0.70710678118656,0.));
#1761=DIRECTION('',(0.,0.,-1.));
#1762=DIRECTION('',(0.,0.,1.));
#1763=DIRECTION('center_axis',(0.,-1.,0.));
#1764=DIRECTION('ref_axis',(0.707106781186538,0.,0.707106781186557));
#1765=DIRECTION('',(0.,1.,0.));
#1766=DIRECTION('',(0.,-1.,0.));
#1767=DIRECTION('center_axis',(-1.,0.,3.41607084500048E-16));
#1768=DIRECTION('ref_axis',(0.,0.707106781186548,-0.707106781186548));
#1769=DIRECTION('',(1.,0.,-3.41607084500048E-16));
#1770=DIRECTION('',(-1.,0.,3.41607084500048E-16));
#1771=DIRECTION('center_axis',(0.,-1.,0.));
#1772=DIRECTION('ref_axis',(-0.707106781186551,0.,0.707106781186544));
#1773=DIRECTION('',(0.,1.,0.));
#1774=DIRECTION('',(0.,-1.,0.));
#1775=DIRECTION('center_axis',(1.,0.,-1.70803542250024E-16));
#1776=DIRECTION('ref_axis',(0.,0.707106781186554,0.707106781186541));
#1777=DIRECTION('',(-1.,0.,1.70803542250024E-16));
#1778=DIRECTION('',(1.,0.,-1.70803542250024E-16));
#1779=DIRECTION('center_axis',(0.,-1.,0.));
#1780=DIRECTION('ref_axis',(0.707106781186541,0.,-0.707106781186554));
#1781=DIRECTION('',(0.,1.,0.));
#1782=DIRECTION('',(0.,-1.,0.));
#1783=DIRECTION('center_axis',(0.,0.,1.));
#1784=DIRECTION('ref_axis',(0.707106781186535,-0.70710678118656,0.));
#1785=DIRECTION('',(0.,0.,-1.));
#1786=DIRECTION('center_axis',(-1.,0.,3.41607084500048E-16));
#1787=DIRECTION('ref_axis',(0.,-0.707106781186554,0.707106781186541));
#1788=DIRECTION('',(1.,0.,-3.41607084500048E-16));
#1789=DIRECTION('center_axis',(0.,-1.,0.));
#1790=DIRECTION('ref_axis',(-0.707106781186548,0.,-0.707106781186548));
#1791=DIRECTION('',(0.,1.,0.));
#1792=DIRECTION('',(0.,-1.,0.));
#1793=DIRECTION('center_axis',(1.26882631385732E-15,0.,-1.));
#1794=DIRECTION('ref_axis',(-0.707106781186541,-0.707106781186554,0.));
#1795=DIRECTION('',(-1.26882631385732E-15,0.,1.));
#1796=DIRECTION('center_axis',(1.,0.,-1.70803542250024E-16));
#1797=DIRECTION('ref_axis',(0.,-0.707106781186551,-0.707106781186544));
#1798=DIRECTION('',(-1.,0.,1.70803542250024E-16));
#1799=DIRECTION('center_axis',(-1.,0.,-1.26882631385732E-15));
#1800=DIRECTION('ref_axis',(1.26882631385732E-15,0.,-1.));
#1801=DIRECTION('center_axis',(0.,1.,0.));
#1802=DIRECTION('ref_axis',(-1.,0.,0.));
#1803=DIRECTION('',(0.,0.,1.));
#1804=DIRECTION('',(-1.,0.,0.));
#1805=DIRECTION('',(0.,0.,-1.));
#1806=DIRECTION('center_axis',(1.,0.,0.));
#1807=DIRECTION('ref_axis',(0.,0.,1.));
#1808=DIRECTION('center_axis',(3.41607084500048E-16,0.,1.));
#1809=DIRECTION('ref_axis',(-1.,0.,3.41607084500048E-16));
#1810=DIRECTION('center_axis',(-1.70803542250024E-16,0.,-1.));
#1811=DIRECTION('ref_axis',(1.,0.,-1.70803542250024E-16));
#1812=DIRECTION('center_axis',(0.,0.,1.));
#1813=DIRECTION('ref_axis',(-1.,0.,0.));
#1814=DIRECTION('',(-0.707106781186554,-8.65956056235501E-17,-0.707106781186541));
#1815=DIRECTION('center_axis',(0.,0.,-1.));
#1816=DIRECTION('ref_axis',(-1.,0.,0.));
#1817=DIRECTION('center_axis',(0.,0.,-1.));
#1818=DIRECTION('ref_axis',(-1.,0.,0.));
#1819=DIRECTION('',(0.,0.,-1.));
#1820=DIRECTION('center_axis',(0.,0.,-1.));
#1821=DIRECTION('ref_axis',(-1.,0.,0.));
#1822=DIRECTION('center_axis',(0.,0.,1.));
#1823=DIRECTION('ref_axis',(-1.,0.,0.));
#1824=DIRECTION('',(-0.707106781186549,-8.65956056235495E-17,-0.707106781186546));
#1825=DIRECTION('center_axis',(0.,0.,-1.));
#1826=DIRECTION('ref_axis',(-1.,0.,0.));
#1827=DIRECTION('center_axis',(0.,0.,-1.));
#1828=DIRECTION('ref_axis',(-1.,0.,0.));
#1829=DIRECTION('',(0.,0.,-1.));
#1830=DIRECTION('center_axis',(0.,0.,-1.));
#1831=DIRECTION('ref_axis',(-1.,0.,0.));
#1832=DIRECTION('center_axis',(0.,0.,1.));
#1833=DIRECTION('ref_axis',(-1.,0.,0.));
#1834=DIRECTION('',(-0.707106781186549,-8.65956056235495E-17,-0.707106781186546));
#1835=DIRECTION('center_axis',(0.,0.,-1.));
#1836=DIRECTION('ref_axis',(-1.,0.,0.));
#1837=DIRECTION('center_axis',(0.,0.,-1.));
#1838=DIRECTION('ref_axis',(-1.,0.,0.));
#1839=DIRECTION('',(0.,0.,-1.));
#1840=DIRECTION('center_axis',(0.,0.,-1.));
#1841=DIRECTION('ref_axis',(-1.,0.,0.));
#1842=DIRECTION('center_axis',(0.,0.,1.));
#1843=DIRECTION('ref_axis',(-1.,0.,0.));
#1844=DIRECTION('',(-0.707106781186554,-8.65956056235501E-17,-0.707106781186541));
#1845=DIRECTION('center_axis',(0.,0.,-1.));
#1846=DIRECTION('ref_axis',(-1.,0.,0.));
#1847=DIRECTION('center_axis',(0.,0.,-1.));
#1848=DIRECTION('ref_axis',(-1.,0.,0.));
#1849=DIRECTION('',(0.,0.,-1.));
#1850=DIRECTION('center_axis',(0.,0.,-1.));
#1851=DIRECTION('ref_axis',(-1.,0.,0.));
#1852=DIRECTION('center_axis',(0.,0.,1.));
#1853=DIRECTION('ref_axis',(0.707106781186547,0.707106781186547,0.));
#1854=DIRECTION('',(0.,0.,-1.));
#1855=DIRECTION('center_axis',(0.,0.,1.));
#1856=DIRECTION('ref_axis',(0.707106781186547,0.707106781186547,0.));
#1857=DIRECTION('center_axis',(0.,0.,1.));
#1858=DIRECTION('ref_axis',(-0.707106781186547,0.707106781186547,0.));
#1859=DIRECTION('center_axis',(0.,0.,1.));
#1860=DIRECTION('ref_axis',(-0.707106781186547,0.707106781186547,0.));
#1861=DIRECTION('',(0.,0.,1.));
#1862=DIRECTION('center_axis',(0.,0.,-1.));
#1863=DIRECTION('ref_axis',(-0.707106781186547,-0.707106781186547,0.));
#1864=DIRECTION('center_axis',(0.,0.,1.));
#1865=DIRECTION('ref_axis',(-0.707106781186547,-0.707106781186547,0.));
#1866=DIRECTION('',(0.,0.,1.));
#1867=DIRECTION('',(0.,0.,-1.));
#1868=DIRECTION('center_axis',(-2.75851599997811E-33,-1.,0.));
#1869=DIRECTION('ref_axis',(0.,0.,-1.));
#1870=DIRECTION('',(1.,-2.75851599997811E-33,0.));
#1871=DIRECTION('',(0.,0.,-1.));
#1872=DIRECTION('center_axis',(0.,0.,1.));
#1873=DIRECTION('ref_axis',(1.,0.,0.));
#1874=DIRECTION('',(-2.75851599997811E-33,-1.,0.));
#1875=DIRECTION('center_axis',(0.,0.,1.));
#1876=DIRECTION('ref_axis',(0.707106781186547,-0.707106781186547,0.));
#1877=DIRECTION('',(2.6823951932845E-33,-1.,0.));
#1878=DIRECTION('center_axis',(0.,0.,1.));
#1879=DIRECTION('ref_axis',(0.707106781186547,-0.707106781186547,0.));
#1880=DIRECTION('',(0.,0.,1.));
#1881=DIRECTION('center_axis',(0.,0.,1.));
#1882=DIRECTION('ref_axis',(-1.,0.,0.));
#1883=DIRECTION('center_axis',(0.,0.,1.));
#1884=DIRECTION('ref_axis',(-1.,0.,0.));
#1885=DIRECTION('center_axis',(0.,0.,1.));
#1886=DIRECTION('ref_axis',(-1.,0.,0.));
#1887=DIRECTION('center_axis',(0.,0.,1.));
#1888=DIRECTION('ref_axis',(-1.,0.,0.));
#1889=DIRECTION('center_axis',(0.,0.,1.));
#1890=DIRECTION('ref_axis',(0.707106781186548,0.707106781186548,0.));
#1891=DIRECTION('center_axis',(0.,0.,1.));
#1892=DIRECTION('ref_axis',(0.707106781186548,0.707106781186548,0.));
#1893=DIRECTION('',(0.,0.,1.));
#1894=DIRECTION('',(0.,0.,-1.));
#1895=DIRECTION('center_axis',(0.,0.,1.));
#1896=DIRECTION('ref_axis',(1.,0.,0.));
#1897=DIRECTION('',(1.,0.,0.));
#1898=DIRECTION('center_axis',(0.,0.,1.));
#1899=DIRECTION('ref_axis',(-0.707106781186541,0.707106781186554,0.));
#1900=DIRECTION('',(0.,1.,0.));
#1901=DIRECTION('center_axis',(0.,0.,1.));
#1902=DIRECTION('ref_axis',(-0.707106781186551,-0.707106781186544,0.));
#1903=DIRECTION('',(-1.,0.,0.));
#1904=DIRECTION('center_axis',(0.,0.,1.));
#1905=DIRECTION('ref_axis',(0.707106781186551,-0.707106781186544,0.));
#1906=DIRECTION('',(0.,-1.,0.));
#1907=DIRECTION('center_axis',(0.,-1.,0.));
#1908=DIRECTION('ref_axis',(1.,0.,0.));
#1909=DIRECTION('',(0.,0.,1.));
#1910=DIRECTION('center_axis',(0.,0.,1.));
#1911=DIRECTION('ref_axis',(0.707106781186551,-0.707106781186544,0.));
#1912=DIRECTION('',(0.,0.,1.));
#1913=DIRECTION('',(0.,0.,-1.));
#1914=DIRECTION('center_axis',(0.,1.,0.));
#1915=DIRECTION('ref_axis',(-1.,0.,0.));
#1916=DIRECTION('',(0.,0.,-1.));
#1917=DIRECTION('center_axis',(0.,0.,1.));
#1918=DIRECTION('ref_axis',(-0.707106781186551,-0.707106781186544,0.));
#1919=DIRECTION('',(0.,0.,1.));
#1920=DIRECTION('center_axis',(1.,0.,0.));
#1921=DIRECTION('ref_axis',(0.,1.,0.));
#1922=DIRECTION('',(0.,0.,-1.));
#1923=DIRECTION('center_axis',(0.,0.,1.));
#1924=DIRECTION('ref_axis',(-0.707106781186541,0.707106781186554,0.));
#1925=DIRECTION('center_axis',(-1.,0.,0.));
#1926=DIRECTION('ref_axis',(0.,-1.,0.));
#1927=DIRECTION('center_axis',(1.,0.,0.));
#1928=DIRECTION('ref_axis',(0.,1.,0.));
#1929=DIRECTION('center_axis',(-1.,-2.6823951932845E-33,0.));
#1930=DIRECTION('ref_axis',(2.6823951932845E-33,-1.,0.));
#1931=CARTESIAN_POINT('',(0.,0.,0.));
#1932=CARTESIAN_POINT('Origin',(90.6988971969296,22.7536634206641,9.));
#1933=CARTESIAN_POINT('',(89.6114351969295,22.7536634206641,8.));
#1934=CARTESIAN_POINT('Origin',(90.6988971969296,22.7536634206641,8.));
#1935=CARTESIAN_POINT('',(89.6114351969295,22.7536634206641,5.));
#1936=CARTESIAN_POINT('',(89.6114351969295,22.7536634206641,9.));
#1937=CARTESIAN_POINT('Origin',(90.6988971969296,22.7536634206641,5.));
#1938=CARTESIAN_POINT('Origin',(90.6988971969296,22.7536634206641,5.));
#1939=CARTESIAN_POINT('Origin',(21.4648971969269,108.887363420666,9.));
#1940=CARTESIAN_POINT('',(20.3774351969269,108.887363420666,8.));
#1941=CARTESIAN_POINT('Origin',(21.4648971969269,108.887363420666,8.));
#1942=CARTESIAN_POINT('',(20.3774351969269,108.887363420666,5.));
#1943=CARTESIAN_POINT('',(20.3774351969269,108.887363420666,9.));
#1944=CARTESIAN_POINT('Origin',(21.4648971969269,108.887363420666,5.));
#1945=CARTESIAN_POINT('Origin',(21.4648971969269,108.887363420666,5.));
#1946=CARTESIAN_POINT('Origin',(22.6988971969272,22.7813634206635,9.));
#1947=CARTESIAN_POINT('',(21.6114351969271,22.7813634206635,8.));
#1948=CARTESIAN_POINT('Origin',(22.6988971969272,22.7813634206635,8.));
#1949=CARTESIAN_POINT('',(21.6114351969271,22.7813634206635,5.));
#1950=CARTESIAN_POINT('',(21.6114351969271,22.7813634206635,9.));
#1951=CARTESIAN_POINT('Origin',(22.6988971969272,22.7813634206635,5.));
#1952=CARTESIAN_POINT('Origin',(22.6988971969272,22.7813634206635,5.));
#1953=CARTESIAN_POINT('Origin',(91.3348971969294,108.847363420667,9.));
#1954=CARTESIAN_POINT('',(90.2474351969294,108.847363420667,8.));
#1955=CARTESIAN_POINT('Origin',(91.3348971969294,108.847363420667,8.));
#1956=CARTESIAN_POINT('',(90.2474351969294,108.847363420667,5.));
#1957=CARTESIAN_POINT('',(90.2474351969294,108.847363420667,9.));
#1958=CARTESIAN_POINT('Origin',(91.3348971969294,108.847363420667,5.));
#1959=CARTESIAN_POINT('Origin',(91.3348971969294,108.847363420667,5.));
#1960=CARTESIAN_POINT('Origin',(21.4539058150165,108.905312072476,5.));
#1961=CARTESIAN_POINT('',(24.4539058150165,108.905312072476,8.));
#1962=CARTESIAN_POINT('Origin',(21.4539058150165,108.905312072476,8.));
#1963=CARTESIAN_POINT('',(24.4539058150165,108.905312072476,5.));
#1964=CARTESIAN_POINT('',(24.4539058150165,108.905312072476,5.));
#1965=CARTESIAN_POINT('Origin',(21.4539058150165,108.905312072476,5.));
#1966=CARTESIAN_POINT('Origin',(21.4539058150165,108.905312072476,8.));
#1967=CARTESIAN_POINT('Origin',(22.6990913444265,22.7849172590882,5.));
#1968=CARTESIAN_POINT('',(25.6990913444265,22.7849172590882,8.));
#1969=CARTESIAN_POINT('Origin',(22.6990913444265,22.7849172590882,8.));
#1970=CARTESIAN_POINT('',(25.6990913444265,22.7849172590882,5.));
#1971=CARTESIAN_POINT('',(25.6990913444265,22.7849172590882,5.));
#1972=CARTESIAN_POINT('Origin',(22.6990913444265,22.7849172590882,5.));
#1973=CARTESIAN_POINT('Origin',(22.6990913444265,22.7849172590882,8.));
#1974=CARTESIAN_POINT('Origin',(91.3860255910529,108.77819608396,5.));
#1975=CARTESIAN_POINT('',(94.3860255910529,108.77819608396,8.));
#1976=CARTESIAN_POINT('Origin',(91.3860255910529,108.77819608396,8.));
#1977=CARTESIAN_POINT('',(94.3860255910529,108.77819608396,5.));
#1978=CARTESIAN_POINT('',(94.3860255910529,108.77819608396,5.));
#1979=CARTESIAN_POINT('Origin',(91.3860255910529,108.77819608396,5.));
#1980=CARTESIAN_POINT('Origin',(91.3860255910529,108.77819608396,8.));
#1981=CARTESIAN_POINT('Origin',(90.6482905317891,22.726324898189,5.));
#1982=CARTESIAN_POINT('',(93.6482905317891,22.726324898189,8.));
#1983=CARTESIAN_POINT('Origin',(90.6482905317891,22.726324898189,8.));
#1984=CARTESIAN_POINT('',(93.6482905317891,22.726324898189,5.));
#1985=CARTESIAN_POINT('',(93.6482905317891,22.726324898189,5.));
#1986=CARTESIAN_POINT('Origin',(90.6482905317891,22.726324898189,5.));
#1987=CARTESIAN_POINT('Origin',(90.6482905317891,22.726324898189,8.));
#1988=CARTESIAN_POINT('Origin',(43.1160556911042,117.811098818601,21.));
#1989=CARTESIAN_POINT('',(43.1160556911042,117.811098818601,21.));
#1990=CARTESIAN_POINT('',(43.1160556911042,115.2,21.));
#1991=CARTESIAN_POINT('',(43.1160556911042,91.2150494093004,21.));
#1992=CARTESIAN_POINT('',(43.1160556911042,117.811098818601,13.973));
#1993=CARTESIAN_POINT('',(43.1160556911042,117.811098818601,21.));
#1994=CARTESIAN_POINT('',(43.1160556911042,115.2,13.973));
#1995=CARTESIAN_POINT('',(43.1160556911042,117.811098818601,13.973));
#1996=CARTESIAN_POINT('',(43.1160556911042,115.2,10.5));
#1997=CARTESIAN_POINT('Origin',(28.2914861282634,117.811098818601,21.));
#1998=CARTESIAN_POINT('',(28.2914861282634,117.811098818601,21.));
#1999=CARTESIAN_POINT('',(41.8982430641317,117.811098818601,21.));
#2000=CARTESIAN_POINT('',(28.2914861282634,117.811098818601,13.973));
#2001=CARTESIAN_POINT('',(28.2914861282634,117.811098818601,21.));
#2002=CARTESIAN_POINT('',(28.2914861282634,117.811098818601,13.973));
#2003=CARTESIAN_POINT('',(38.9160259989884,117.811098818601,15.5049341339169));
#2004=CARTESIAN_POINT('',(40.0685587743351,117.811098818601,16.6574669092636));
#2005=CARTESIAN_POINT('Origin',(38.9160259989884,117.811098818601,16.6574669092636));
#2006=CARTESIAN_POINT('',(32.4760259989883,117.811098818601,15.5049341339169));
#2007=CARTESIAN_POINT('',(34.0860259989883,117.811098818601,15.5049341339169));
#2008=CARTESIAN_POINT('',(31.3234932236416,117.811098818601,16.6574669092636));
#2009=CARTESIAN_POINT('Origin',(32.4760259989883,117.811098818601,16.6574669092636));
#2010=CARTESIAN_POINT('',(31.3234932236416,117.811098818601,17.3674669092636));
#2011=CARTESIAN_POINT('',(31.3234932236416,117.811098818601,17.1701946673796));
#2012=CARTESIAN_POINT('',(32.4760259989883,117.811098818601,18.5199996846103));
#2013=CARTESIAN_POINT('Origin',(32.4760259989883,117.811098818601,17.3674669092636));
#2014=CARTESIAN_POINT('',(38.9160259989884,117.811098818601,18.5199996846103));
#2015=CARTESIAN_POINT('',(37.3060259989884,117.811098818601,18.5199996846103));
#2016=CARTESIAN_POINT('',(40.0685587743351,117.811098818601,17.3674669092636));
#2017=CARTESIAN_POINT('Origin',(38.9160259989884,117.811098818601,17.3674669092636));
#2018=CARTESIAN_POINT('',(40.0685587743351,117.811098818601,16.8151946673796));
#2019=CARTESIAN_POINT('Origin',(28.2914861282634,115.2,21.));
#2020=CARTESIAN_POINT('',(28.2914861282634,115.2,21.));
#2021=CARTESIAN_POINT('',(28.2914861282634,89.9095,21.));
#2022=CARTESIAN_POINT('',(28.2914861282634,115.2,13.973));
#2023=CARTESIAN_POINT('',(28.2914861282634,115.2,10.5));
#2024=CARTESIAN_POINT('',(28.2914861282634,115.2,13.973));
#2025=CARTESIAN_POINT('Origin',(35.7037709096838,116.5055494093,13.973));
#2026=CARTESIAN_POINT('',(25.4518854548419,115.2,13.973));
#2027=CARTESIAN_POINT('Origin',(55.505,64.619,21.));
#2028=CARTESIAN_POINT('',(106.01,129.238,21.));
#2029=CARTESIAN_POINT('',(111.01,124.238,21.));
#2030=CARTESIAN_POINT('Origin',(106.01,124.238,21.));
#2031=CARTESIAN_POINT('',(5.,129.238,21.));
#2032=CARTESIAN_POINT('',(111.01,129.238,21.));
#2033=CARTESIAN_POINT('',(-3.3325541402328E-31,124.238,21.));
#2034=CARTESIAN_POINT('Origin',(5.,124.238,21.));
#2035=CARTESIAN_POINT('',(3.76071806098487E-33,-1.402,21.));
#2036=CARTESIAN_POINT('',(-3.46667389989702E-31,129.238,21.));
#2037=CARTESIAN_POINT('',(5.,-6.402,21.));
#2038=CARTESIAN_POINT('Origin',(5.,-1.402,21.));
#2039=CARTESIAN_POINT('',(106.01,-6.402,21.));
#2040=CARTESIAN_POINT('',(-1.76600194318599E-32,-6.402,21.));
#2041=CARTESIAN_POINT('',(111.01,-1.402,21.));
#2042=CARTESIAN_POINT('Origin',(106.01,-1.402,21.));
#2043=CARTESIAN_POINT('',(111.01,0.,21.));
#2044=CARTESIAN_POINT('',(104.26,2.598,21.));
#2045=CARTESIAN_POINT('Origin',(102.01,2.598,21.));
#2046=CARTESIAN_POINT('',(11.25,120.238,21.));
#2047=CARTESIAN_POINT('Origin',(9.,120.238,21.));
#2048=CARTESIAN_POINT('',(96.2,115.2,21.));
#2049=CARTESIAN_POINT('',(15.2,115.2,21.));
#2050=CARTESIAN_POINT('',(96.7,114.7,21.));
#2051=CARTESIAN_POINT('Origin',(96.2,114.7,21.));
#2052=CARTESIAN_POINT('',(96.7,15.7,21.));
#2053=CARTESIAN_POINT('',(96.7,115.2,21.));
#2054=CARTESIAN_POINT('',(96.2,15.2,21.));
#2055=CARTESIAN_POINT('Origin',(96.2,15.7,21.));
#2056=CARTESIAN_POINT('',(15.7,15.2,21.));
#2057=CARTESIAN_POINT('',(96.7,15.2,21.));
#2058=CARTESIAN_POINT('',(15.2,15.7,21.));
#2059=CARTESIAN_POINT('Origin',(15.7,15.7,21.));
#2060=CARTESIAN_POINT('',(15.2,114.7,21.));
#2061=CARTESIAN_POINT('',(15.2,15.2,21.));
#2062=CARTESIAN_POINT('',(15.7,115.2,21.));
#2063=CARTESIAN_POINT('Origin',(15.7,114.7,21.));
#2064=CARTESIAN_POINT('',(15.2,115.2,21.));
#2065=CARTESIAN_POINT('',(104.26,120.238,21.));
#2066=CARTESIAN_POINT('Origin',(102.01,120.238,21.));
#2067=CARTESIAN_POINT('',(11.25,2.598,21.));
#2068=CARTESIAN_POINT('Origin',(9.,2.598,21.));
#2069=CARTESIAN_POINT('Origin',(32.4760259989883,117.588,17.3674669092636));
#2070=CARTESIAN_POINT('',(30.8760259989883,118.088,17.3674669092636));
#2071=CARTESIAN_POINT('Origin',(30.8760259989883,117.588,17.3674669092636));
#2072=CARTESIAN_POINT('',(32.4760259989883,118.088,18.9674669092636));
#2073=CARTESIAN_POINT('Origin',(32.4760259989883,118.088,17.3674669092636));
#2074=CARTESIAN_POINT('Origin',(32.4760259989883,117.588,18.9674669092636));
#2075=CARTESIAN_POINT('Origin',(30.8760259989883,117.588,17.1701946673796));
#2076=CARTESIAN_POINT('',(30.8760259989883,118.088,16.6574669092636));
#2077=CARTESIAN_POINT('Origin',(30.8760259989883,117.588,16.6574669092636));
#2078=CARTESIAN_POINT('',(30.8760259989883,118.088,17.1701946673796));
#2079=CARTESIAN_POINT('Origin',(32.4760259989883,117.588,16.6574669092636));
#2080=CARTESIAN_POINT('',(32.4760259989883,118.088,15.0574669092636));
#2081=CARTESIAN_POINT('Origin',(32.4760259989883,117.588,15.0574669092636));
#2082=CARTESIAN_POINT('Origin',(32.4760259989883,118.088,16.6574669092636));
#2083=CARTESIAN_POINT('Origin',(34.0860259989883,117.588,15.0574669092636));
#2084=CARTESIAN_POINT('',(38.9160259989884,118.088,15.0574669092636));
#2085=CARTESIAN_POINT('Origin',(38.9160259989884,117.588,15.0574669092636));
#2086=CARTESIAN_POINT('',(34.0860259989883,118.088,15.0574669092636));
#2087=CARTESIAN_POINT('Origin',(38.9160259989884,117.588,16.6574669092636));
#2088=CARTESIAN_POINT('',(40.5160259989884,118.088,16.6574669092636));
#2089=CARTESIAN_POINT('Origin',(40.5160259989884,117.588,16.6574669092636));
#2090=CARTESIAN_POINT('Origin',(38.9160259989884,118.088,16.6574669092636));
#2091=CARTESIAN_POINT('Origin',(37.3060259989884,117.588,18.9674669092636));
#2092=CARTESIAN_POINT('',(38.9160259989884,118.088,18.9674669092636));
#2093=CARTESIAN_POINT('',(37.3060259989884,118.088,18.9674669092636));
#2094=CARTESIAN_POINT('Origin',(38.9160259989884,117.588,18.9674669092636));
#2095=CARTESIAN_POINT('Origin',(38.9160259989884,117.588,17.3674669092636));
#2096=CARTESIAN_POINT('',(40.5160259989884,118.088,17.3674669092636));
#2097=CARTESIAN_POINT('Origin',(38.9160259989884,118.088,17.3674669092636));
#2098=CARTESIAN_POINT('Origin',(40.5160259989884,117.588,17.3674669092636));
#2099=CARTESIAN_POINT('Origin',(40.5160259989884,117.588,16.8151946673796));
#2100=CARTESIAN_POINT('',(40.5160259989884,118.088,16.8151946673796));
#2101=CARTESIAN_POINT('Origin',(35.6960259989883,118.088,16.9729224254957));
#2102=CARTESIAN_POINT('',(41.6960259989883,118.088,13.9729224254957));
#2103=CARTESIAN_POINT('',(41.6960259989883,118.088,19.9729224254957));
#2104=CARTESIAN_POINT('',(41.6960259989883,118.088,15.2229224254957));
#2105=CARTESIAN_POINT('',(29.6960259989884,118.088,13.9729224254957));
#2106=CARTESIAN_POINT('',(32.4460259989883,118.088,13.9729224254957));
#2107=CARTESIAN_POINT('',(29.6960259989883,118.088,19.9729224254957));
#2108=CARTESIAN_POINT('',(29.6960259989883,118.088,18.7229224254957));
#2109=CARTESIAN_POINT('',(38.9460259989883,118.088,19.9729224254957));
#2110=CARTESIAN_POINT('Origin',(29.6960259989884,118.588,13.9729224254957));
#2111=CARTESIAN_POINT('',(29.6960259989884,118.588,13.4729224254957));
#2112=CARTESIAN_POINT('Origin',(29.6960259989884,118.588,13.9729224254957));
#2113=CARTESIAN_POINT('',(29.1960259989884,118.588,13.9729224254957));
#2114=CARTESIAN_POINT('Origin',(29.6960259989884,118.588,13.9729224254957));
#2115=CARTESIAN_POINT('Origin',(29.6960259989884,118.588,13.9729224254957));
#2116=CARTESIAN_POINT('Origin',(41.6960259989883,118.588,13.9729224254957));
#2117=CARTESIAN_POINT('',(42.1960259989883,118.588,13.9729224254957));
#2118=CARTESIAN_POINT('Origin',(41.6960259989883,118.588,13.9729224254957));
#2119=CARTESIAN_POINT('',(41.6960259989883,118.588,13.4729224254957));
#2120=CARTESIAN_POINT('Origin',(41.6960259989883,118.588,13.9729224254957));
#2121=CARTESIAN_POINT('Origin',(41.6960259989883,118.588,13.9729224254957));
#2122=CARTESIAN_POINT('Origin',(29.6960259989883,118.588,19.9729224254957));
#2123=CARTESIAN_POINT('',(29.1960259989883,118.588,19.9729224254957));
#2124=CARTESIAN_POINT('Origin',(29.6960259989883,118.588,19.9729224254957));
#2125=CARTESIAN_POINT('',(29.6960259989883,118.588,20.4729224254957));
#2126=CARTESIAN_POINT('Origin',(29.6960259989883,118.588,19.9729224254957));
#2127=CARTESIAN_POINT('Origin',(29.6960259989883,118.588,19.9729224254957));
#2128=CARTESIAN_POINT('Origin',(29.6960259989883,128.738,13.9729224254957));
#2129=CARTESIAN_POINT('',(29.6960259989883,128.738,13.4729224254957));
#2130=CARTESIAN_POINT('',(29.1960259989884,128.738,13.9729224254957));
#2131=CARTESIAN_POINT('Origin',(29.6960259989884,128.738,13.9729224254957));
#2132=CARTESIAN_POINT('',(29.6960259989883,129.238,12.9729224254957));
#2133=CARTESIAN_POINT('Origin',(29.6960259989883,128.738,12.9729224254957));
#2134=CARTESIAN_POINT('',(28.6960259989884,129.238,13.9729224254957));
#2135=CARTESIAN_POINT('Origin',(29.6960259989883,129.238,13.9729224254957));
#2136=CARTESIAN_POINT('Origin',(28.6960259989884,128.738,13.9729224254957));
#2137=CARTESIAN_POINT('Origin',(41.6960259989883,118.588,19.9729224254957));
#2138=CARTESIAN_POINT('',(41.6960259989883,118.588,20.4729224254957));
#2139=CARTESIAN_POINT('Origin',(41.6960259989883,118.588,19.9729224254957));
#2140=CARTESIAN_POINT('',(42.1960259989883,118.588,19.9729224254957));
#2141=CARTESIAN_POINT('Origin',(41.6960259989883,118.588,19.9729224254957));
#2142=CARTESIAN_POINT('Origin',(41.6960259989883,118.588,19.9729224254957));
#2143=CARTESIAN_POINT('Origin',(41.6960259989883,128.738,13.9729224254957));
#2144=CARTESIAN_POINT('',(42.1960259989883,128.738,13.9729224254957));
#2145=CARTESIAN_POINT('',(41.6960259989883,128.738,13.4729224254957));
#2146=CARTESIAN_POINT('Origin',(41.6960259989883,128.738,13.9729224254957));
#2147=CARTESIAN_POINT('',(42.6960259989883,129.238,13.9729224254957));
#2148=CARTESIAN_POINT('Origin',(42.6960259989883,128.738,13.9729224254957));
#2149=CARTESIAN_POINT('',(41.6960259989883,129.238,12.9729224254957));
#2150=CARTESIAN_POINT('Origin',(41.6960259989883,129.238,13.9729224254957));
#2151=CARTESIAN_POINT('Origin',(41.6960259989883,128.738,12.9729224254957));
#2152=CARTESIAN_POINT('Origin',(29.6960259989883,128.738,19.9729224254957));
#2153=CARTESIAN_POINT('',(29.1960259989883,128.738,19.9729224254957));
#2154=CARTESIAN_POINT('',(29.6960259989883,128.738,20.4729224254957));
#2155=CARTESIAN_POINT('Origin',(29.6960259989883,128.738,19.9729224254957));
#2156=CARTESIAN_POINT('',(28.6960259989883,129.238,19.9729224254957));
#2157=CARTESIAN_POINT('Origin',(28.6960259989883,128.738,19.9729224254957));
#2158=CARTESIAN_POINT('',(29.6960259989883,129.238,20.9729224254957));
#2159=CARTESIAN_POINT('Origin',(29.6960259989883,129.238,19.9729224254957));
#2160=CARTESIAN_POINT('Origin',(29.6960259989883,128.738,20.9729224254957));
#2161=CARTESIAN_POINT('Origin',(28.6960259989884,128.738,10.2364612127478));
#2162=CARTESIAN_POINT('',(28.6960259989884,129.238,10.2364612127478));
#2163=CARTESIAN_POINT('',(29.1960259989884,128.738,10.2364612127478));
#2164=CARTESIAN_POINT('Origin',(41.6960259989883,128.738,19.9729224254957));
#2165=CARTESIAN_POINT('',(41.6960259989883,129.238,20.9729224254957));
#2166=CARTESIAN_POINT('',(42.6960259989883,129.238,19.9729224254957));
#2167=CARTESIAN_POINT('Origin',(41.6960259989883,129.238,19.9729224254957));
#2168=CARTESIAN_POINT('',(42.1960259989883,128.738,19.9729224254957));
#2169=CARTESIAN_POINT('Origin',(42.6960259989883,128.738,19.9729224254957));
#2170=CARTESIAN_POINT('',(41.6960259989883,128.738,20.4729224254957));
#2171=CARTESIAN_POINT('Origin',(41.6960259989883,128.738,19.9729224254957));
#2172=CARTESIAN_POINT('Origin',(41.6960259989883,128.738,20.9729224254957));
#2173=CARTESIAN_POINT('Origin',(42.6960259989883,128.738,6.73646121274784));
#2174=CARTESIAN_POINT('',(42.6960259989883,129.238,6.73646121274784));
#2175=CARTESIAN_POINT('',(42.1960259989883,128.738,6.73646121274784));
#2176=CARTESIAN_POINT('Origin',(41.6960259989883,129.238,19.9729224254957));
#2177=CARTESIAN_POINT('',(41.6960259989883,129.238,20.4729224254957));
#2178=CARTESIAN_POINT('',(42.1960259989883,129.238,19.9729224254957));
#2179=CARTESIAN_POINT('Origin',(76.6030129994942,128.738,20.9729224254957));
#2180=CARTESIAN_POINT('',(76.6030129994942,129.238,20.9729224254957));
#2181=CARTESIAN_POINT('',(76.6030129994942,128.738,20.4729224254957));
#2182=CARTESIAN_POINT('Origin',(29.6960259989883,129.238,19.9729224254957));
#2183=CARTESIAN_POINT('',(29.1960259989883,129.238,19.9729224254957));
#2184=CARTESIAN_POINT('',(29.6960259989883,129.238,20.4729224254957));
#2185=CARTESIAN_POINT('Origin',(70.1030129994942,128.738,12.9729224254957));
#2186=CARTESIAN_POINT('',(70.1030129994942,129.238,12.9729224254957));
#2187=CARTESIAN_POINT('',(70.1030129994942,128.738,13.4729224254957));
#2188=CARTESIAN_POINT('Origin',(41.6960259989883,129.238,13.9729224254957));
#2189=CARTESIAN_POINT('',(42.1960259989883,129.238,13.9729224254957));
#2190=CARTESIAN_POINT('',(41.6960259989883,129.238,13.4729224254957));
#2191=CARTESIAN_POINT('Origin',(41.6960259989883,118.588,15.2229224254957));
#2192=CARTESIAN_POINT('',(42.1960259989883,118.588,15.2229224254957));
#2193=CARTESIAN_POINT('Origin',(38.9460259989883,118.588,19.9729224254957));
#2194=CARTESIAN_POINT('',(38.9460259989883,118.588,20.4729224254957));
#2195=CARTESIAN_POINT('Origin',(29.6960259989884,129.238,13.9729224254957));
#2196=CARTESIAN_POINT('',(29.6960259989884,129.238,13.4729224254957));
#2197=CARTESIAN_POINT('',(29.1960259989884,129.238,13.9729224254957));
#2198=CARTESIAN_POINT('Origin',(29.6960259989883,118.588,18.7229224254957));
#2199=CARTESIAN_POINT('',(29.1960259989883,118.588,18.7229224254957));
#2200=CARTESIAN_POINT('Origin',(32.4460259989883,118.588,13.9729224254957));
#2201=CARTESIAN_POINT('',(32.4460259989883,118.588,13.4729224254957));
#2202=CARTESIAN_POINT('Origin',(29.1960259989883,129.238,20.4729224254957));
#2203=CARTESIAN_POINT('Origin',(111.01,129.238,0.));
#2204=CARTESIAN_POINT('',(106.01,129.238,0.));
#2205=CARTESIAN_POINT('',(106.01,129.238,0.));
#2206=CARTESIAN_POINT('',(5.,129.238,0.));
#2207=CARTESIAN_POINT('',(111.01,129.238,0.));
#2208=CARTESIAN_POINT('',(5.,129.238,0.));
#2209=CARTESIAN_POINT('Origin',(42.1960259989883,129.238,13.4729224254957));
#2210=CARTESIAN_POINT('Origin',(42.1960259989883,129.238,20.4729224254957));
#2211=CARTESIAN_POINT('Origin',(29.1960259989884,129.238,13.4729224254957));
#2212=CARTESIAN_POINT('Origin',(102.01,2.598,20.75));
#2213=CARTESIAN_POINT('',(103.76,2.598,20.5));
#2214=CARTESIAN_POINT('',(104.01,2.598,20.75));
#2215=CARTESIAN_POINT('Origin',(102.01,2.598,20.5));
#2216=CARTESIAN_POINT('Origin',(102.01,2.598,21.));
#2217=CARTESIAN_POINT('',(103.76,2.598,6.));
#2218=CARTESIAN_POINT('',(103.76,2.598,21.));
#2219=CARTESIAN_POINT('Origin',(102.01,2.598,6.));
#2220=CARTESIAN_POINT('Origin',(9.,2.598,20.75));
#2221=CARTESIAN_POINT('',(10.75,2.598,20.5));
#2222=CARTESIAN_POINT('',(11.,2.598,20.75));
#2223=CARTESIAN_POINT('Origin',(9.,2.598,20.5));
#2224=CARTESIAN_POINT('Origin',(9.,2.598,21.));
#2225=CARTESIAN_POINT('',(10.75,2.598,6.));
#2226=CARTESIAN_POINT('',(10.75,2.598,21.));
#2227=CARTESIAN_POINT('Origin',(9.,2.598,6.));
#2228=CARTESIAN_POINT('Origin',(9.,120.238,20.75));
#2229=CARTESIAN_POINT('',(10.75,120.238,20.5));
#2230=CARTESIAN_POINT('',(11.,120.238,20.75));
#2231=CARTESIAN_POINT('Origin',(9.,120.238,20.5));
#2232=CARTESIAN_POINT('Origin',(9.,120.238,21.));
#2233=CARTESIAN_POINT('',(10.75,120.238,6.));
#2234=CARTESIAN_POINT('',(10.75,120.238,21.));
#2235=CARTESIAN_POINT('Origin',(9.,120.238,6.));
#2236=CARTESIAN_POINT('Origin',(102.01,120.238,20.75));
#2237=CARTESIAN_POINT('',(103.76,120.238,20.5));
#2238=CARTESIAN_POINT('',(104.01,120.238,20.75));
#2239=CARTESIAN_POINT('Origin',(102.01,120.238,20.5));
#2240=CARTESIAN_POINT('Origin',(102.01,120.238,21.));
#2241=CARTESIAN_POINT('',(103.76,120.238,6.));
#2242=CARTESIAN_POINT('',(103.76,120.238,21.));
#2243=CARTESIAN_POINT('Origin',(102.01,120.238,6.));
#2244=CARTESIAN_POINT('Origin',(106.01,124.238,0.));
#2245=CARTESIAN_POINT('',(111.01,124.238,0.));
#2246=CARTESIAN_POINT('',(111.01,124.238,0.));
#2247=CARTESIAN_POINT('Origin',(106.01,124.238,0.));
#2248=CARTESIAN_POINT('Origin',(5.,124.238,0.));
#2249=CARTESIAN_POINT('',(-3.3325541402328E-31,124.238,0.));
#2250=CARTESIAN_POINT('Origin',(5.,124.238,0.));
#2251=CARTESIAN_POINT('',(0.,124.238,0.));
#2252=CARTESIAN_POINT('Origin',(5.,-1.402,0.));
#2253=CARTESIAN_POINT('',(3.76071806098487E-33,-1.402,0.));
#2254=CARTESIAN_POINT('',(5.,-6.402,0.));
#2255=CARTESIAN_POINT('Origin',(5.,-1.402,0.));
#2256=CARTESIAN_POINT('',(5.,-6.402,0.));
#2257=CARTESIAN_POINT('',(0.,-1.402,0.));
#2258=CARTESIAN_POINT('Origin',(-1.76600194318599E-32,-6.402,0.));
#2259=CARTESIAN_POINT('',(106.01,-6.402,0.));
#2260=CARTESIAN_POINT('',(-1.76600194318599E-32,-6.402,0.));
#2261=CARTESIAN_POINT('',(106.01,-6.402,0.));
#2262=CARTESIAN_POINT('Origin',(55.505,64.619,0.));
#2263=CARTESIAN_POINT('',(111.01,-1.402,0.));
#2264=CARTESIAN_POINT('',(111.01,-3.06222861157571E-31,0.));
#2265=CARTESIAN_POINT('Origin',(106.01,-1.402,0.));
#2266=CARTESIAN_POINT('',(-3.46667389989702E-31,129.238,0.));
#2267=CARTESIAN_POINT('Origin',(106.01,-1.402,0.));
#2268=CARTESIAN_POINT('',(111.01,-1.402,0.));
#2269=CARTESIAN_POINT('Origin',(9.,120.238,6.));
#2270=CARTESIAN_POINT('Origin',(102.01,120.238,6.));
#2271=CARTESIAN_POINT('Origin',(9.,2.598,6.));
#2272=CARTESIAN_POINT('Origin',(102.01,2.598,6.));
#2273=CARTESIAN_POINT('Origin',(96.2,114.7,0.));
#2274=CARTESIAN_POINT('',(96.7,114.7,5.));
#2275=CARTESIAN_POINT('',(96.2,115.2,5.));
#2276=CARTESIAN_POINT('Origin',(96.2,114.7,5.));
#2277=CARTESIAN_POINT('',(96.7,114.7,0.));
#2278=CARTESIAN_POINT('',(96.2,115.2,0.));
#2279=CARTESIAN_POINT('Origin',(55.95,65.2,5.));
#2280=CARTESIAN_POINT('',(15.7,115.2,5.));
#2281=CARTESIAN_POINT('',(35.575,115.2,5.));
#2282=CARTESIAN_POINT('',(15.2,114.7,5.));
#2283=CARTESIAN_POINT('Origin',(15.7,114.7,5.));
#2284=CARTESIAN_POINT('',(15.2,15.7,5.));
#2285=CARTESIAN_POINT('',(15.2,40.2,5.));
#2286=CARTESIAN_POINT('',(15.7,15.2,5.));
#2287=CARTESIAN_POINT('Origin',(15.7,15.7,5.));
#2288=CARTESIAN_POINT('',(96.2,15.2,5.));
#2289=CARTESIAN_POINT('',(76.325,15.2,5.));
#2290=CARTESIAN_POINT('',(96.7,15.7,5.));
#2291=CARTESIAN_POINT('Origin',(96.2,15.7,5.));
#2292=CARTESIAN_POINT('',(96.7,90.2,5.));
#2293=CARTESIAN_POINT('Origin',(15.2,115.2,0.));
#2294=CARTESIAN_POINT('',(15.7,115.2,0.));
#2295=CARTESIAN_POINT('Origin',(96.2,15.7,0.));
#2296=CARTESIAN_POINT('',(96.2,15.2,0.));
#2297=CARTESIAN_POINT('',(96.7,15.7,0.));
#2298=CARTESIAN_POINT('Origin',(96.7,15.2,0.));
#2299=CARTESIAN_POINT('',(15.7,15.2,0.));
#2300=CARTESIAN_POINT('Origin',(15.7,15.7,0.));
#2301=CARTESIAN_POINT('',(15.2,15.7,0.));
#2302=CARTESIAN_POINT('Origin',(15.2,15.2,0.));
#2303=CARTESIAN_POINT('',(15.2,114.7,0.));
#2304=CARTESIAN_POINT('Origin',(15.7,114.7,0.));
#2305=CARTESIAN_POINT('Origin',(96.7,115.2,0.));
#2306=CARTESIAN_POINT('Origin',(111.01,-3.06222861157571E-31,0.));
#2307=CARTESIAN_POINT('Origin',(-3.46667389989702E-31,129.238,0.));
#2308=UNCERTAINTY_MEASURE_WITH_UNIT(LENGTH_MEASURE(0.01),#2312,
'DISTANCE_ACCURACY_VALUE',
'Maximum model space distance between geometric entities at asserted c
onnectivities');
#2309=UNCERTAINTY_MEASURE_WITH_UNIT(LENGTH_MEASURE(0.01),#2312,
'DISTANCE_ACCURACY_VALUE',
'Maximum model space distance between geometric entities at asserted c
onnectivities');
#2310=(
GEOMETRIC_REPRESENTATION_CONTEXT(3)
GLOBAL_UNCERTAINTY_ASSIGNED_CONTEXT((#2308))
GLOBAL_UNIT_ASSIGNED_CONTEXT((#2312,#2314,#2315))
REPRESENTATION_CONTEXT('','3D')
);
#2311=(
GEOMETRIC_REPRESENTATION_CONTEXT(3)
GLOBAL_UNCERTAINTY_ASSIGNED_CONTEXT((#2309))
GLOBAL_UNIT_ASSIGNED_CONTEXT((#2312,#2314,#2315))
REPRESENTATION_CONTEXT('','3D')
);
#2312=(
LENGTH_UNIT()
NAMED_UNIT(*)
SI_UNIT(.MILLI.,.METRE.)
);
#2313=(
LENGTH_UNIT()
NAMED_UNIT(*)
SI_UNIT($,.METRE.)
);
#2314=(
NAMED_UNIT(*)
PLANE_ANGLE_UNIT()
SI_UNIT($,.RADIAN.)
);
#2315=(
NAMED_UNIT(*)
SI_UNIT($,.STERADIAN.)
SOLID_ANGLE_UNIT()
);
#2316=SHAPE_DEFINITION_REPRESENTATION(#2317,#2318);
#2317=PRODUCT_DEFINITION_SHAPE('',$,#2320);
#2318=SHAPE_REPRESENTATION('',(#1320),#2310);
#2319=PRODUCT_DEFINITION_CONTEXT('part definition',#2324,'design');
#2320=PRODUCT_DEFINITION('2026-05-20-22-00-07-291',
'MACROPAD BOTTOM CASE',#2321,#2319);
#2321=PRODUCT_DEFINITION_FORMATION('',$,#2326);
#2322=PRODUCT_RELATED_PRODUCT_CATEGORY('MACROPAD BOTTOM CASE',
'MACROPAD BOTTOM CASE',(#2326));
#2323=APPLICATION_PROTOCOL_DEFINITION('international standard',
'automotive_design',2009,#2324);
#2324=APPLICATION_CONTEXT(
'Core Data for Automotive Mechanical Design Process');
#2325=PRODUCT_CONTEXT('part definition',#2324,'mechanical');
#2326=PRODUCT('2026-05-20-22-00-07-291','MACROPAD BOTTOM CASE',$,(#2325));
#2327=PRESENTATION_STYLE_ASSIGNMENT((#2329));
#2328=PRESENTATION_STYLE_ASSIGNMENT((#2330));
#2329=SURFACE_STYLE_USAGE(.BOTH.,#2331);
#2330=SURFACE_STYLE_USAGE(.BOTH.,#2332);
#2331=SURFACE_SIDE_STYLE('',(#2333));
#2332=SURFACE_SIDE_STYLE('',(#2334));
#2333=SURFACE_STYLE_FILL_AREA(#2335);
#2334=SURFACE_STYLE_FILL_AREA(#2336);
#2335=FILL_AREA_STYLE('Steel - Satin',(#2337));
#2336=FILL_AREA_STYLE('Powder Coat - Rough (Black)',(#2338));
#2337=FILL_AREA_STYLE_COLOUR('Steel - Satin',#2339);
#2338=FILL_AREA_STYLE_COLOUR('Powder Coat - Rough (Black)',#2340);
#2339=COLOUR_RGB('Steel - Satin',0.627450980392157,0.627450980392157,0.627450980392157);
#2340=COLOUR_RGB('Powder Coat - Rough (Black)',0.0980392156862745,0.0980392156862745,
0.0980392156862745);
ENDSEC;
END-ISO-10303-21;
