ISO-10303-21;
HEADER;
/* Generated by software containing ST-Developer
 * from STEP Tools, Inc. (www.steptools.com) 
 */

FILE_DESCRIPTION(
/* description */ (''),
/* implementation_level */ '2;1');

FILE_NAME(
/* name */ 'MACROPAD TOP CASE.step',
/* time_stamp */ '2026-07-09T13:53:54-05:00',
/* author */ (''),
/* organization */ (''),
/* preprocessor_version */ 'ST-DEVELOPER v20.1',
/* originating_system */ 'Autodesk Translation Framework v15.8.0.0',
/* authorisation */ '');

FILE_SCHEMA (('AUTOMOTIVE_DESIGN { 1 0 10303 214 3 1 1 }'));
ENDSEC;

DATA;
#10=MECHANICAL_DESIGN_GEOMETRIC_PRESENTATION_REPRESENTATION('',(#529,#530,
#531,#532,#533,#534,#535,#536,#537),#11045);
#11=SHAPE_REPRESENTATION_RELATIONSHIP('SRR','None',#11052,#12);
#12=ADVANCED_BREP_SHAPE_REPRESENTATION('',(#538,#539,#540,#541,#542,#543,
#544,#545,#546),#11044);
#13=B_SPLINE_CURVE_WITH_KNOTS('',3,(#6718,#6719,#6720,#6721,#6722),
 .UNSPECIFIED.,.F.,.F.,(4,1,4),(0.,0.135463168166,0.234164305559392),
 .UNSPECIFIED.);
#14=B_SPLINE_CURVE_WITH_KNOTS('',3,(#6724,#6725,#6726,#6727,#6728),
 .UNSPECIFIED.,.F.,.F.,(4,1,4),(-0.234164305559392,-0.135463168166,0.),
 .UNSPECIFIED.);
#15=B_SPLINE_CURVE_WITH_KNOTS('',3,(#6741,#6742,#6743,#6744,#6745),
 .UNSPECIFIED.,.F.,.F.,(4,1,4),(0.,0.0735218646929153,0.147732452856189),
 .UNSPECIFIED.);
#16=B_SPLINE_CURVE_WITH_KNOTS('',3,(#6747,#6748,#6749,#6750,#6751),
 .UNSPECIFIED.,.F.,.F.,(4,1,4),(-0.147732452856189,-0.0735218646929153,
0.),.UNSPECIFIED.);
#17=B_SPLINE_CURVE_WITH_KNOTS('',3,(#6764,#6765,#6766,#6767,#6768),
 .UNSPECIFIED.,.F.,.F.,(4,1,4),(0.,0.045517447819613,0.085274588662666),
 .UNSPECIFIED.);
#18=B_SPLINE_CURVE_WITH_KNOTS('',3,(#6770,#6771,#6772,#6773,#6774),
 .UNSPECIFIED.,.F.,.F.,(4,1,4),(-0.085274588662666,-0.045517447819613,0.),
 .UNSPECIFIED.);
#19=B_SPLINE_CURVE_WITH_KNOTS('',3,(#6787,#6788,#6789,#6790,#6791),
 .UNSPECIFIED.,.F.,.F.,(4,1,4),(0.,0.0385772049727437,0.0808745394461474),
 .UNSPECIFIED.);
#20=B_SPLINE_CURVE_WITH_KNOTS('',3,(#6793,#6794,#6795,#6796,#6797),
 .UNSPECIFIED.,.F.,.F.,(4,1,4),(-0.0808745394461474,-0.0385772049727437,
0.),.UNSPECIFIED.);
#21=B_SPLINE_CURVE_WITH_KNOTS('',3,(#6810,#6811,#6812,#6813,#6814),
 .UNSPECIFIED.,.F.,.F.,(4,1,4),(0.,0.0733164500459294,0.149109687862671),
 .UNSPECIFIED.);
#22=B_SPLINE_CURVE_WITH_KNOTS('',3,(#6816,#6817,#6818,#6819,#6820),
 .UNSPECIFIED.,.F.,.F.,(4,1,4),(-0.149109687862671,-0.0733164500459294,
0.),.UNSPECIFIED.);
#23=B_SPLINE_CURVE_WITH_KNOTS('',3,(#6832,#6833,#6834,#6835,#6836),
 .UNSPECIFIED.,.F.,.F.,(4,1,4),(0.,0.0801796162899932,0.163907317203602),
 .UNSPECIFIED.);
#24=B_SPLINE_CURVE_WITH_KNOTS('',3,(#6837,#6838,#6839,#6840,#6841),
 .UNSPECIFIED.,.F.,.F.,(4,1,4),(-0.163907317203602,-0.0801796162899932,
0.),.UNSPECIFIED.);
#25=B_SPLINE_CURVE_WITH_KNOTS('',3,(#6854,#6855,#6856,#6857,#6858),
 .UNSPECIFIED.,.F.,.F.,(4,1,4),(0.,0.0146969320594534,0.0492388989609334),
 .UNSPECIFIED.);
#26=B_SPLINE_CURVE_WITH_KNOTS('',3,(#6862,#6863,#6864,#6865,#6866),
 .UNSPECIFIED.,.F.,.F.,(4,1,4),(-0.0492388989609334,-0.0146969320594534,
0.),.UNSPECIFIED.);
#27=B_SPLINE_CURVE_WITH_KNOTS('',3,(#6879,#6880,#6881,#6882,#6883),
 .UNSPECIFIED.,.F.,.F.,(4,1,4),(0.,0.0208845882701541,0.0380329480542522),
 .UNSPECIFIED.);
#28=B_SPLINE_CURVE_WITH_KNOTS('',3,(#6885,#6886,#6887,#6888,#6889),
 .UNSPECIFIED.,.F.,.F.,(4,1,4),(-0.0380329480542522,-0.0208845882701541,
0.),.UNSPECIFIED.);
#29=B_SPLINE_CURVE_WITH_KNOTS('',3,(#6902,#6903,#6904,#6905,#6906),
 .UNSPECIFIED.,.F.,.F.,(4,1,4),(0.,0.0525688145943877,0.10681285606254),
 .UNSPECIFIED.);
#30=B_SPLINE_CURVE_WITH_KNOTS('',3,(#6908,#6909,#6910,#6911,#6912),
 .UNSPECIFIED.,.F.,.F.,(4,1,4),(-0.10681285606254,-0.0525688145943877,0.),
 .UNSPECIFIED.);
#31=B_SPLINE_CURVE_WITH_KNOTS('',3,(#6925,#6926,#6927,#6928,#6929),
 .UNSPECIFIED.,.F.,.F.,(4,1,4),(0.,0.0318466510671275,0.0613781107469781),
 .UNSPECIFIED.);
#32=B_SPLINE_CURVE_WITH_KNOTS('',3,(#6931,#6932,#6933,#6934,#6935),
 .UNSPECIFIED.,.F.,.F.,(4,1,4),(-0.0613781107469781,-0.0318466510671275,
0.),.UNSPECIFIED.);
#33=B_SPLINE_CURVE_WITH_KNOTS('',3,(#6948,#6949,#6950,#6951,#6952),
 .UNSPECIFIED.,.F.,.F.,(4,1,4),(0.,0.0300450293958364,0.0645600300773716),
 .UNSPECIFIED.);
#34=B_SPLINE_CURVE_WITH_KNOTS('',3,(#6954,#6955,#6956,#6957,#6958),
 .UNSPECIFIED.,.F.,.F.,(4,1,4),(-0.0645600300773716,-0.0300450293958364,
0.),.UNSPECIFIED.);
#35=B_SPLINE_CURVE_WITH_KNOTS('',3,(#6971,#6972,#6973,#6974,#6975),
 .UNSPECIFIED.,.F.,.F.,(4,1,4),(0.,0.0673651598822144,0.147684259930092),
 .UNSPECIFIED.);
#36=B_SPLINE_CURVE_WITH_KNOTS('',3,(#6977,#6978,#6979,#6980,#6981),
 .UNSPECIFIED.,.F.,.F.,(4,1,4),(-0.147684259930092,-0.0673651598822144,
0.),.UNSPECIFIED.);
#37=B_SPLINE_CURVE_WITH_KNOTS('',3,(#6994,#6995,#6996,#6997,#6998),
 .UNSPECIFIED.,.F.,.F.,(4,1,4),(0.,0.0951207783204442,0.201577037698975),
 .UNSPECIFIED.);
#38=B_SPLINE_CURVE_WITH_KNOTS('',3,(#7000,#7001,#7002,#7003,#7004),
 .UNSPECIFIED.,.F.,.F.,(4,1,4),(-0.201577037698975,-0.0951207783204442,
0.),.UNSPECIFIED.);
#39=B_SPLINE_CURVE_WITH_KNOTS('',3,(#7017,#7018,#7019,#7020,#7021),
 .UNSPECIFIED.,.F.,.F.,(4,1,4),(0.,0.0940939236121945,0.173024850698566),
 .UNSPECIFIED.);
#40=B_SPLINE_CURVE_WITH_KNOTS('',3,(#7023,#7024,#7025,#7026,#7027),
 .UNSPECIFIED.,.F.,.F.,(4,1,4),(-0.173024850698566,-0.0940939236121945,
0.),.UNSPECIFIED.);
#41=B_SPLINE_CURVE_WITH_KNOTS('',3,(#7040,#7041,#7042,#7043,#7044),
 .UNSPECIFIED.,.F.,.F.,(4,1,4),(0.,0.0692148421013882,0.136846386540627),
 .UNSPECIFIED.);
#42=B_SPLINE_CURVE_WITH_KNOTS('',3,(#7046,#7047,#7048,#7049,#7050),
 .UNSPECIFIED.,.F.,.F.,(4,1,4),(-0.136846386540627,-0.0692148421013882,
0.),.UNSPECIFIED.);
#43=B_SPLINE_CURVE_WITH_KNOTS('',3,(#7069,#7070,#7071,#7072,#7073),
 .UNSPECIFIED.,.F.,.F.,(4,1,4),(0.,0.0659139568231224,0.111103847605878),
 .UNSPECIFIED.);
#44=B_SPLINE_CURVE_WITH_KNOTS('',3,(#7075,#7076,#7077,#7078,#7079),
 .UNSPECIFIED.,.F.,.F.,(4,1,4),(-0.111103847605878,-0.0659139568231224,
0.),.UNSPECIFIED.);
#45=B_SPLINE_CURVE_WITH_KNOTS('',3,(#7092,#7093,#7094,#7095,#7096),
 .UNSPECIFIED.,.F.,.F.,(4,1,4),(0.,0.0139426265367511,0.0268736125497713),
 .UNSPECIFIED.);
#46=B_SPLINE_CURVE_WITH_KNOTS('',3,(#7098,#7099,#7100,#7101,#7102),
 .UNSPECIFIED.,.F.,.F.,(4,1,4),(-0.0268736125497713,-0.0139426265367511,
0.),.UNSPECIFIED.);
#47=B_SPLINE_CURVE_WITH_KNOTS('',3,(#7115,#7116,#7117,#7118,#7119),
 .UNSPECIFIED.,.F.,.F.,(4,1,4),(0.,0.015105298863154,0.0320962253846987),
 .UNSPECIFIED.);
#48=B_SPLINE_CURVE_WITH_KNOTS('',3,(#7121,#7122,#7123,#7124,#7125),
 .UNSPECIFIED.,.F.,.F.,(4,1,4),(-0.0320962253846987,-0.015105298863154,
0.),.UNSPECIFIED.);
#49=B_SPLINE_CURVE_WITH_KNOTS('',3,(#7144,#7145,#7146,#7147,#7148),
 .UNSPECIFIED.,.F.,.F.,(4,1,4),(0.,0.0629137992859293,0.119948351603478),
 .UNSPECIFIED.);
#50=B_SPLINE_CURVE_WITH_KNOTS('',3,(#7150,#7151,#7152,#7153,#7154),
 .UNSPECIFIED.,.F.,.F.,(4,1,4),(-0.119948351603478,-0.0629137992859293,
0.),.UNSPECIFIED.);
#51=B_SPLINE_CURVE_WITH_KNOTS('',3,(#7167,#7168,#7169,#7170,#7171),
 .UNSPECIFIED.,.F.,.F.,(4,1,4),(0.,0.0832601915400543,0.181925082772095),
 .UNSPECIFIED.);
#52=B_SPLINE_CURVE_WITH_KNOTS('',3,(#7173,#7174,#7175,#7176,#7177),
 .UNSPECIFIED.,.F.,.F.,(4,1,4),(-0.181925082772095,-0.0832601915400543,
0.),.UNSPECIFIED.);
#53=B_SPLINE_CURVE_WITH_KNOTS('',3,(#7190,#7191,#7192,#7193,#7194),
 .UNSPECIFIED.,.F.,.F.,(4,1,4),(0.,0.0747207634708037,0.131118261522857),
 .UNSPECIFIED.);
#54=B_SPLINE_CURVE_WITH_KNOTS('',3,(#7196,#7197,#7198,#7199,#7200),
 .UNSPECIFIED.,.F.,.F.,(4,1,4),(-0.131118261522857,-0.0747207634708037,
0.),.UNSPECIFIED.);
#55=B_SPLINE_CURVE_WITH_KNOTS('',3,(#7213,#7214,#7215,#7216,#7217),
 .UNSPECIFIED.,.F.,.F.,(4,1,4),(0.,0.0609649863505429,0.129859757621189),
 .UNSPECIFIED.);
#56=B_SPLINE_CURVE_WITH_KNOTS('',3,(#7219,#7220,#7221,#7222,#7223),
 .UNSPECIFIED.,.F.,.F.,(4,1,4),(-0.129859757621189,-0.0609649863505429,
0.),.UNSPECIFIED.);
#57=B_SPLINE_CURVE_WITH_KNOTS('',3,(#7236,#7237,#7238,#7239,#7240),
 .UNSPECIFIED.,.F.,.F.,(4,1,4),(0.,0.0820603891299107,0.150480988736205),
 .UNSPECIFIED.);
#58=B_SPLINE_CURVE_WITH_KNOTS('',3,(#7242,#7243,#7244,#7245,#7246),
 .UNSPECIFIED.,.F.,.F.,(4,1,4),(-0.150480988736205,-0.0820603891299107,
0.),.UNSPECIFIED.);
#59=B_SPLINE_CURVE_WITH_KNOTS('',3,(#7259,#7260,#7261,#7262,#7263),
 .UNSPECIFIED.,.F.,.F.,(4,1,4),(0.,0.0597825718194216,0.12069901159048),
 .UNSPECIFIED.);
#60=B_SPLINE_CURVE_WITH_KNOTS('',3,(#7265,#7266,#7267,#7268,#7269),
 .UNSPECIFIED.,.F.,.F.,(4,1,4),(-0.12069901159048,-0.0597825718194216,0.),
 .UNSPECIFIED.);
#61=B_SPLINE_CURVE_WITH_KNOTS('',3,(#7282,#7283,#7284,#7285,#7286),
 .UNSPECIFIED.,.F.,.F.,(4,1,4),(0.,0.0909048067326144,0.199743945193346),
 .UNSPECIFIED.);
#62=B_SPLINE_CURVE_WITH_KNOTS('',3,(#7288,#7289,#7290,#7291,#7292),
 .UNSPECIFIED.,.F.,.F.,(4,1,4),(-0.199743945193346,-0.0909048067326144,
0.),.UNSPECIFIED.);
#63=B_SPLINE_CURVE_WITH_KNOTS('',3,(#7305,#7306,#7307,#7308,#7309),
 .UNSPECIFIED.,.F.,.F.,(4,1,4),(0.,0.1426141908518,0.32029336042593),
 .UNSPECIFIED.);
#64=B_SPLINE_CURVE_WITH_KNOTS('',3,(#7311,#7312,#7313,#7314,#7315),
 .UNSPECIFIED.,.F.,.F.,(4,1,4),(-0.32029336042593,-0.1426141908518,0.),
 .UNSPECIFIED.);
#65=B_SPLINE_CURVE_WITH_KNOTS('',3,(#7334,#7335,#7336,#7337,#7338),
 .UNSPECIFIED.,.F.,.F.,(4,1,4),(0.,0.0503943108191354,0.100404155288859),
 .UNSPECIFIED.);
#66=B_SPLINE_CURVE_WITH_KNOTS('',3,(#7340,#7341,#7342,#7343,#7344),
 .UNSPECIFIED.,.F.,.F.,(4,1,4),(-0.100404155288859,-0.0503943108191354,
0.),.UNSPECIFIED.);
#67=B_SPLINE_CURVE_WITH_KNOTS('',3,(#7357,#7358,#7359,#7360,#7361),
 .UNSPECIFIED.,.F.,.F.,(4,1,4),(0.,0.0519139029391597,0.108205292404497),
 .UNSPECIFIED.);
#68=B_SPLINE_CURVE_WITH_KNOTS('',3,(#7363,#7364,#7365,#7366,#7367),
 .UNSPECIFIED.,.F.,.F.,(4,1,4),(-0.108205292404497,-0.0519139029391597,
0.),.UNSPECIFIED.);
#69=B_SPLINE_CURVE_WITH_KNOTS('',3,(#7380,#7381,#7382,#7383,#7384),
 .UNSPECIFIED.,.F.,.F.,(4,1,4),(0.,0.0489628908024574,0.0945394066206679),
 .UNSPECIFIED.);
#70=B_SPLINE_CURVE_WITH_KNOTS('',3,(#7386,#7387,#7388,#7389,#7390),
 .UNSPECIFIED.,.F.,.F.,(4,1,4),(-0.0945394066206679,-0.0489628908024574,
0.),.UNSPECIFIED.);
#71=B_SPLINE_CURVE_WITH_KNOTS('',3,(#7402,#7403,#7404,#7405,#7406),
 .UNSPECIFIED.,.F.,.F.,(4,1,4),(0.,0.0348075592286097,0.0559840892807731),
 .UNSPECIFIED.);
#72=B_SPLINE_CURVE_WITH_KNOTS('',3,(#7407,#7408,#7409,#7410,#7411),
 .UNSPECIFIED.,.F.,.F.,(4,1,4),(-0.0559840892807731,-0.0348075592286097,
0.),.UNSPECIFIED.);
#73=B_SPLINE_CURVE_WITH_KNOTS('',3,(#7446,#7447,#7448,#7449,#7450),
 .UNSPECIFIED.,.F.,.F.,(4,1,4),(0.,0.117121203200785,0.208322141430473),
 .UNSPECIFIED.);
#74=B_SPLINE_CURVE_WITH_KNOTS('',3,(#7452,#7453,#7454,#7455,#7456),
 .UNSPECIFIED.,.F.,.F.,(4,1,4),(-0.208322141430473,-0.117121203200785,0.),
 .UNSPECIFIED.);
#75=B_SPLINE_CURVE_WITH_KNOTS('',3,(#7469,#7470,#7471,#7472,#7473),
 .UNSPECIFIED.,.F.,.F.,(4,1,4),(0.,0.0731338032702403,0.143098687027242),
 .UNSPECIFIED.);
#76=B_SPLINE_CURVE_WITH_KNOTS('',3,(#7475,#7476,#7477,#7478,#7479),
 .UNSPECIFIED.,.F.,.F.,(4,1,4),(-0.143098687027242,-0.0731338032702403,
0.),.UNSPECIFIED.);
#77=B_SPLINE_CURVE_WITH_KNOTS('',3,(#7492,#7493,#7494,#7495,#7496),
 .UNSPECIFIED.,.F.,.F.,(4,1,4),(0.,0.0457288132555207,0.0876133418470288),
 .UNSPECIFIED.);
#78=B_SPLINE_CURVE_WITH_KNOTS('',3,(#7498,#7499,#7500,#7501,#7502),
 .UNSPECIFIED.,.F.,.F.,(4,1,4),(-0.0876133418470288,-0.0457288132555207,
0.),.UNSPECIFIED.);
#79=B_SPLINE_CURVE_WITH_KNOTS('',3,(#7515,#7516,#7517,#7518,#7519),
 .UNSPECIFIED.,.F.,.F.,(4,1,4),(0.,0.0429967886945166,0.0919373541749167),
 .UNSPECIFIED.);
#80=B_SPLINE_CURVE_WITH_KNOTS('',3,(#7521,#7522,#7523,#7524,#7525),
 .UNSPECIFIED.,.F.,.F.,(4,1,4),(-0.0919373541749167,-0.0429967886945166,
0.),.UNSPECIFIED.);
#81=B_SPLINE_CURVE_WITH_KNOTS('',3,(#7538,#7539,#7540,#7541,#7542),
 .UNSPECIFIED.,.F.,.F.,(4,1,4),(0.,0.0341381240221168,0.0651103338742477),
 .UNSPECIFIED.);
#82=B_SPLINE_CURVE_WITH_KNOTS('',3,(#7544,#7545,#7546,#7547,#7548),
 .UNSPECIFIED.,.F.,.F.,(4,1,4),(-0.0651103338742477,-0.0341381240221168,
0.),.UNSPECIFIED.);
#83=B_SPLINE_CURVE_WITH_KNOTS('',3,(#7561,#7562,#7563,#7564,#7565),
 .UNSPECIFIED.,.F.,.F.,(4,1,4),(0.,0.029012572688018,0.0584307965422528),
 .UNSPECIFIED.);
#84=B_SPLINE_CURVE_WITH_KNOTS('',3,(#7567,#7568,#7569,#7570,#7571),
 .UNSPECIFIED.,.F.,.F.,(4,1,4),(-0.0584307965422528,-0.029012572688018,
0.),.UNSPECIFIED.);
#85=B_SPLINE_CURVE_WITH_KNOTS('',3,(#7584,#7585,#7586,#7587,#7588),
 .UNSPECIFIED.,.F.,.F.,(4,1,4),(0.,0.0269516031867096,0.0528578304473366),
 .UNSPECIFIED.);
#86=B_SPLINE_CURVE_WITH_KNOTS('',3,(#7590,#7591,#7592,#7593,#7594),
 .UNSPECIFIED.,.F.,.F.,(4,1,4),(-0.0528578304473366,-0.0269516031867096,
0.),.UNSPECIFIED.);
#87=B_SPLINE_CURVE_WITH_KNOTS('',3,(#7607,#7608,#7609,#7610,#7611),
 .UNSPECIFIED.,.F.,.F.,(4,1,4),(0.,0.0274055564414991,0.0578439514304801),
 .UNSPECIFIED.);
#88=B_SPLINE_CURVE_WITH_KNOTS('',3,(#7613,#7614,#7615,#7616,#7617),
 .UNSPECIFIED.,.F.,.F.,(4,1,4),(-0.0578439514304801,-0.0274055564414991,
0.),.UNSPECIFIED.);
#89=B_SPLINE_CURVE_WITH_KNOTS('',3,(#7630,#7631,#7632,#7633,#7634),
 .UNSPECIFIED.,.F.,.F.,(4,1,4),(0.,0.019015964824442,0.0397529648595359),
 .UNSPECIFIED.);
#90=B_SPLINE_CURVE_WITH_KNOTS('',3,(#7636,#7637,#7638,#7639,#7640),
 .UNSPECIFIED.,.F.,.F.,(4,1,4),(-0.0397529648595359,-0.019015964824442,
0.),.UNSPECIFIED.);
#91=B_SPLINE_CURVE_WITH_KNOTS('',3,(#7653,#7654,#7655,#7656,#7657),
 .UNSPECIFIED.,.F.,.F.,(4,1,4),(0.,0.0173486358561664,0.025626795951409),
 .UNSPECIFIED.);
#92=B_SPLINE_CURVE_WITH_KNOTS('',3,(#7659,#7660,#7661,#7662,#7663),
 .UNSPECIFIED.,.F.,.F.,(4,1,4),(-0.025626795951409,-0.0173486358561664,
0.),.UNSPECIFIED.);
#93=B_SPLINE_CURVE_WITH_KNOTS('',3,(#7676,#7677,#7678,#7679,#7680),
 .UNSPECIFIED.,.F.,.F.,(4,1,4),(0.,0.00296174899615719,0.00773729349907448),
 .UNSPECIFIED.);
#94=B_SPLINE_CURVE_WITH_KNOTS('',3,(#7682,#7683,#7684,#7685,#7686),
 .UNSPECIFIED.,.F.,.F.,(4,1,4),(-0.00773729349907448,-0.00296174899615719,
0.),.UNSPECIFIED.);
#95=B_SPLINE_CURVE_WITH_KNOTS('',3,(#7699,#7700,#7701,#7702,#7703),
 .UNSPECIFIED.,.F.,.F.,(4,1,4),(0.,0.00234143445168047,0.00675898162581915),
 .UNSPECIFIED.);
#96=B_SPLINE_CURVE_WITH_KNOTS('',3,(#7705,#7706,#7707,#7708,#7709),
 .UNSPECIFIED.,.F.,.F.,(4,1,4),(-0.00675898162581915,-0.00234143445168047,
0.),.UNSPECIFIED.);
#97=B_SPLINE_CURVE_WITH_KNOTS('',3,(#7722,#7723,#7724,#7725,#7726),
 .UNSPECIFIED.,.F.,.F.,(4,1,4),(0.,0.0639785360031352,0.166139307752987),
 .UNSPECIFIED.);
#98=B_SPLINE_CURVE_WITH_KNOTS('',3,(#7728,#7729,#7730,#7731,#7732),
 .UNSPECIFIED.,.F.,.F.,(4,1,4),(-0.166139307752987,-0.0639785360031352,
0.),.UNSPECIFIED.);
#99=B_SPLINE_CURVE_WITH_KNOTS('',3,(#7745,#7746,#7747,#7748,#7749),
 .UNSPECIFIED.,.F.,.F.,(4,1,4),(0.,0.12138727627536,0.242137032629808),
 .UNSPECIFIED.);
#100=B_SPLINE_CURVE_WITH_KNOTS('',3,(#7751,#7752,#7753,#7754,#7755),
 .UNSPECIFIED.,.F.,.F.,(4,1,4),(-0.242137032629808,-0.12138727627536,0.),
 .UNSPECIFIED.);
#101=B_SPLINE_CURVE_WITH_KNOTS('',3,(#7774,#7775,#7776,#7777,#7778),
 .UNSPECIFIED.,.F.,.F.,(4,1,4),(0.,0.0389464147335539,0.0928556783059411),
 .UNSPECIFIED.);
#102=B_SPLINE_CURVE_WITH_KNOTS('',3,(#7780,#7781,#7782,#7783,#7784),
 .UNSPECIFIED.,.F.,.F.,(4,1,4),(-0.0928556783059411,-0.0389464147335539,
0.),.UNSPECIFIED.);
#103=B_SPLINE_CURVE_WITH_KNOTS('',3,(#7827,#7828,#7829,#7830,#7831),
 .UNSPECIFIED.,.F.,.F.,(4,1,4),(0.,0.0498154987037734,0.0855049626928025),
 .UNSPECIFIED.);
#104=B_SPLINE_CURVE_WITH_KNOTS('',3,(#7833,#7834,#7835,#7836,#7837),
 .UNSPECIFIED.,.F.,.F.,(4,1,4),(-0.0855049626928025,-0.0498154987037734,
0.),.UNSPECIFIED.);
#105=B_SPLINE_CURVE_WITH_KNOTS('',3,(#7856,#7857,#7858,#7859,#7860),
 .UNSPECIFIED.,.F.,.F.,(4,1,4),(0.,0.067271530440829,0.127846733855982),
 .UNSPECIFIED.);
#106=B_SPLINE_CURVE_WITH_KNOTS('',3,(#7862,#7863,#7864,#7865,#7866),
 .UNSPECIFIED.,.F.,.F.,(4,1,4),(-0.127846733855982,-0.067271530440829,0.),
 .UNSPECIFIED.);
#107=B_SPLINE_CURVE_WITH_KNOTS('',3,(#7885,#7886,#7887,#7888,#7889),
 .UNSPECIFIED.,.F.,.F.,(4,1,4),(0.,0.0740457355502617,0.150141977694787),
 .UNSPECIFIED.);
#108=B_SPLINE_CURVE_WITH_KNOTS('',3,(#7893,#7894,#7895,#7896,#7897),
 .UNSPECIFIED.,.F.,.F.,(4,1,4),(-0.150141977694787,-0.0740457355502617,
0.),.UNSPECIFIED.);
#109=B_SPLINE_CURVE_WITH_KNOTS('',3,(#7910,#7911,#7912,#7913,#7914),
 .UNSPECIFIED.,.F.,.F.,(4,1,4),(0.,0.0921225951107129,0.210508733098591),
 .UNSPECIFIED.);
#110=B_SPLINE_CURVE_WITH_KNOTS('',3,(#7916,#7917,#7918,#7919,#7920),
 .UNSPECIFIED.,.F.,.F.,(4,1,4),(-0.210508733098591,-0.0921225951107129,
0.),.UNSPECIFIED.);
#111=B_SPLINE_CURVE_WITH_KNOTS('',3,(#7933,#7934,#7935,#7936,#7937),
 .UNSPECIFIED.,.F.,.F.,(4,1,4),(0.,0.124981914799857,0.22082839550822),
 .UNSPECIFIED.);
#112=B_SPLINE_CURVE_WITH_KNOTS('',3,(#7939,#7940,#7941,#7942,#7943),
 .UNSPECIFIED.,.F.,.F.,(4,1,4),(-0.22082839550822,-0.124981914799857,0.),
 .UNSPECIFIED.);
#113=B_SPLINE_CURVE_WITH_KNOTS('',3,(#7956,#7957,#7958,#7959,#7960),
 .UNSPECIFIED.,.F.,.F.,(4,1,4),(0.,0.0765673563873331,0.152299684718778),
 .UNSPECIFIED.);
#114=B_SPLINE_CURVE_WITH_KNOTS('',3,(#7962,#7963,#7964,#7965,#7966),
 .UNSPECIFIED.,.F.,.F.,(4,1,4),(-0.152299684718778,-0.0765673563873331,
0.),.UNSPECIFIED.);
#115=B_SPLINE_CURVE_WITH_KNOTS('',3,(#7979,#7980,#7981,#7982,#7983),
 .UNSPECIFIED.,.F.,.F.,(4,1,4),(0.,0.0758128493394198,0.153092259790094),
 .UNSPECIFIED.);
#116=B_SPLINE_CURVE_WITH_KNOTS('',3,(#7985,#7986,#7987,#7988,#7989),
 .UNSPECIFIED.,.F.,.F.,(4,1,4),(-0.153092259790094,-0.0758128493394198,
0.),.UNSPECIFIED.);
#117=B_SPLINE_CURVE_WITH_KNOTS('',3,(#8002,#8003,#8004,#8005,#8006),
 .UNSPECIFIED.,.F.,.F.,(4,1,4),(0.,0.0971215797890081,0.222462624051815),
 .UNSPECIFIED.);
#118=B_SPLINE_CURVE_WITH_KNOTS('',3,(#8008,#8009,#8010,#8011,#8012),
 .UNSPECIFIED.,.F.,.F.,(4,1,4),(-0.222462624051815,-0.0971215797890081,
0.),.UNSPECIFIED.);
#119=B_SPLINE_CURVE_WITH_KNOTS('',3,(#8025,#8026,#8027,#8028,#8029),
 .UNSPECIFIED.,.F.,.F.,(4,1,4),(0.,0.118119656307081,0.210047446855075),
 .UNSPECIFIED.);
#120=B_SPLINE_CURVE_WITH_KNOTS('',3,(#8031,#8032,#8033,#8034,#8035),
 .UNSPECIFIED.,.F.,.F.,(4,1,4),(-0.210047446855075,-0.118119656307081,0.),
 .UNSPECIFIED.);
#121=B_SPLINE_CURVE_WITH_KNOTS('',3,(#8047,#8048,#8049,#8050,#8051),
 .UNSPECIFIED.,.F.,.F.,(4,1,4),(0.,0.0756368618976831,0.150568585292173),
 .UNSPECIFIED.);
#122=B_SPLINE_CURVE_WITH_KNOTS('',3,(#8052,#8053,#8054,#8055,#8056),
 .UNSPECIFIED.,.F.,.F.,(4,1,4),(-0.150568585292173,-0.0756368618976831,
0.),.UNSPECIFIED.);
#123=B_SPLINE_CURVE_WITH_KNOTS('',3,(#8069,#8070,#8071,#8072,#8073),
 .UNSPECIFIED.,.F.,.F.,(4,1,4),(0.,0.118449661218008,0.235085886955035),
 .UNSPECIFIED.);
#124=B_SPLINE_CURVE_WITH_KNOTS('',3,(#8077,#8078,#8079,#8080,#8081),
 .UNSPECIFIED.,.F.,.F.,(4,1,4),(-0.235085886955035,-0.118449661218008,0.),
 .UNSPECIFIED.);
#125=B_SPLINE_CURVE_WITH_KNOTS('',3,(#8094,#8095,#8096,#8097,#8098),
 .UNSPECIFIED.,.F.,.F.,(4,1,4),(0.,0.123286110464659,0.259056143919203),
 .UNSPECIFIED.);
#126=B_SPLINE_CURVE_WITH_KNOTS('',3,(#8100,#8101,#8102,#8103,#8104),
 .UNSPECIFIED.,.F.,.F.,(4,1,4),(-0.259056143919203,-0.123286110464659,0.),
 .UNSPECIFIED.);
#127=B_SPLINE_CURVE_WITH_KNOTS('',3,(#8117,#8118,#8119,#8120,#8121),
 .UNSPECIFIED.,.F.,.F.,(4,1,4),(0.,0.133860849915762,0.257097586854158),
 .UNSPECIFIED.);
#128=B_SPLINE_CURVE_WITH_KNOTS('',3,(#8123,#8124,#8125,#8126,#8127),
 .UNSPECIFIED.,.F.,.F.,(4,1,4),(-0.257097586854158,-0.133860849915762,0.),
 .UNSPECIFIED.);
#129=B_SPLINE_CURVE_WITH_KNOTS('',3,(#8140,#8141,#8142,#8143,#8144),
 .UNSPECIFIED.,.F.,.F.,(4,1,4),(0.,0.117134729956266,0.234220756570326),
 .UNSPECIFIED.);
#130=B_SPLINE_CURVE_WITH_KNOTS('',3,(#8146,#8147,#8148,#8149,#8150),
 .UNSPECIFIED.,.F.,.F.,(4,1,4),(-0.234220756570326,-0.117134729956266,0.),
 .UNSPECIFIED.);
#131=B_SPLINE_CURVE_WITH_KNOTS('',3,(#8163,#8164,#8165,#8166,#8167),
 .UNSPECIFIED.,.F.,.F.,(4,1,4),(0.,0.116500882774932,0.2326017992704),
 .UNSPECIFIED.);
#132=B_SPLINE_CURVE_WITH_KNOTS('',3,(#8169,#8170,#8171,#8172,#8173),
 .UNSPECIFIED.,.F.,.F.,(4,1,4),(-0.2326017992704,-0.116500882774932,0.),
 .UNSPECIFIED.);
#133=B_SPLINE_CURVE_WITH_KNOTS('',3,(#8186,#8187,#8188,#8189,#8190),
 .UNSPECIFIED.,.F.,.F.,(4,1,4),(0.,0.122273332710493,0.255323720838697),
 .UNSPECIFIED.);
#134=B_SPLINE_CURVE_WITH_KNOTS('',3,(#8192,#8193,#8194,#8195,#8196),
 .UNSPECIFIED.,.F.,.F.,(4,1,4),(-0.255323720838697,-0.122273332710493,0.),
 .UNSPECIFIED.);
#135=B_SPLINE_CURVE_WITH_KNOTS('',3,(#8209,#8210,#8211,#8212,#8213),
 .UNSPECIFIED.,.F.,.F.,(4,1,4),(0.,0.133050329237386,0.255323764930026),
 .UNSPECIFIED.);
#136=B_SPLINE_CURVE_WITH_KNOTS('',3,(#8215,#8216,#8217,#8218,#8219),
 .UNSPECIFIED.,.F.,.F.,(4,1,4),(-0.255323764930026,-0.133050329237386,0.),
 .UNSPECIFIED.);
#137=B_SPLINE_CURVE_WITH_KNOTS('',3,(#8231,#8232,#8233,#8234,#8235),
 .UNSPECIFIED.,.F.,.F.,(4,1,4),(0.,0.116424392061482,0.234613626340156),
 .UNSPECIFIED.);
#138=B_SPLINE_CURVE_WITH_KNOTS('',3,(#8236,#8237,#8238,#8239,#8240),
 .UNSPECIFIED.,.F.,.F.,(4,1,4),(-0.234613626340156,-0.116424392061482,0.),
 .UNSPECIFIED.);
#139=B_SPLINE_CURVE_WITH_KNOTS('',3,(#8263,#8264,#8265,#8266,#8267),
 .UNSPECIFIED.,.F.,.F.,(4,1,4),(0.,0.135462817618155,0.234163955011546),
 .UNSPECIFIED.);
#140=B_SPLINE_CURVE_WITH_KNOTS('',3,(#8269,#8270,#8271,#8272,#8273),
 .UNSPECIFIED.,.F.,.F.,(4,1,4),(-0.234163955011546,-0.135462817618155,0.),
 .UNSPECIFIED.);
#141=B_SPLINE_CURVE_WITH_KNOTS('',3,(#8286,#8287,#8288,#8289,#8290),
 .UNSPECIFIED.,.F.,.F.,(4,1,4),(0.,0.073522032202985,0.147732620366259),
 .UNSPECIFIED.);
#142=B_SPLINE_CURVE_WITH_KNOTS('',3,(#8292,#8293,#8294,#8295,#8296),
 .UNSPECIFIED.,.F.,.F.,(4,1,4),(-0.147732620366259,-0.073522032202985,0.),
 .UNSPECIFIED.);
#143=B_SPLINE_CURVE_WITH_KNOTS('',3,(#8309,#8310,#8311,#8312,#8313),
 .UNSPECIFIED.,.F.,.F.,(4,1,4),(0.,0.0455174131315559,0.0852747326905227),
 .UNSPECIFIED.);
#144=B_SPLINE_CURVE_WITH_KNOTS('',3,(#8315,#8316,#8317,#8318,#8319),
 .UNSPECIFIED.,.F.,.F.,(4,1,4),(-0.0852747326905227,-0.0455174131315559,
0.),.UNSPECIFIED.);
#145=B_SPLINE_CURVE_WITH_KNOTS('',3,(#8332,#8333,#8334,#8335,#8336),
 .UNSPECIFIED.,.F.,.F.,(4,1,4),(0.,0.0385771046964972,0.0808744391699008),
 .UNSPECIFIED.);
#146=B_SPLINE_CURVE_WITH_KNOTS('',3,(#8338,#8339,#8340,#8341,#8342),
 .UNSPECIFIED.,.F.,.F.,(4,1,4),(-0.0808744391699008,-0.0385771046964972,
0.),.UNSPECIFIED.);
#147=B_SPLINE_CURVE_WITH_KNOTS('',3,(#8355,#8356,#8357,#8358,#8359),
 .UNSPECIFIED.,.F.,.F.,(4,1,4),(0.,0.0733168005413363,0.149109648797922),
 .UNSPECIFIED.);
#148=B_SPLINE_CURVE_WITH_KNOTS('',3,(#8361,#8362,#8363,#8364,#8365),
 .UNSPECIFIED.,.F.,.F.,(4,1,4),(-0.149109648797922,-0.0733168005413363,
0.),.UNSPECIFIED.);
#149=B_SPLINE_CURVE_WITH_KNOTS('',3,(#8377,#8378,#8379,#8380,#8381),
 .UNSPECIFIED.,.F.,.F.,(4,1,4),(0.,0.0801797462601016,0.163907405686641),
 .UNSPECIFIED.);
#150=B_SPLINE_CURVE_WITH_KNOTS('',3,(#8382,#8383,#8384,#8385,#8386),
 .UNSPECIFIED.,.F.,.F.,(4,1,4),(-0.163907405686641,-0.0801797462601016,
0.),.UNSPECIFIED.);
#151=B_SPLINE_CURVE_WITH_KNOTS('',3,(#8399,#8400,#8401,#8402,#8403),
 .UNSPECIFIED.,.F.,.F.,(4,1,4),(0.,0.0146969320594534,0.0492390155234279),
 .UNSPECIFIED.);
#152=B_SPLINE_CURVE_WITH_KNOTS('',3,(#8407,#8408,#8409,#8410,#8411),
 .UNSPECIFIED.,.F.,.F.,(4,1,4),(-0.0492390155234279,-0.0146969320594534,
0.),.UNSPECIFIED.);
#153=B_SPLINE_CURVE_WITH_KNOTS('',3,(#8424,#8425,#8426,#8427,#8428),
 .UNSPECIFIED.,.F.,.F.,(4,1,4),(0.,0.0208844862069426,0.0380328667081269),
 .UNSPECIFIED.);
#154=B_SPLINE_CURVE_WITH_KNOTS('',3,(#8430,#8431,#8432,#8433,#8434),
 .UNSPECIFIED.,.F.,.F.,(4,1,4),(-0.0380328667081269,-0.0208844862069426,
0.),.UNSPECIFIED.);
#155=B_SPLINE_CURVE_WITH_KNOTS('',3,(#8447,#8448,#8449,#8450,#8451),
 .UNSPECIFIED.,.F.,.F.,(4,1,4),(0.,0.0525688145943877,0.10681296958347),
 .UNSPECIFIED.);
#156=B_SPLINE_CURVE_WITH_KNOTS('',3,(#8453,#8454,#8455,#8456,#8457),
 .UNSPECIFIED.,.F.,.F.,(4,1,4),(-0.10681296958347,-0.0525688145943877,0.),
 .UNSPECIFIED.);
#157=B_SPLINE_CURVE_WITH_KNOTS('',3,(#8470,#8471,#8472,#8473,#8474),
 .UNSPECIFIED.,.F.,.F.,(4,1,4),(0.,0.0318466510671275,0.0613780078252112),
 .UNSPECIFIED.);
#158=B_SPLINE_CURVE_WITH_KNOTS('',3,(#8476,#8477,#8478,#8479,#8480),
 .UNSPECIFIED.,.F.,.F.,(4,1,4),(-0.0613780078252112,-0.0318466510671275,
0.),.UNSPECIFIED.);
#159=B_SPLINE_CURVE_WITH_KNOTS('',3,(#8493,#8494,#8495,#8496,#8497),
 .UNSPECIFIED.,.F.,.F.,(4,1,4),(0.,0.0300452185853068,0.064560164373127),
 .UNSPECIFIED.);
#160=B_SPLINE_CURVE_WITH_KNOTS('',3,(#8499,#8500,#8501,#8502,#8503),
 .UNSPECIFIED.,.F.,.F.,(4,1,4),(-0.064560164373127,-0.0300452185853068,
0.),.UNSPECIFIED.);
#161=B_SPLINE_CURVE_WITH_KNOTS('',3,(#8516,#8517,#8518,#8519,#8520),
 .UNSPECIFIED.,.F.,.F.,(4,1,4),(0.,0.0673651258967948,0.147684054917981),
 .UNSPECIFIED.);
#162=B_SPLINE_CURVE_WITH_KNOTS('',3,(#8522,#8523,#8524,#8525,#8526),
 .UNSPECIFIED.,.F.,.F.,(4,1,4),(-0.147684054917981,-0.0673651258967948,
0.),.UNSPECIFIED.);
#163=B_SPLINE_CURVE_WITH_KNOTS('',3,(#8539,#8540,#8541,#8542,#8543),
 .UNSPECIFIED.,.F.,.F.,(4,1,4),(0.,0.0951207783204442,0.201577392548059),
 .UNSPECIFIED.);
#164=B_SPLINE_CURVE_WITH_KNOTS('',3,(#8545,#8546,#8547,#8548,#8549),
 .UNSPECIFIED.,.F.,.F.,(4,1,4),(-0.201577392548059,-0.0951207783204442,
0.),.UNSPECIFIED.);
#165=B_SPLINE_CURVE_WITH_KNOTS('',3,(#8562,#8563,#8564,#8565,#8566),
 .UNSPECIFIED.,.F.,.F.,(4,1,4),(0.,0.0940940419137984,0.17302496900017),
 .UNSPECIFIED.);
#166=B_SPLINE_CURVE_WITH_KNOTS('',3,(#8568,#8569,#8570,#8571,#8572),
 .UNSPECIFIED.,.F.,.F.,(4,1,4),(-0.17302496900017,-0.0940940419137984,0.),
 .UNSPECIFIED.);
#167=B_SPLINE_CURVE_WITH_KNOTS('',3,(#8585,#8586,#8587,#8588,#8589),
 .UNSPECIFIED.,.F.,.F.,(4,1,4),(0.,0.0692144485948199,0.136846073578594),
 .UNSPECIFIED.);
#168=B_SPLINE_CURVE_WITH_KNOTS('',3,(#8591,#8592,#8593,#8594,#8595),
 .UNSPECIFIED.,.F.,.F.,(4,1,4),(-0.136846073578594,-0.0692144485948199,
0.),.UNSPECIFIED.);
#169=B_SPLINE_CURVE_WITH_KNOTS('',3,(#8614,#8615,#8616,#8617,#8618),
 .UNSPECIFIED.,.F.,.F.,(4,1,4),(0.,0.0659139568231224,0.111104057245408),
 .UNSPECIFIED.);
#170=B_SPLINE_CURVE_WITH_KNOTS('',3,(#8620,#8621,#8622,#8623,#8624),
 .UNSPECIFIED.,.F.,.F.,(4,1,4),(-0.111104057245408,-0.0659139568231224,
0.),.UNSPECIFIED.);
#171=B_SPLINE_CURVE_WITH_KNOTS('',3,(#8637,#8638,#8639,#8640,#8641),
 .UNSPECIFIED.,.F.,.F.,(4,1,4),(0.,0.0139423887240755,0.0268732587368179),
 .UNSPECIFIED.);
#172=B_SPLINE_CURVE_WITH_KNOTS('',3,(#8643,#8644,#8645,#8646,#8647),
 .UNSPECIFIED.,.F.,.F.,(4,1,4),(-0.0268732587368179,-0.0139423887240755,
0.),.UNSPECIFIED.);
#173=B_SPLINE_CURVE_WITH_KNOTS('',3,(#8660,#8661,#8662,#8663,#8664),
 .UNSPECIFIED.,.F.,.F.,(4,1,4),(0.,0.0151056202882317,0.0320965468097763),
 .UNSPECIFIED.);
#174=B_SPLINE_CURVE_WITH_KNOTS('',3,(#8666,#8667,#8668,#8669,#8670),
 .UNSPECIFIED.,.F.,.F.,(4,1,4),(-0.0320965468097763,-0.0151056202882317,
0.),.UNSPECIFIED.);
#175=B_SPLINE_CURVE_WITH_KNOTS('',3,(#8689,#8690,#8691,#8692,#8693),
 .UNSPECIFIED.,.F.,.F.,(4,1,4),(0.,0.0629138946533203,0.119948446970869),
 .UNSPECIFIED.);
#176=B_SPLINE_CURVE_WITH_KNOTS('',3,(#8695,#8696,#8697,#8698,#8699),
 .UNSPECIFIED.,.F.,.F.,(4,1,4),(-0.119948446970869,-0.0629138946533203,
0.),.UNSPECIFIED.);
#177=B_SPLINE_CURVE_WITH_KNOTS('',3,(#8712,#8713,#8714,#8715,#8716),
 .UNSPECIFIED.,.F.,.F.,(4,1,4),(0.,0.0832603039006266,0.181925195132667),
 .UNSPECIFIED.);
#178=B_SPLINE_CURVE_WITH_KNOTS('',3,(#8718,#8719,#8720,#8721,#8722),
 .UNSPECIFIED.,.F.,.F.,(4,1,4),(-0.181925195132667,-0.0832603039006266,
0.),.UNSPECIFIED.);
#179=B_SPLINE_CURVE_WITH_KNOTS('',3,(#8735,#8736,#8737,#8738,#8739),
 .UNSPECIFIED.,.F.,.F.,(4,1,4),(0.,0.0747207634708037,0.131118261522857),
 .UNSPECIFIED.);
#180=B_SPLINE_CURVE_WITH_KNOTS('',3,(#8741,#8742,#8743,#8744,#8745),
 .UNSPECIFIED.,.F.,.F.,(4,1,4),(-0.131118261522857,-0.0747207634708037,
0.),.UNSPECIFIED.);
#181=B_SPLINE_CURVE_WITH_KNOTS('',3,(#8758,#8759,#8760,#8761,#8762),
 .UNSPECIFIED.,.F.,.F.,(4,1,4),(0.,0.0609649863505429,0.129859757621189),
 .UNSPECIFIED.);
#182=B_SPLINE_CURVE_WITH_KNOTS('',3,(#8764,#8765,#8766,#8767,#8768),
 .UNSPECIFIED.,.F.,.F.,(4,1,4),(-0.129859757621189,-0.0609649863505429,
0.),.UNSPECIFIED.);
#183=B_SPLINE_CURVE_WITH_KNOTS('',3,(#8781,#8782,#8783,#8784,#8785),
 .UNSPECIFIED.,.F.,.F.,(4,1,4),(0.,0.0820601524647174,0.150480966685933),
 .UNSPECIFIED.);
#184=B_SPLINE_CURVE_WITH_KNOTS('',3,(#8787,#8788,#8789,#8790,#8791),
 .UNSPECIFIED.,.F.,.F.,(4,1,4),(-0.150480966685933,-0.0820601524647174,
0.),.UNSPECIFIED.);
#185=B_SPLINE_CURVE_WITH_KNOTS('',3,(#8804,#8805,#8806,#8807,#8808),
 .UNSPECIFIED.,.F.,.F.,(4,1,4),(0.,0.0597825718194216,0.12069901159048),
 .UNSPECIFIED.);
#186=B_SPLINE_CURVE_WITH_KNOTS('',3,(#8810,#8811,#8812,#8813,#8814),
 .UNSPECIFIED.,.F.,.F.,(4,1,4),(-0.12069901159048,-0.0597825718194216,0.),
 .UNSPECIFIED.);
#187=B_SPLINE_CURVE_WITH_KNOTS('',3,(#8827,#8828,#8829,#8830,#8831),
 .UNSPECIFIED.,.F.,.F.,(4,1,4),(0.,0.0909047355198028,0.199744052416812),
 .UNSPECIFIED.);
#188=B_SPLINE_CURVE_WITH_KNOTS('',3,(#8833,#8834,#8835,#8836,#8837),
 .UNSPECIFIED.,.F.,.F.,(4,1,4),(-0.199744052416812,-0.0909047355198028,
0.),.UNSPECIFIED.);
#189=B_SPLINE_CURVE_WITH_KNOTS('',3,(#8850,#8851,#8852,#8853,#8854),
 .UNSPECIFIED.,.F.,.F.,(4,1,4),(0.,0.142614080968688,0.320293250542818),
 .UNSPECIFIED.);
#190=B_SPLINE_CURVE_WITH_KNOTS('',3,(#8856,#8857,#8858,#8859,#8860),
 .UNSPECIFIED.,.F.,.F.,(4,1,4),(-0.320293250542818,-0.142614080968688,0.),
 .UNSPECIFIED.);
#191=B_SPLINE_CURVE_WITH_KNOTS('',3,(#8879,#8880,#8881,#8882,#8883),
 .UNSPECIFIED.,.F.,.F.,(4,1,4),(0.,0.0503943108191354,0.100404081883019),
 .UNSPECIFIED.);
#192=B_SPLINE_CURVE_WITH_KNOTS('',3,(#8885,#8886,#8887,#8888,#8889),
 .UNSPECIFIED.,.F.,.F.,(4,1,4),(-0.100404081883019,-0.0503943108191354,
0.),.UNSPECIFIED.);
#193=B_SPLINE_CURVE_WITH_KNOTS('',3,(#8902,#8903,#8904,#8905,#8906),
 .UNSPECIFIED.,.F.,.F.,(4,1,4),(0.,0.0519137995302178,0.108205306802377),
 .UNSPECIFIED.);
#194=B_SPLINE_CURVE_WITH_KNOTS('',3,(#8908,#8909,#8910,#8911,#8912),
 .UNSPECIFIED.,.F.,.F.,(4,1,4),(-0.108205306802377,-0.0519137995302178,
0.),.UNSPECIFIED.);
#195=B_SPLINE_CURVE_WITH_KNOTS('',3,(#8925,#8926,#8927,#8928,#8929),
 .UNSPECIFIED.,.F.,.F.,(4,1,4),(0.,0.0489630093118423,0.0945393016790029),
 .UNSPECIFIED.);
#196=B_SPLINE_CURVE_WITH_KNOTS('',3,(#8931,#8932,#8933,#8934,#8935),
 .UNSPECIFIED.,.F.,.F.,(4,1,4),(-0.0945393016790029,-0.0489630093118423,
0.),.UNSPECIFIED.);
#197=B_SPLINE_CURVE_WITH_KNOTS('',3,(#8947,#8948,#8949,#8950,#8951),
 .UNSPECIFIED.,.F.,.F.,(4,1,4),(0.,0.0348077565519085,0.0559842325479385),
 .UNSPECIFIED.);
#198=B_SPLINE_CURVE_WITH_KNOTS('',3,(#8952,#8953,#8954,#8955,#8956),
 .UNSPECIFIED.,.F.,.F.,(4,1,4),(-0.0559842325479385,-0.0348077565519085,
0.),.UNSPECIFIED.);
#199=B_SPLINE_CURVE_WITH_KNOTS('',3,(#8971,#8972,#8973,#8974,#8975),
 .UNSPECIFIED.,.F.,.F.,(4,1,4),(0.,0.0713266412249797,0.149998201536551),
 .UNSPECIFIED.);
#200=B_SPLINE_CURVE_WITH_KNOTS('',3,(#8979,#8980,#8981,#8982,#8983),
 .UNSPECIFIED.,.F.,.F.,(4,1,4),(-0.149998201536551,-0.0713266412249797,
0.),.UNSPECIFIED.);
#201=B_SPLINE_CURVE_WITH_KNOTS('',3,(#8996,#8997,#8998,#8999,#9000),
 .UNSPECIFIED.,.F.,.F.,(4,1,4),(0.,0.0920031118996699,0.201264520456962),
 .UNSPECIFIED.);
#202=B_SPLINE_CURVE_WITH_KNOTS('',3,(#9002,#9003,#9004,#9005,#9006),
 .UNSPECIFIED.,.F.,.F.,(4,1,4),(-0.201264520456962,-0.0920031118996699,
0.),.UNSPECIFIED.);
#203=B_SPLINE_CURVE_WITH_KNOTS('',3,(#9019,#9020,#9021,#9022,#9023),
 .UNSPECIFIED.,.F.,.F.,(4,1,4),(0.,0.113803265018151,0.20320967699936),
 .UNSPECIFIED.);
#204=B_SPLINE_CURVE_WITH_KNOTS('',3,(#9025,#9026,#9027,#9028,#9029),
 .UNSPECIFIED.,.F.,.F.,(4,1,4),(-0.20320967699936,-0.113803265018151,0.),
 .UNSPECIFIED.);
#205=B_SPLINE_CURVE_WITH_KNOTS('',3,(#9042,#9043,#9044,#9045,#9046),
 .UNSPECIFIED.,.F.,.F.,(4,1,4),(0.,0.0747531239722917,0.148887690413352),
 .UNSPECIFIED.);
#206=B_SPLINE_CURVE_WITH_KNOTS('',3,(#9048,#9049,#9050,#9051,#9052),
 .UNSPECIFIED.,.F.,.F.,(4,1,4),(-0.148887690413352,-0.0747531239722917,
0.),.UNSPECIFIED.);
#207=B_SPLINE_CURVE_WITH_KNOTS('',3,(#9065,#9066,#9067,#9068,#9069),
 .UNSPECIFIED.,.F.,.F.,(4,1,4),(0.,0.13479584969304,0.338251835415607),
 .UNSPECIFIED.);
#208=B_SPLINE_CURVE_WITH_KNOTS('',3,(#9071,#9072,#9073,#9074,#9075),
 .UNSPECIFIED.,.F.,.F.,(4,1,4),(-0.338251835415607,-0.13479584969304,0.),
 .UNSPECIFIED.);
#209=B_SPLINE_CURVE_WITH_KNOTS('',3,(#9088,#9089,#9090,#9091,#9092),
 .UNSPECIFIED.,.F.,.F.,(4,1,4),(0.,0.113709278439014,0.20203319204156),
 .UNSPECIFIED.);
#210=B_SPLINE_CURVE_WITH_KNOTS('',3,(#9094,#9095,#9096,#9097,#9098),
 .UNSPECIFIED.,.F.,.F.,(4,1,4),(-0.20203319204156,-0.113709278439014,0.),
 .UNSPECIFIED.);
#211=B_SPLINE_CURVE_WITH_KNOTS('',3,(#9110,#9111,#9112,#9113,#9114),
 .UNSPECIFIED.,.F.,.F.,(4,1,4),(0.,0.0714316733364063,0.139538308404981),
 .UNSPECIFIED.);
#212=B_SPLINE_CURVE_WITH_KNOTS('',3,(#9115,#9116,#9117,#9118,#9119),
 .UNSPECIFIED.,.F.,.F.,(4,1,4),(-0.139538308404981,-0.0714316733364063,
0.),.UNSPECIFIED.);
#213=B_SPLINE_CURVE_WITH_KNOTS('',3,(#9140,#9141,#9142,#9143,#9144),
 .UNSPECIFIED.,.F.,.F.,(4,1,4),(0.,0.0340303091155107,0.0685976726082369),
 .UNSPECIFIED.);
#214=B_SPLINE_CURVE_WITH_KNOTS('',3,(#9146,#9147,#9148,#9149,#9150),
 .UNSPECIFIED.,.F.,.F.,(4,1,4),(-0.0685976726082369,-0.0340303091155107,
0.),.UNSPECIFIED.);
#215=B_SPLINE_CURVE_WITH_KNOTS('',3,(#9163,#9164,#9165,#9166,#9167),
 .UNSPECIFIED.,.F.,.F.,(4,1,4),(0.,0.0340078101123535,0.0664851442975915),
 .UNSPECIFIED.);
#216=B_SPLINE_CURVE_WITH_KNOTS('',3,(#9169,#9170,#9171,#9172,#9173),
 .UNSPECIFIED.,.F.,.F.,(4,1,4),(-0.0664851442975915,-0.0340078101123535,
0.),.UNSPECIFIED.);
#217=B_SPLINE_CURVE_WITH_KNOTS('',3,(#9186,#9187,#9188,#9189,#9190),
 .UNSPECIFIED.,.F.,.F.,(4,1,4),(0.,0.0721192621469229,0.132863405043386),
 .UNSPECIFIED.);
#218=B_SPLINE_CURVE_WITH_KNOTS('',3,(#9192,#9193,#9194,#9195,#9196),
 .UNSPECIFIED.,.F.,.F.,(4,1,4),(-0.132863405043386,-0.0721192621469229,
0.),.UNSPECIFIED.);
#219=B_SPLINE_CURVE_WITH_KNOTS('',3,(#9209,#9210,#9211,#9212,#9213),
 .UNSPECIFIED.,.F.,.F.,(4,1,4),(0.,0.0611615857887206,0.123396345683619),
 .UNSPECIFIED.);
#220=B_SPLINE_CURVE_WITH_KNOTS('',3,(#9215,#9216,#9217,#9218,#9219),
 .UNSPECIFIED.,.F.,.F.,(4,1,4),(-0.123396345683619,-0.0611615857887206,
0.),.UNSPECIFIED.);
#221=B_SPLINE_CURVE_WITH_KNOTS('',3,(#9232,#9233,#9234,#9235,#9236),
 .UNSPECIFIED.,.F.,.F.,(4,1,4),(0.,0.0996741054750808,0.206386018702046),
 .UNSPECIFIED.);
#222=B_SPLINE_CURVE_WITH_KNOTS('',3,(#9238,#9239,#9240,#9241,#9242),
 .UNSPECIFIED.,.F.,.F.,(4,1,4),(-0.206386018702046,-0.0996741054750808,
0.),.UNSPECIFIED.);
#223=B_SPLINE_CURVE_WITH_KNOTS('',3,(#9255,#9256,#9257,#9258,#9259),
 .UNSPECIFIED.,.F.,.F.,(4,1,4),(0.,0.118211728685445,0.249658687460429),
 .UNSPECIFIED.);
#224=B_SPLINE_CURVE_WITH_KNOTS('',3,(#9261,#9262,#9263,#9264,#9265),
 .UNSPECIFIED.,.F.,.F.,(4,1,4),(-0.249658687460429,-0.118211728685445,0.),
 .UNSPECIFIED.);
#225=B_SPLINE_CURVE_WITH_KNOTS('',3,(#9278,#9279,#9280,#9281,#9282),
 .UNSPECIFIED.,.F.,.F.,(4,1,4),(0.,0.129953752244095,0.249885603168754),
 .UNSPECIFIED.);
#226=B_SPLINE_CURVE_WITH_KNOTS('',3,(#9284,#9285,#9286,#9287,#9288),
 .UNSPECIFIED.,.F.,.F.,(4,1,4),(-0.249885603168754,-0.129953752244095,0.),
 .UNSPECIFIED.);
#227=B_SPLINE_CURVE_WITH_KNOTS('',3,(#9301,#9302,#9303,#9304,#9305),
 .UNSPECIFIED.,.F.,.F.,(4,1,4),(0.,0.109270447192875,0.213462334795521),
 .UNSPECIFIED.);
#228=B_SPLINE_CURVE_WITH_KNOTS('',3,(#9307,#9308,#9309,#9310,#9311),
 .UNSPECIFIED.,.F.,.F.,(4,1,4),(-0.213462334795521,-0.109270447192875,0.),
 .UNSPECIFIED.);
#229=B_SPLINE_CURVE_WITH_KNOTS('',3,(#9324,#9325,#9326,#9327,#9328),
 .UNSPECIFIED.,.F.,.F.,(4,1,4),(0.,0.110390039306982,0.232458608584521),
 .UNSPECIFIED.);
#230=B_SPLINE_CURVE_WITH_KNOTS('',3,(#9330,#9331,#9332,#9333,#9334),
 .UNSPECIFIED.,.F.,.F.,(4,1,4),(-0.232458608584521,-0.110390039306982,0.),
 .UNSPECIFIED.);
#231=B_SPLINE_CURVE_WITH_KNOTS('',3,(#9353,#9354,#9355,#9356,#9357),
 .UNSPECIFIED.,.F.,.F.,(4,1,4),(0.,0.0437199200629,0.0932970260983628),
 .UNSPECIFIED.);
#232=B_SPLINE_CURVE_WITH_KNOTS('',3,(#9359,#9360,#9361,#9362,#9363),
 .UNSPECIFIED.,.F.,.F.,(4,1,4),(-0.0932970260983628,-0.0437199200629,0.),
 .UNSPECIFIED.);
#233=B_SPLINE_CURVE_WITH_KNOTS('',3,(#9406,#9407,#9408,#9409,#9410),
 .UNSPECIFIED.,.F.,.F.,(4,1,4),(0.,0.0489183405181495,0.0853495762387135),
 .UNSPECIFIED.);
#234=B_SPLINE_CURVE_WITH_KNOTS('',3,(#9412,#9413,#9414,#9415,#9416),
 .UNSPECIFIED.,.F.,.F.,(4,1,4),(-0.0853495762387135,-0.0489183405181495,
0.),.UNSPECIFIED.);
#235=B_SPLINE_CURVE_WITH_KNOTS('',3,(#9435,#9436,#9437,#9438,#9439),
 .UNSPECIFIED.,.F.,.F.,(4,1,4),(0.,0.0415388182285516,0.0729957655552118),
 .UNSPECIFIED.);
#236=B_SPLINE_CURVE_WITH_KNOTS('',3,(#9441,#9442,#9443,#9444,#9445),
 .UNSPECIFIED.,.F.,.F.,(4,1,4),(-0.0729957655552118,-0.0415388182285516,
0.),.UNSPECIFIED.);
#237=B_SPLINE_CURVE_WITH_KNOTS('',3,(#9458,#9459,#9460,#9461,#9462),
 .UNSPECIFIED.,.F.,.F.,(4,1,4),(0.,0.0359145198861285,0.0877778855364268),
 .UNSPECIFIED.);
#238=B_SPLINE_CURVE_WITH_KNOTS('',3,(#9464,#9465,#9466,#9467,#9468),
 .UNSPECIFIED.,.F.,.F.,(4,1,4),(-0.0877778855364268,-0.0359145198861285,
0.),.UNSPECIFIED.);
#239=B_SPLINE_CURVE_WITH_KNOTS('',3,(#9487,#9488,#9489,#9490,#9491),
 .UNSPECIFIED.,.F.,.F.,(4,1,4),(0.,0.133192014783018,0.326908533605117),
 .UNSPECIFIED.);
#240=B_SPLINE_CURVE_WITH_KNOTS('',3,(#9495,#9496,#9497,#9498,#9499),
 .UNSPECIFIED.,.F.,.F.,(4,1,4),(-0.326908533605117,-0.133192014783018,0.),
 .UNSPECIFIED.);
#241=B_SPLINE_CURVE_WITH_KNOTS('',3,(#9512,#9513,#9514,#9515,#9516),
 .UNSPECIFIED.,.F.,.F.,(4,1,4),(0.,0.215106969691138,0.351058293051433),
 .UNSPECIFIED.);
#242=B_SPLINE_CURVE_WITH_KNOTS('',3,(#9518,#9519,#9520,#9521,#9522),
 .UNSPECIFIED.,.F.,.F.,(4,1,4),(-0.351058293051433,-0.215106969691138,0.),
 .UNSPECIFIED.);
#243=B_SPLINE_CURVE_WITH_KNOTS('',3,(#9535,#9536,#9537,#9538,#9539),
 .UNSPECIFIED.,.F.,.F.,(4,1,4),(0.,0.0719661546210475,0.150170865793166),
 .UNSPECIFIED.);
#244=B_SPLINE_CURVE_WITH_KNOTS('',3,(#9541,#9542,#9543,#9544,#9545),
 .UNSPECIFIED.,.F.,.F.,(4,1,4),(-0.150170865793166,-0.0719661546210475,
0.),.UNSPECIFIED.);
#245=B_SPLINE_CURVE_WITH_KNOTS('',3,(#9558,#9559,#9560,#9561,#9562),
 .UNSPECIFIED.,.F.,.F.,(4,1,4),(0.,0.0960521655833225,0.214567970176767),
 .UNSPECIFIED.);
#246=B_SPLINE_CURVE_WITH_KNOTS('',3,(#9564,#9565,#9566,#9567,#9568),
 .UNSPECIFIED.,.F.,.F.,(4,1,4),(-0.214567970176767,-0.0960521655833225,
0.),.UNSPECIFIED.);
#247=B_SPLINE_CURVE_WITH_KNOTS('',3,(#9581,#9582,#9583,#9584,#9585),
 .UNSPECIFIED.,.F.,.F.,(4,1,4),(0.,0.103706339396518,0.192770225159267),
 .UNSPECIFIED.);
#248=B_SPLINE_CURVE_WITH_KNOTS('',3,(#9587,#9588,#9589,#9590,#9591),
 .UNSPECIFIED.,.F.,.F.,(4,1,4),(-0.192770225159267,-0.103706339396518,0.),
 .UNSPECIFIED.);
#249=B_SPLINE_CURVE_WITH_KNOTS('',3,(#9603,#9604,#9605,#9606,#9607),
 .UNSPECIFIED.,.F.,.F.,(4,1,4),(0.,0.0763529424144388,0.146465492282307),
 .UNSPECIFIED.);
#250=B_SPLINE_CURVE_WITH_KNOTS('',3,(#9608,#9609,#9610,#9611,#9612),
 .UNSPECIFIED.,.F.,.F.,(4,1,4),(-0.146465492282307,-0.0763529424144388,
0.),.UNSPECIFIED.);
#251=B_SPLINE_CURVE_WITH_KNOTS('',3,(#9633,#9634,#9635,#9636,#9637),
 .UNSPECIFIED.,.F.,.F.,(4,1,4),(0.,0.135875136961787,0.252876754309176),
 .UNSPECIFIED.);
#252=B_SPLINE_CURVE_WITH_KNOTS('',3,(#9639,#9640,#9641,#9642,#9643),
 .UNSPECIFIED.,.F.,.F.,(4,1,4),(-0.252876754309176,-0.135875136961787,0.),
 .UNSPECIFIED.);
#253=B_SPLINE_CURVE_WITH_KNOTS('',3,(#9656,#9657,#9658,#9659,#9660),
 .UNSPECIFIED.,.F.,.F.,(4,1,4),(0.,0.102180737666079,0.20825728486729),
 .UNSPECIFIED.);
#254=B_SPLINE_CURVE_WITH_KNOTS('',3,(#9662,#9663,#9664,#9665,#9666),
 .UNSPECIFIED.,.F.,.F.,(4,1,4),(-0.20825728486729,-0.102180737666079,0.),
 .UNSPECIFIED.);
#255=B_SPLINE_CURVE_WITH_KNOTS('',3,(#9679,#9680,#9681,#9682,#9683),
 .UNSPECIFIED.,.F.,.F.,(4,1,4),(0.,0.117747854000854,0.249148530490546),
 .UNSPECIFIED.);
#256=B_SPLINE_CURVE_WITH_KNOTS('',3,(#9685,#9686,#9687,#9688,#9689),
 .UNSPECIFIED.,.F.,.F.,(4,1,4),(-0.249148530490546,-0.117747854000854,0.),
 .UNSPECIFIED.);
#257=B_SPLINE_CURVE_WITH_KNOTS('',3,(#9702,#9703,#9704,#9705,#9706),
 .UNSPECIFIED.,.F.,.F.,(4,1,4),(0.,0.130281102637239,0.248771525859581),
 .UNSPECIFIED.);
#258=B_SPLINE_CURVE_WITH_KNOTS('',3,(#9708,#9709,#9710,#9711,#9712),
 .UNSPECIFIED.,.F.,.F.,(4,1,4),(-0.248771525859581,-0.130281102637239,0.),
 .UNSPECIFIED.);
#259=B_SPLINE_CURVE_WITH_KNOTS('',3,(#9725,#9726,#9727,#9728,#9729),
 .UNSPECIFIED.,.F.,.F.,(4,1,4),(0.,0.110045749969714,0.214560533365409),
 .UNSPECIFIED.);
#260=B_SPLINE_CURVE_WITH_KNOTS('',3,(#9731,#9732,#9733,#9734,#9735),
 .UNSPECIFIED.,.F.,.F.,(4,1,4),(-0.214560533365409,-0.110045749969714,0.),
 .UNSPECIFIED.);
#261=B_SPLINE_CURVE_WITH_KNOTS('',3,(#9748,#9749,#9750,#9751,#9752),
 .UNSPECIFIED.,.F.,.F.,(4,1,4),(0.,0.111578157384142,0.232017869542936),
 .UNSPECIFIED.);
#262=B_SPLINE_CURVE_WITH_KNOTS('',3,(#9754,#9755,#9756,#9757,#9758),
 .UNSPECIFIED.,.F.,.F.,(4,1,4),(-0.232017869542936,-0.111578157384142,0.),
 .UNSPECIFIED.);
#263=B_SPLINE_CURVE_WITH_KNOTS('',3,(#9777,#9778,#9779,#9780,#9781),
 .UNSPECIFIED.,.F.,.F.,(4,1,4),(0.,0.050941823185585,0.120187545684273),
 .UNSPECIFIED.);
#264=B_SPLINE_CURVE_WITH_KNOTS('',3,(#9783,#9784,#9785,#9786,#9787),
 .UNSPECIFIED.,.F.,.F.,(4,1,4),(-0.120187545684273,-0.050941823185585,0.),
 .UNSPECIFIED.);
#265=B_SPLINE_CURVE_WITH_KNOTS('',3,(#9824,#9825,#9826,#9827,#9828),
 .UNSPECIFIED.,.F.,.F.,(4,1,4),(0.,0.0719664464212062,0.132231015483838),
 .UNSPECIFIED.);
#266=B_SPLINE_CURVE_WITH_KNOTS('',3,(#9830,#9831,#9832,#9833,#9834),
 .UNSPECIFIED.,.F.,.F.,(4,1,4),(-0.132231015483838,-0.0719664464212062,
0.),.UNSPECIFIED.);
#267=B_SPLINE_CURVE_WITH_KNOTS('',3,(#9873,#9874,#9875,#9876,#9877),
 .UNSPECIFIED.,.F.,.F.,(4,1,4),(0.,0.0893389572694489,0.168749690877005),
 .UNSPECIFIED.);
#268=B_SPLINE_CURVE_WITH_KNOTS('',3,(#9879,#9880,#9881,#9882,#9883),
 .UNSPECIFIED.,.F.,.F.,(4,1,4),(-0.168749690877005,-0.0893389572694489,
0.),.UNSPECIFIED.);
#269=B_SPLINE_CURVE_WITH_KNOTS('',3,(#9896,#9897,#9898,#9899,#9900),
 .UNSPECIFIED.,.F.,.F.,(4,1,4),(0.,0.0740102600631627,0.151148418093958),
 .UNSPECIFIED.);
#270=B_SPLINE_CURVE_WITH_KNOTS('',3,(#9902,#9903,#9904,#9905,#9906),
 .UNSPECIFIED.,.F.,.F.,(4,1,4),(-0.151148418093958,-0.0740102600631627,
0.),.UNSPECIFIED.);
#271=B_SPLINE_CURVE_WITH_KNOTS('',3,(#9919,#9920,#9921,#9922,#9923),
 .UNSPECIFIED.,.F.,.F.,(4,1,4),(0.,0.11879289601346,0.232032592829009),
 .UNSPECIFIED.);
#272=B_SPLINE_CURVE_WITH_KNOTS('',3,(#9925,#9926,#9927,#9928,#9929),
 .UNSPECIFIED.,.F.,.F.,(4,1,4),(-0.232032592829009,-0.11879289601346,0.),
 .UNSPECIFIED.);
#273=B_SPLINE_CURVE_WITH_KNOTS('',3,(#9942,#9943,#9944,#9945,#9946),
 .UNSPECIFIED.,.F.,.F.,(4,1,4),(0.,0.117162902486189,0.248250700347487),
 .UNSPECIFIED.);
#274=B_SPLINE_CURVE_WITH_KNOTS('',3,(#9948,#9949,#9950,#9951,#9952),
 .UNSPECIFIED.,.F.,.F.,(4,1,4),(-0.248250700347487,-0.117162902486189,0.),
 .UNSPECIFIED.);
#275=B_SPLINE_CURVE_WITH_KNOTS('',3,(#9965,#9966,#9967,#9968,#9969),
 .UNSPECIFIED.,.F.,.F.,(4,1,4),(0.,0.141332950533353,0.267753686189524),
 .UNSPECIFIED.);
#276=B_SPLINE_CURVE_WITH_KNOTS('',3,(#9971,#9972,#9973,#9974,#9975),
 .UNSPECIFIED.,.F.,.F.,(4,1,4),(-0.267753686189524,-0.141332950533353,0.),
 .UNSPECIFIED.);
#277=B_SPLINE_CURVE_WITH_KNOTS('',3,(#9988,#9989,#9990,#9991,#9992),
 .UNSPECIFIED.,.F.,.F.,(4,1,4),(0.,0.121067404046018,0.244257454959292),
 .UNSPECIFIED.);
#278=B_SPLINE_CURVE_WITH_KNOTS('',3,(#9994,#9995,#9996,#9997,#9998),
 .UNSPECIFIED.,.F.,.F.,(4,1,4),(-0.244257454959292,-0.121067404046018,0.),
 .UNSPECIFIED.);
#279=B_SPLINE_CURVE_WITH_KNOTS('',3,(#10011,#10012,#10013,#10014,#10015),
 .UNSPECIFIED.,.F.,.F.,(4,1,4),(0.,0.0841100087965199,0.163421365318426),
 .UNSPECIFIED.);
#280=B_SPLINE_CURVE_WITH_KNOTS('',3,(#10017,#10018,#10019,#10020,#10021),
 .UNSPECIFIED.,.F.,.F.,(4,1,4),(-0.163421365318426,-0.0841100087965199,
0.),.UNSPECIFIED.);
#281=B_SPLINE_CURVE_WITH_KNOTS('',3,(#10034,#10035,#10036,#10037,#10038),
 .UNSPECIFIED.,.F.,.F.,(4,1,4),(0.,0.067666421937054,0.129023923834532),
 .UNSPECIFIED.);
#282=B_SPLINE_CURVE_WITH_KNOTS('',3,(#10040,#10041,#10042,#10043,#10044),
 .UNSPECIFIED.,.F.,.F.,(4,1,4),(-0.129023923834532,-0.067666421937054,0.),
 .UNSPECIFIED.);
#283=B_SPLINE_CURVE_WITH_KNOTS('',3,(#10057,#10058,#10059,#10060,#10061),
 .UNSPECIFIED.,.F.,.F.,(4,1,4),(0.,0.0335875828316069,0.0661273835029034),
 .UNSPECIFIED.);
#284=B_SPLINE_CURVE_WITH_KNOTS('',3,(#10063,#10064,#10065,#10066,#10067),
 .UNSPECIFIED.,.F.,.F.,(4,1,4),(-0.0661273835029034,-0.0335875828316069,
0.),.UNSPECIFIED.);
#285=B_SPLINE_CURVE_WITH_KNOTS('',3,(#10080,#10081,#10082,#10083,#10084),
 .UNSPECIFIED.,.F.,.F.,(4,1,4),(0.,0.030929827813433,0.0600932446845986),
 .UNSPECIFIED.);
#286=B_SPLINE_CURVE_WITH_KNOTS('',3,(#10086,#10087,#10088,#10089,#10090),
 .UNSPECIFIED.,.F.,.F.,(4,1,4),(-0.0600932446845986,-0.030929827813433,
0.),.UNSPECIFIED.);
#287=B_SPLINE_CURVE_WITH_KNOTS('',3,(#10103,#10104,#10105,#10106,#10107),
 .UNSPECIFIED.,.F.,.F.,(4,1,4),(0.,0.026626405043755,0.0539036046086312),
 .UNSPECIFIED.);
#288=B_SPLINE_CURVE_WITH_KNOTS('',3,(#10109,#10110,#10111,#10112,#10113),
 .UNSPECIFIED.,.F.,.F.,(4,1,4),(-0.0539036046086312,-0.026626405043755,
0.),.UNSPECIFIED.);
#289=B_SPLINE_CURVE_WITH_KNOTS('',3,(#10126,#10127,#10128,#10129,#10130),
 .UNSPECIFIED.,.F.,.F.,(4,1,4),(0.,0.0278322192498979,0.0571233611600897),
 .UNSPECIFIED.);
#290=B_SPLINE_CURVE_WITH_KNOTS('',3,(#10132,#10133,#10134,#10135,#10136),
 .UNSPECIFIED.,.F.,.F.,(4,1,4),(-0.0571233611600897,-0.0278322192498979,
0.),.UNSPECIFIED.);
#291=B_SPLINE_CURVE_WITH_KNOTS('',3,(#10149,#10150,#10151,#10152,#10153),
 .UNSPECIFIED.,.F.,.F.,(4,1,4),(0.,0.0214491311891301,0.0448539880785313),
 .UNSPECIFIED.);
#292=B_SPLINE_CURVE_WITH_KNOTS('',3,(#10155,#10156,#10157,#10158,#10159),
 .UNSPECIFIED.,.F.,.F.,(4,1,4),(-0.0448539880785313,-0.0214491311891301,
0.),.UNSPECIFIED.);
#293=B_SPLINE_CURVE_WITH_KNOTS('',3,(#10172,#10173,#10174,#10175,#10176),
 .UNSPECIFIED.,.F.,.F.,(4,1,4),(0.,0.0128586729578285,0.0323360028924196),
 .UNSPECIFIED.);
#294=B_SPLINE_CURVE_WITH_KNOTS('',3,(#10178,#10179,#10180,#10181,#10182),
 .UNSPECIFIED.,.F.,.F.,(4,1,4),(-0.0323360028924196,-0.0128586729578285,
0.),.UNSPECIFIED.);
#295=B_SPLINE_CURVE_WITH_KNOTS('',3,(#10201,#10202,#10203,#10204,#10205),
 .UNSPECIFIED.,.F.,.F.,(4,1,4),(0.,0.0212566082422484,0.0482084054876218),
 .UNSPECIFIED.);
#296=B_SPLINE_CURVE_WITH_KNOTS('',3,(#10207,#10208,#10209,#10210,#10211),
 .UNSPECIFIED.,.F.,.F.,(4,1,4),(-0.0482084054876218,-0.0212566082422484,
0.),.UNSPECIFIED.);
#297=B_SPLINE_CURVE_WITH_KNOTS('',3,(#10224,#10225,#10226,#10227,#10228),
 .UNSPECIFIED.,.F.,.F.,(4,1,4),(0.,0.033087619832335,0.0717387397150473),
 .UNSPECIFIED.);
#298=B_SPLINE_CURVE_WITH_KNOTS('',3,(#10230,#10231,#10232,#10233,#10234),
 .UNSPECIFIED.,.F.,.F.,(4,1,4),(-0.0717387397150473,-0.033087619832335,
0.),.UNSPECIFIED.);
#299=B_SPLINE_CURVE_WITH_KNOTS('',3,(#10247,#10248,#10249,#10250,#10251),
 .UNSPECIFIED.,.F.,.F.,(4,1,4),(0.,0.0796713558197253,0.159760078472564),
 .UNSPECIFIED.);
#300=B_SPLINE_CURVE_WITH_KNOTS('',3,(#10253,#10254,#10255,#10256,#10257),
 .UNSPECIFIED.,.F.,.F.,(4,1,4),(-0.159760078472564,-0.0796713558197253,
0.),.UNSPECIFIED.);
#301=B_SPLINE_CURVE_WITH_KNOTS('',3,(#10270,#10271,#10272,#10273,#10274),
 .UNSPECIFIED.,.F.,.F.,(4,1,4),(0.,0.0965985412386975,0.218045906826812),
 .UNSPECIFIED.);
#302=B_SPLINE_CURVE_WITH_KNOTS('',3,(#10276,#10277,#10278,#10279,#10280),
 .UNSPECIFIED.,.F.,.F.,(4,1,4),(-0.218045906826812,-0.0965985412386975,
0.),.UNSPECIFIED.);
#303=B_SPLINE_CURVE_WITH_KNOTS('',3,(#10293,#10294,#10295,#10296,#10297),
 .UNSPECIFIED.,.F.,.F.,(4,1,4),(0.,0.112625630327404,0.204814300258892),
 .UNSPECIFIED.);
#304=B_SPLINE_CURVE_WITH_KNOTS('',3,(#10299,#10300,#10301,#10302,#10303),
 .UNSPECIFIED.,.F.,.F.,(4,1,4),(-0.204814300258892,-0.112625630327404,0.),
 .UNSPECIFIED.);
#305=B_SPLINE_CURVE_WITH_KNOTS('',3,(#10316,#10317,#10318,#10319,#10320),
 .UNSPECIFIED.,.F.,.F.,(4,1,4),(0.,0.0790309523621148,0.157185817816888),
 .UNSPECIFIED.);
#306=B_SPLINE_CURVE_WITH_KNOTS('',3,(#10322,#10323,#10324,#10325,#10326),
 .UNSPECIFIED.,.F.,.F.,(4,1,4),(-0.157185817816888,-0.0790309523621148,
0.),.UNSPECIFIED.);
#307=B_SPLINE_CURVE_WITH_KNOTS('',3,(#10338,#10339,#10340,#10341,#10342),
 .UNSPECIFIED.,.F.,.F.,(4,1,4),(0.,0.10651391868904,0.234905885198402),
 .UNSPECIFIED.);
#308=B_SPLINE_CURVE_WITH_KNOTS('',3,(#10343,#10344,#10345,#10346,#10347),
 .UNSPECIFIED.,.F.,.F.,(4,1,4),(-0.234905885198402,-0.10651391868904,0.),
 .UNSPECIFIED.);
#309=B_SPLINE_CURVE_WITH_KNOTS('',3,(#10370,#10371,#10372,#10373,#10374),
 .UNSPECIFIED.,.F.,.F.,(4,1,4),(0.,0.0424370932377015,0.0890600030251387),
 .UNSPECIFIED.);
#310=B_SPLINE_CURVE_WITH_KNOTS('',3,(#10376,#10377,#10378,#10379,#10380),
 .UNSPECIFIED.,.F.,.F.,(4,1,4),(-0.0890600030251387,-0.0424370932377015,
0.),.UNSPECIFIED.);
#311=B_SPLINE_CURVE_WITH_KNOTS('',3,(#10423,#10424,#10425,#10426,#10427),
 .UNSPECIFIED.,.F.,.F.,(4,1,4),(0.,0.0519709040049564,0.0906233884427842),
 .UNSPECIFIED.);
#312=B_SPLINE_CURVE_WITH_KNOTS('',3,(#10429,#10430,#10431,#10432,#10433),
 .UNSPECIFIED.,.F.,.F.,(4,1,4),(-0.0906233884427842,-0.0519709040049564,
0.),.UNSPECIFIED.);
#313=B_SPLINE_CURVE_WITH_KNOTS('',3,(#10452,#10453,#10454,#10455,#10456),
 .UNSPECIFIED.,.F.,.F.,(4,1,4),(0.,0.133501195199484,0.232872603726777),
 .UNSPECIFIED.);
#314=B_SPLINE_CURVE_WITH_KNOTS('',3,(#10458,#10459,#10460,#10461,#10462),
 .UNSPECIFIED.,.F.,.F.,(4,1,4),(-0.232872603726777,-0.133501195199484,0.),
 .UNSPECIFIED.);
#315=B_SPLINE_CURVE_WITH_KNOTS('',3,(#10475,#10476,#10477,#10478,#10479),
 .UNSPECIFIED.,.F.,.F.,(4,1,4),(0.,0.0655470158137468,0.13296099406772),
 .UNSPECIFIED.);
#316=B_SPLINE_CURVE_WITH_KNOTS('',3,(#10481,#10482,#10483,#10484,#10485),
 .UNSPECIFIED.,.F.,.F.,(4,1,4),(-0.13296099406772,-0.0655470158137468,0.),
 .UNSPECIFIED.);
#317=B_SPLINE_CURVE_WITH_KNOTS('',3,(#10498,#10499,#10500,#10501,#10502),
 .UNSPECIFIED.,.F.,.F.,(4,1,4),(0.,0.0743405202947014,0.157227890226873),
 .UNSPECIFIED.);
#318=B_SPLINE_CURVE_WITH_KNOTS('',3,(#10504,#10505,#10506,#10507,#10508),
 .UNSPECIFIED.,.F.,.F.,(4,1,4),(-0.157227890226873,-0.0743405202947014,
0.),.UNSPECIFIED.);
#319=B_SPLINE_CURVE_WITH_KNOTS('',3,(#10527,#10528,#10529,#10530,#10531),
 .UNSPECIFIED.,.F.,.F.,(4,1,4),(0.,0.0251002014192381,0.0446618030920221),
 .UNSPECIFIED.);
#320=B_SPLINE_CURVE_WITH_KNOTS('',3,(#10533,#10534,#10535,#10536,#10537),
 .UNSPECIFIED.,.F.,.F.,(4,1,4),(-0.0446618030920221,-0.0251002014192381,
0.),.UNSPECIFIED.);
#321=B_SPLINE_CURVE_WITH_KNOTS('',3,(#10550,#10551,#10552,#10553,#10554),
 .UNSPECIFIED.,.F.,.F.,(4,1,4),(0.,0.0223920690017354,0.0549789411101138),
 .UNSPECIFIED.);
#322=B_SPLINE_CURVE_WITH_KNOTS('',3,(#10556,#10557,#10558,#10559,#10560),
 .UNSPECIFIED.,.F.,.F.,(4,1,4),(-0.0549789411101138,-0.0223920690017354,
0.),.UNSPECIFIED.);
#323=B_SPLINE_CURVE_WITH_KNOTS('',3,(#10603,#10604,#10605,#10606,#10607),
 .UNSPECIFIED.,.F.,.F.,(4,1,4),(0.,0.0433015842233257,0.0807481050121568),
 .UNSPECIFIED.);
#324=B_SPLINE_CURVE_WITH_KNOTS('',3,(#10609,#10610,#10611,#10612,#10613),
 .UNSPECIFIED.,.F.,.F.,(4,1,4),(-0.0807481050121568,-0.0433015842233257,
0.),.UNSPECIFIED.);
#325=B_SPLINE_CURVE_WITH_KNOTS('',3,(#10632,#10633,#10634,#10635,#10636),
 .UNSPECIFIED.,.F.,.F.,(4,1,4),(0.,0.0325009828690999,0.0570712843604859),
 .UNSPECIFIED.);
#326=B_SPLINE_CURVE_WITH_KNOTS('',3,(#10638,#10639,#10640,#10641,#10642),
 .UNSPECIFIED.,.F.,.F.,(4,1,4),(-0.0570712843604859,-0.0325009828690999,
0.),.UNSPECIFIED.);
#327=B_SPLINE_CURVE_WITH_KNOTS('',3,(#10655,#10656,#10657,#10658,#10659),
 .UNSPECIFIED.,.F.,.F.,(4,1,4),(0.,0.0288858768734514,0.0709714406447267),
 .UNSPECIFIED.);
#328=B_SPLINE_CURVE_WITH_KNOTS('',3,(#10661,#10662,#10663,#10664,#10665),
 .UNSPECIFIED.,.F.,.F.,(4,1,4),(-0.0709714406447267,-0.0288858768734514,
0.),.UNSPECIFIED.);
#329=B_SPLINE_CURVE_WITH_KNOTS('',3,(#10690,#10691,#10692,#10693,#10694),
 .UNSPECIFIED.,.F.,.F.,(4,1,4),(0.,0.0331192518080764,0.0701402052527002),
 .UNSPECIFIED.);
#330=B_SPLINE_CURVE_WITH_KNOTS('',3,(#10696,#10697,#10698,#10699,#10700),
 .UNSPECIFIED.,.F.,.F.,(4,1,4),(-0.0701402052527002,-0.0331192518080764,
0.),.UNSPECIFIED.);
#331=B_SPLINE_CURVE_WITH_KNOTS('',3,(#10713,#10714,#10715,#10716,#10717),
 .UNSPECIFIED.,.F.,.F.,(4,1,4),(0.,0.035449016073643,0.0639738795228882),
 .UNSPECIFIED.);
#332=B_SPLINE_CURVE_WITH_KNOTS('',3,(#10719,#10720,#10721,#10722,#10723),
 .UNSPECIFIED.,.F.,.F.,(4,1,4),(-0.0639738795228882,-0.035449016073643,
0.),.UNSPECIFIED.);
#333=B_SPLINE_CURVE_WITH_KNOTS('',3,(#10736,#10737,#10738,#10739,#10740),
 .UNSPECIFIED.,.F.,.F.,(4,1,4),(0.,0.0763286106201753,0.139252970912605),
 .UNSPECIFIED.);
#334=B_SPLINE_CURVE_WITH_KNOTS('',3,(#10742,#10743,#10744,#10745,#10746),
 .UNSPECIFIED.,.F.,.F.,(4,1,4),(-0.139252970912605,-0.0763286106201753,
0.),.UNSPECIFIED.);
#335=B_SPLINE_CURVE_WITH_KNOTS('',3,(#10759,#10760,#10761,#10762,#10763),
 .UNSPECIFIED.,.F.,.F.,(4,1,4),(0.,0.0583993551982515,0.120827795736476),
 .UNSPECIFIED.);
#336=B_SPLINE_CURVE_WITH_KNOTS('',3,(#10765,#10766,#10767,#10768,#10769),
 .UNSPECIFIED.,.F.,.F.,(4,1,4),(-0.120827795736476,-0.0583993551982515,
0.),.UNSPECIFIED.);
#337=B_SPLINE_CURVE_WITH_KNOTS('',3,(#10782,#10783,#10784,#10785,#10786),
 .UNSPECIFIED.,.F.,.F.,(4,1,4),(0.,0.113088063967596,0.2371254966126),
 .UNSPECIFIED.);
#338=B_SPLINE_CURVE_WITH_KNOTS('',3,(#10788,#10789,#10790,#10791,#10792),
 .UNSPECIFIED.,.F.,.F.,(4,1,4),(-0.2371254966126,-0.113088063967596,0.),
 .UNSPECIFIED.);
#339=B_SPLINE_CURVE_WITH_KNOTS('',3,(#10805,#10806,#10807,#10808,#10809),
 .UNSPECIFIED.,.F.,.F.,(4,1,4),(0.,0.146888853799204,0.272929607121326),
 .UNSPECIFIED.);
#340=B_SPLINE_CURVE_WITH_KNOTS('',3,(#10811,#10812,#10813,#10814,#10815),
 .UNSPECIFIED.,.F.,.F.,(4,1,4),(-0.272929607121326,-0.146888853799204,0.),
 .UNSPECIFIED.);
#341=B_SPLINE_CURVE_WITH_KNOTS('',3,(#10828,#10829,#10830,#10831,#10832),
 .UNSPECIFIED.,.F.,.F.,(4,1,4),(0.,0.0759145228003445,0.147444562365966),
 .UNSPECIFIED.);
#342=B_SPLINE_CURVE_WITH_KNOTS('',3,(#10834,#10835,#10836,#10837,#10838),
 .UNSPECIFIED.,.F.,.F.,(4,1,4),(-0.147444562365966,-0.0759145228003445,
0.),.UNSPECIFIED.);
#343=B_SPLINE_CURVE_WITH_KNOTS('',3,(#10851,#10852,#10853,#10854,#10855),
 .UNSPECIFIED.,.F.,.F.,(4,1,4),(0.,0.0784880015611129,0.172294851220237),
 .UNSPECIFIED.);
#344=B_SPLINE_CURVE_WITH_KNOTS('',3,(#10857,#10858,#10859,#10860,#10861),
 .UNSPECIFIED.,.F.,.F.,(4,1,4),(-0.172294851220237,-0.0784880015611129,
0.),.UNSPECIFIED.);
#345=B_SPLINE_CURVE_WITH_KNOTS('',3,(#10880,#10881,#10882,#10883,#10884),
 .UNSPECIFIED.,.F.,.F.,(4,1,4),(0.,0.04330538444897,0.0966319885201965),
 .UNSPECIFIED.);
#346=B_SPLINE_CURVE_WITH_KNOTS('',3,(#10886,#10887,#10888,#10889,#10890),
 .UNSPECIFIED.,.F.,.F.,(4,1,4),(-0.0966319885201965,-0.04330538444897,0.),
 .UNSPECIFIED.);
#347=B_SPLINE_CURVE_WITH_KNOTS('',3,(#10933,#10934,#10935,#10936,#10937),
 .UNSPECIFIED.,.F.,.F.,(4,1,4),(0.,0.0562182334495528,0.0999282034526538),
 .UNSPECIFIED.);
#348=B_SPLINE_CURVE_WITH_KNOTS('',3,(#10939,#10940,#10941,#10942,#10943),
 .UNSPECIFIED.,.F.,.F.,(4,1,4),(-0.0999282034526538,-0.0562182334495528,
0.),.UNSPECIFIED.);
#349=B_SPLINE_CURVE_WITH_KNOTS('',3,(#10962,#10963,#10964,#10965,#10966),
 .UNSPECIFIED.,.F.,.F.,(4,1,4),(0.,0.0608308397145496,0.112838689535172),
 .UNSPECIFIED.);
#350=B_SPLINE_CURVE_WITH_KNOTS('',3,(#10968,#10969,#10970,#10971,#10972),
 .UNSPECIFIED.,.F.,.F.,(4,1,4),(-0.112838689535172,-0.0608308397145496,
0.),.UNSPECIFIED.);
#351=B_SPLINE_CURVE_WITH_KNOTS('',3,(#10985,#10986,#10987,#10988,#10989),
 .UNSPECIFIED.,.F.,.F.,(4,1,4),(0.,0.0485446508669295,0.100434247283273),
 .UNSPECIFIED.);
#352=B_SPLINE_CURVE_WITH_KNOTS('',3,(#10991,#10992,#10993,#10994,#10995),
 .UNSPECIFIED.,.F.,.F.,(4,1,4),(-0.100434247283273,-0.0485446508669295,
0.),.UNSPECIFIED.);
#353=B_SPLINE_CURVE_WITH_KNOTS('',3,(#11008,#11009,#11010,#11011,#11012),
 .UNSPECIFIED.,.F.,.F.,(4,1,4),(0.,0.0636881454140855,0.131252446241744),
 .UNSPECIFIED.);
#354=B_SPLINE_CURVE_WITH_KNOTS('',3,(#11014,#11015,#11016,#11017,#11018),
 .UNSPECIFIED.,.F.,.F.,(4,1,4),(-0.131252446241744,-0.0636881454140855,
0.),.UNSPECIFIED.);
#355=B_SPLINE_CURVE_WITH_KNOTS('',3,(#11030,#11031,#11032,#11033,#11034),
 .UNSPECIFIED.,.F.,.F.,(4,1,4),(0.,0.0693730625856204,0.13556925440312),
 .UNSPECIFIED.);
#356=B_SPLINE_CURVE_WITH_KNOTS('',3,(#11035,#11036,#11037,#11038,#11039),
 .UNSPECIFIED.,.F.,.F.,(4,1,4),(-0.13556925440312,-0.0693730625856204,0.),
 .UNSPECIFIED.);
#357=B_SPLINE_SURFACE_WITH_KNOTS('',3,1,((#6707,#6708),(#6709,#6710),(#6711,
#6712),(#6713,#6714),(#6715,#6716)),.UNSPECIFIED.,.F.,.F.,.F.,(4,1,4),(2,
2),(-0.234164305559392,-0.135463168166,0.),(0.,0.18),.UNSPECIFIED.);
#358=B_SPLINE_SURFACE_WITH_KNOTS('',3,1,((#6730,#6731),(#6732,#6733),(#6734,
#6735),(#6736,#6737),(#6738,#6739)),.UNSPECIFIED.,.F.,.F.,.F.,(4,1,4),(2,
2),(-0.147732452856189,-0.0735218646929153,0.),(0.,0.18),.UNSPECIFIED.);
#359=B_SPLINE_SURFACE_WITH_KNOTS('',3,1,((#6753,#6754),(#6755,#6756),(#6757,
#6758),(#6759,#6760),(#6761,#6762)),.UNSPECIFIED.,.F.,.F.,.F.,(4,1,4),(2,
2),(-0.085274588662666,-0.045517447819613,0.),(0.,0.18),.UNSPECIFIED.);
#360=B_SPLINE_SURFACE_WITH_KNOTS('',3,1,((#6776,#6777),(#6778,#6779),(#6780,
#6781),(#6782,#6783),(#6784,#6785)),.UNSPECIFIED.,.F.,.F.,.F.,(4,1,4),(2,
2),(-0.0808745394461474,-0.0385772049727437,0.),(0.,0.18),.UNSPECIFIED.);
#361=B_SPLINE_SURFACE_WITH_KNOTS('',3,1,((#6799,#6800),(#6801,#6802),(#6803,
#6804),(#6805,#6806),(#6807,#6808)),.UNSPECIFIED.,.F.,.F.,.F.,(4,1,4),(2,
2),(-0.149109687862671,-0.0733164500459294,0.),(0.,0.18),.UNSPECIFIED.);
#362=B_SPLINE_SURFACE_WITH_KNOTS('',3,1,((#6822,#6823),(#6824,#6825),(#6826,
#6827),(#6828,#6829),(#6830,#6831)),.UNSPECIFIED.,.F.,.F.,.F.,(4,1,4),(2,
2),(-0.163907317203602,-0.0801796162899932,0.),(0.,0.18),.UNSPECIFIED.);
#363=B_SPLINE_SURFACE_WITH_KNOTS('',3,1,((#6842,#6843),(#6844,#6845),(#6846,
#6847),(#6848,#6849),(#6850,#6851)),.UNSPECIFIED.,.F.,.F.,.F.,(4,1,4),(2,
2),(-0.0492388989609334,-0.0146969320594534,0.),(0.,0.18),.UNSPECIFIED.);
#364=B_SPLINE_SURFACE_WITH_KNOTS('',3,1,((#6868,#6869),(#6870,#6871),(#6872,
#6873),(#6874,#6875),(#6876,#6877)),.UNSPECIFIED.,.F.,.F.,.F.,(4,1,4),(2,
2),(-0.0380329480542522,-0.0208845882701541,0.),(0.,0.18),.UNSPECIFIED.);
#365=B_SPLINE_SURFACE_WITH_KNOTS('',3,1,((#6891,#6892),(#6893,#6894),(#6895,
#6896),(#6897,#6898),(#6899,#6900)),.UNSPECIFIED.,.F.,.F.,.F.,(4,1,4),(2,
2),(-0.10681285606254,-0.0525688145943877,0.),(0.,0.18),.UNSPECIFIED.);
#366=B_SPLINE_SURFACE_WITH_KNOTS('',3,1,((#6914,#6915),(#6916,#6917),(#6918,
#6919),(#6920,#6921),(#6922,#6923)),.UNSPECIFIED.,.F.,.F.,.F.,(4,1,4),(2,
2),(-0.0613781107469781,-0.0318466510671275,0.),(0.,0.18),.UNSPECIFIED.);
#367=B_SPLINE_SURFACE_WITH_KNOTS('',3,1,((#6937,#6938),(#6939,#6940),(#6941,
#6942),(#6943,#6944),(#6945,#6946)),.UNSPECIFIED.,.F.,.F.,.F.,(4,1,4),(2,
2),(-0.0645600300773716,-0.0300450293958364,0.),(0.,0.18),.UNSPECIFIED.);
#368=B_SPLINE_SURFACE_WITH_KNOTS('',3,1,((#6960,#6961),(#6962,#6963),(#6964,
#6965),(#6966,#6967),(#6968,#6969)),.UNSPECIFIED.,.F.,.F.,.F.,(4,1,4),(2,
2),(-0.147684259930092,-0.0673651598822144,0.),(0.,0.18),.UNSPECIFIED.);
#369=B_SPLINE_SURFACE_WITH_KNOTS('',3,1,((#6983,#6984),(#6985,#6986),(#6987,
#6988),(#6989,#6990),(#6991,#6992)),.UNSPECIFIED.,.F.,.F.,.F.,(4,1,4),(2,
2),(-0.201577037698975,-0.0951207783204442,0.),(0.,0.18),.UNSPECIFIED.);
#370=B_SPLINE_SURFACE_WITH_KNOTS('',3,1,((#7006,#7007),(#7008,#7009),(#7010,
#7011),(#7012,#7013),(#7014,#7015)),.UNSPECIFIED.,.F.,.F.,.F.,(4,1,4),(2,
2),(-0.173024850698566,-0.0940939236121945,0.),(0.,0.18),.UNSPECIFIED.);
#371=B_SPLINE_SURFACE_WITH_KNOTS('',3,1,((#7029,#7030),(#7031,#7032),(#7033,
#7034),(#7035,#7036),(#7037,#7038)),.UNSPECIFIED.,.F.,.F.,.F.,(4,1,4),(2,
2),(-0.136846386540627,-0.0692148421013882,0.),(0.,0.18),.UNSPECIFIED.);
#372=B_SPLINE_SURFACE_WITH_KNOTS('',3,1,((#7058,#7059),(#7060,#7061),(#7062,
#7063),(#7064,#7065),(#7066,#7067)),.UNSPECIFIED.,.F.,.F.,.F.,(4,1,4),(2,
2),(-0.111103847605878,-0.0659139568231224,0.),(0.,0.18),.UNSPECIFIED.);
#373=B_SPLINE_SURFACE_WITH_KNOTS('',3,1,((#7081,#7082),(#7083,#7084),(#7085,
#7086),(#7087,#7088),(#7089,#7090)),.UNSPECIFIED.,.F.,.F.,.F.,(4,1,4),(2,
2),(-0.0268736125497713,-0.0139426265367511,0.),(0.,0.18),.UNSPECIFIED.);
#374=B_SPLINE_SURFACE_WITH_KNOTS('',3,1,((#7104,#7105),(#7106,#7107),(#7108,
#7109),(#7110,#7111),(#7112,#7113)),.UNSPECIFIED.,.F.,.F.,.F.,(4,1,4),(2,
2),(-0.0320962253846987,-0.015105298863154,0.),(0.,0.18),.UNSPECIFIED.);
#375=B_SPLINE_SURFACE_WITH_KNOTS('',3,1,((#7133,#7134),(#7135,#7136),(#7137,
#7138),(#7139,#7140),(#7141,#7142)),.UNSPECIFIED.,.F.,.F.,.F.,(4,1,4),(2,
2),(-0.119948351603478,-0.0629137992859293,0.),(0.,0.18),.UNSPECIFIED.);
#376=B_SPLINE_SURFACE_WITH_KNOTS('',3,1,((#7156,#7157),(#7158,#7159),(#7160,
#7161),(#7162,#7163),(#7164,#7165)),.UNSPECIFIED.,.F.,.F.,.F.,(4,1,4),(2,
2),(-0.181925082772095,-0.0832601915400543,0.),(0.,0.18),.UNSPECIFIED.);
#377=B_SPLINE_SURFACE_WITH_KNOTS('',3,1,((#7179,#7180),(#7181,#7182),(#7183,
#7184),(#7185,#7186),(#7187,#7188)),.UNSPECIFIED.,.F.,.F.,.F.,(4,1,4),(2,
2),(-0.131118261522857,-0.0747207634708037,0.),(0.,0.18),.UNSPECIFIED.);
#378=B_SPLINE_SURFACE_WITH_KNOTS('',3,1,((#7202,#7203),(#7204,#7205),(#7206,
#7207),(#7208,#7209),(#7210,#7211)),.UNSPECIFIED.,.F.,.F.,.F.,(4,1,4),(2,
2),(-0.129859757621189,-0.0609649863505429,0.),(0.,0.18),.UNSPECIFIED.);
#379=B_SPLINE_SURFACE_WITH_KNOTS('',3,1,((#7225,#7226),(#7227,#7228),(#7229,
#7230),(#7231,#7232),(#7233,#7234)),.UNSPECIFIED.,.F.,.F.,.F.,(4,1,4),(2,
2),(-0.150480988736205,-0.0820603891299107,0.),(0.,0.18),.UNSPECIFIED.);
#380=B_SPLINE_SURFACE_WITH_KNOTS('',3,1,((#7248,#7249),(#7250,#7251),(#7252,
#7253),(#7254,#7255),(#7256,#7257)),.UNSPECIFIED.,.F.,.F.,.F.,(4,1,4),(2,
2),(-0.12069901159048,-0.0597825718194216,0.),(0.,0.18),.UNSPECIFIED.);
#381=B_SPLINE_SURFACE_WITH_KNOTS('',3,1,((#7271,#7272),(#7273,#7274),(#7275,
#7276),(#7277,#7278),(#7279,#7280)),.UNSPECIFIED.,.F.,.F.,.F.,(4,1,4),(2,
2),(-0.199743945193346,-0.0909048067326144,0.),(0.,0.18),.UNSPECIFIED.);
#382=B_SPLINE_SURFACE_WITH_KNOTS('',3,1,((#7294,#7295),(#7296,#7297),(#7298,
#7299),(#7300,#7301),(#7302,#7303)),.UNSPECIFIED.,.F.,.F.,.F.,(4,1,4),(2,
2),(-0.32029336042593,-0.1426141908518,0.),(0.,0.18),.UNSPECIFIED.);
#383=B_SPLINE_SURFACE_WITH_KNOTS('',3,1,((#7323,#7324),(#7325,#7326),(#7327,
#7328),(#7329,#7330),(#7331,#7332)),.UNSPECIFIED.,.F.,.F.,.F.,(4,1,4),(2,
2),(-0.100404155288859,-0.0503943108191354,0.),(0.,0.18),.UNSPECIFIED.);
#384=B_SPLINE_SURFACE_WITH_KNOTS('',3,1,((#7346,#7347),(#7348,#7349),(#7350,
#7351),(#7352,#7353),(#7354,#7355)),.UNSPECIFIED.,.F.,.F.,.F.,(4,1,4),(2,
2),(-0.108205292404497,-0.0519139029391597,0.),(0.,0.18),.UNSPECIFIED.);
#385=B_SPLINE_SURFACE_WITH_KNOTS('',3,1,((#7369,#7370),(#7371,#7372),(#7373,
#7374),(#7375,#7376),(#7377,#7378)),.UNSPECIFIED.,.F.,.F.,.F.,(4,1,4),(2,
2),(-0.0945394066206679,-0.0489628908024574,0.),(0.,0.18),.UNSPECIFIED.);
#386=B_SPLINE_SURFACE_WITH_KNOTS('',3,1,((#7392,#7393),(#7394,#7395),(#7396,
#7397),(#7398,#7399),(#7400,#7401)),.UNSPECIFIED.,.F.,.F.,.F.,(4,1,4),(2,
2),(-0.0559840892807731,-0.0348075592286097,0.),(0.,0.18),.UNSPECIFIED.);
#387=B_SPLINE_SURFACE_WITH_KNOTS('',3,1,((#7435,#7436),(#7437,#7438),(#7439,
#7440),(#7441,#7442),(#7443,#7444)),.UNSPECIFIED.,.F.,.F.,.F.,(4,1,4),(2,
2),(-0.208322141430473,-0.117121203200785,0.),(0.,0.18),.UNSPECIFIED.);
#388=B_SPLINE_SURFACE_WITH_KNOTS('',3,1,((#7458,#7459),(#7460,#7461),(#7462,
#7463),(#7464,#7465),(#7466,#7467)),.UNSPECIFIED.,.F.,.F.,.F.,(4,1,4),(2,
2),(-0.143098687027242,-0.0731338032702403,0.),(0.,0.18),.UNSPECIFIED.);
#389=B_SPLINE_SURFACE_WITH_KNOTS('',3,1,((#7481,#7482),(#7483,#7484),(#7485,
#7486),(#7487,#7488),(#7489,#7490)),.UNSPECIFIED.,.F.,.F.,.F.,(4,1,4),(2,
2),(-0.0876133418470288,-0.0457288132555207,0.),(0.,0.18),.UNSPECIFIED.);
#390=B_SPLINE_SURFACE_WITH_KNOTS('',3,1,((#7504,#7505),(#7506,#7507),(#7508,
#7509),(#7510,#7511),(#7512,#7513)),.UNSPECIFIED.,.F.,.F.,.F.,(4,1,4),(2,
2),(-0.0919373541749167,-0.0429967886945166,0.),(0.,0.18),.UNSPECIFIED.);
#391=B_SPLINE_SURFACE_WITH_KNOTS('',3,1,((#7527,#7528),(#7529,#7530),(#7531,
#7532),(#7533,#7534),(#7535,#7536)),.UNSPECIFIED.,.F.,.F.,.F.,(4,1,4),(2,
2),(-0.0651103338742477,-0.0341381240221168,0.),(0.,0.18),.UNSPECIFIED.);
#392=B_SPLINE_SURFACE_WITH_KNOTS('',3,1,((#7550,#7551),(#7552,#7553),(#7554,
#7555),(#7556,#7557),(#7558,#7559)),.UNSPECIFIED.,.F.,.F.,.F.,(4,1,4),(2,
2),(-0.0584307965422528,-0.029012572688018,0.),(0.,0.18),.UNSPECIFIED.);
#393=B_SPLINE_SURFACE_WITH_KNOTS('',3,1,((#7573,#7574),(#7575,#7576),(#7577,
#7578),(#7579,#7580),(#7581,#7582)),.UNSPECIFIED.,.F.,.F.,.F.,(4,1,4),(2,
2),(-0.0528578304473366,-0.0269516031867096,0.),(0.,0.18),.UNSPECIFIED.);
#394=B_SPLINE_SURFACE_WITH_KNOTS('',3,1,((#7596,#7597),(#7598,#7599),(#7600,
#7601),(#7602,#7603),(#7604,#7605)),.UNSPECIFIED.,.F.,.F.,.F.,(4,1,4),(2,
2),(-0.0578439514304801,-0.0274055564414991,0.),(0.,0.18),.UNSPECIFIED.);
#395=B_SPLINE_SURFACE_WITH_KNOTS('',3,1,((#7619,#7620),(#7621,#7622),(#7623,
#7624),(#7625,#7626),(#7627,#7628)),.UNSPECIFIED.,.F.,.F.,.F.,(4,1,4),(2,
2),(-0.0397529648595359,-0.019015964824442,0.),(0.,0.18),.UNSPECIFIED.);
#396=B_SPLINE_SURFACE_WITH_KNOTS('',3,1,((#7642,#7643),(#7644,#7645),(#7646,
#7647),(#7648,#7649),(#7650,#7651)),.UNSPECIFIED.,.F.,.F.,.F.,(4,1,4),(2,
2),(-0.025626795951409,-0.0173486358561664,0.),(0.,0.18),.UNSPECIFIED.);
#397=B_SPLINE_SURFACE_WITH_KNOTS('',3,1,((#7665,#7666),(#7667,#7668),(#7669,
#7670),(#7671,#7672),(#7673,#7674)),.UNSPECIFIED.,.F.,.F.,.F.,(4,1,4),(2,
2),(-0.00773729349907448,-0.00296174899615719,0.),(0.,0.18),
 .UNSPECIFIED.);
#398=B_SPLINE_SURFACE_WITH_KNOTS('',3,1,((#7688,#7689),(#7690,#7691),(#7692,
#7693),(#7694,#7695),(#7696,#7697)),.UNSPECIFIED.,.F.,.F.,.F.,(4,1,4),(2,
2),(-0.00675898162581915,-0.00234143445168047,0.),(0.,0.18),
 .UNSPECIFIED.);
#399=B_SPLINE_SURFACE_WITH_KNOTS('',3,1,((#7711,#7712),(#7713,#7714),(#7715,
#7716),(#7717,#7718),(#7719,#7720)),.UNSPECIFIED.,.F.,.F.,.F.,(4,1,4),(2,
2),(-0.166139307752987,-0.0639785360031352,0.),(0.,0.18),.UNSPECIFIED.);
#400=B_SPLINE_SURFACE_WITH_KNOTS('',3,1,((#7734,#7735),(#7736,#7737),(#7738,
#7739),(#7740,#7741),(#7742,#7743)),.UNSPECIFIED.,.F.,.F.,.F.,(4,1,4),(2,
2),(-0.242137032629808,-0.12138727627536,0.),(0.,0.18),.UNSPECIFIED.);
#401=B_SPLINE_SURFACE_WITH_KNOTS('',3,1,((#7763,#7764),(#7765,#7766),(#7767,
#7768),(#7769,#7770),(#7771,#7772)),.UNSPECIFIED.,.F.,.F.,.F.,(4,1,4),(2,
2),(-0.0928556783059411,-0.0389464147335539,0.),(0.,0.18),.UNSPECIFIED.);
#402=B_SPLINE_SURFACE_WITH_KNOTS('',3,1,((#7816,#7817),(#7818,#7819),(#7820,
#7821),(#7822,#7823),(#7824,#7825)),.UNSPECIFIED.,.F.,.F.,.F.,(4,1,4),(2,
2),(-0.0855049626928025,-0.0498154987037734,0.),(0.,0.18),.UNSPECIFIED.);
#403=B_SPLINE_SURFACE_WITH_KNOTS('',3,1,((#7845,#7846),(#7847,#7848),(#7849,
#7850),(#7851,#7852),(#7853,#7854)),.UNSPECIFIED.,.F.,.F.,.F.,(4,1,4),(2,
2),(-0.127846733855982,-0.067271530440829,0.),(0.,0.18),.UNSPECIFIED.);
#404=B_SPLINE_SURFACE_WITH_KNOTS('',3,1,((#7873,#7874),(#7875,#7876),(#7877,
#7878),(#7879,#7880),(#7881,#7882)),.UNSPECIFIED.,.F.,.F.,.F.,(4,1,4),(2,
2),(-0.150141977694787,-0.0740457355502617,0.),(0.,0.18),.UNSPECIFIED.);
#405=B_SPLINE_SURFACE_WITH_KNOTS('',3,1,((#7899,#7900),(#7901,#7902),(#7903,
#7904),(#7905,#7906),(#7907,#7908)),.UNSPECIFIED.,.F.,.F.,.F.,(4,1,4),(2,
2),(-0.210508733098591,-0.0921225951107129,0.),(0.,0.18),.UNSPECIFIED.);
#406=B_SPLINE_SURFACE_WITH_KNOTS('',3,1,((#7922,#7923),(#7924,#7925),(#7926,
#7927),(#7928,#7929),(#7930,#7931)),.UNSPECIFIED.,.F.,.F.,.F.,(4,1,4),(2,
2),(-0.22082839550822,-0.124981914799857,0.),(0.,0.18),.UNSPECIFIED.);
#407=B_SPLINE_SURFACE_WITH_KNOTS('',3,1,((#7945,#7946),(#7947,#7948),(#7949,
#7950),(#7951,#7952),(#7953,#7954)),.UNSPECIFIED.,.F.,.F.,.F.,(4,1,4),(2,
2),(-0.152299684718778,-0.0765673563873331,0.),(0.,0.18),.UNSPECIFIED.);
#408=B_SPLINE_SURFACE_WITH_KNOTS('',3,1,((#7968,#7969),(#7970,#7971),(#7972,
#7973),(#7974,#7975),(#7976,#7977)),.UNSPECIFIED.,.F.,.F.,.F.,(4,1,4),(2,
2),(-0.153092259790094,-0.0758128493394198,0.),(0.,0.18),.UNSPECIFIED.);
#409=B_SPLINE_SURFACE_WITH_KNOTS('',3,1,((#7991,#7992),(#7993,#7994),(#7995,
#7996),(#7997,#7998),(#7999,#8000)),.UNSPECIFIED.,.F.,.F.,.F.,(4,1,4),(2,
2),(-0.222462624051815,-0.0971215797890081,0.),(0.,0.18),.UNSPECIFIED.);
#410=B_SPLINE_SURFACE_WITH_KNOTS('',3,1,((#8014,#8015),(#8016,#8017),(#8018,
#8019),(#8020,#8021),(#8022,#8023)),.UNSPECIFIED.,.F.,.F.,.F.,(4,1,4),(2,
2),(-0.210047446855075,-0.118119656307081,0.),(0.,0.18),.UNSPECIFIED.);
#411=B_SPLINE_SURFACE_WITH_KNOTS('',3,1,((#8037,#8038),(#8039,#8040),(#8041,
#8042),(#8043,#8044),(#8045,#8046)),.UNSPECIFIED.,.F.,.F.,.F.,(4,1,4),(2,
2),(-0.150568585292173,-0.0756368618976831,0.),(0.,0.18),.UNSPECIFIED.);
#412=B_SPLINE_SURFACE_WITH_KNOTS('',3,1,((#8057,#8058),(#8059,#8060),(#8061,
#8062),(#8063,#8064),(#8065,#8066)),.UNSPECIFIED.,.F.,.F.,.F.,(4,1,4),(2,
2),(-0.235085886955035,-0.118449661218008,0.),(0.,0.18),.UNSPECIFIED.);
#413=B_SPLINE_SURFACE_WITH_KNOTS('',3,1,((#8083,#8084),(#8085,#8086),(#8087,
#8088),(#8089,#8090),(#8091,#8092)),.UNSPECIFIED.,.F.,.F.,.F.,(4,1,4),(2,
2),(-0.259056143919203,-0.123286110464659,0.),(0.,0.18),.UNSPECIFIED.);
#414=B_SPLINE_SURFACE_WITH_KNOTS('',3,1,((#8106,#8107),(#8108,#8109),(#8110,
#8111),(#8112,#8113),(#8114,#8115)),.UNSPECIFIED.,.F.,.F.,.F.,(4,1,4),(2,
2),(-0.257097586854158,-0.133860849915762,0.),(0.,0.18),.UNSPECIFIED.);
#415=B_SPLINE_SURFACE_WITH_KNOTS('',3,1,((#8129,#8130),(#8131,#8132),(#8133,
#8134),(#8135,#8136),(#8137,#8138)),.UNSPECIFIED.,.F.,.F.,.F.,(4,1,4),(2,
2),(-0.234220756570326,-0.117134729956266,0.),(0.,0.18),.UNSPECIFIED.);
#416=B_SPLINE_SURFACE_WITH_KNOTS('',3,1,((#8152,#8153),(#8154,#8155),(#8156,
#8157),(#8158,#8159),(#8160,#8161)),.UNSPECIFIED.,.F.,.F.,.F.,(4,1,4),(2,
2),(-0.2326017992704,-0.116500882774932,0.),(0.,0.18),.UNSPECIFIED.);
#417=B_SPLINE_SURFACE_WITH_KNOTS('',3,1,((#8175,#8176),(#8177,#8178),(#8179,
#8180),(#8181,#8182),(#8183,#8184)),.UNSPECIFIED.,.F.,.F.,.F.,(4,1,4),(2,
2),(-0.255323720838697,-0.122273332710493,0.),(0.,0.18),.UNSPECIFIED.);
#418=B_SPLINE_SURFACE_WITH_KNOTS('',3,1,((#8198,#8199),(#8200,#8201),(#8202,
#8203),(#8204,#8205),(#8206,#8207)),.UNSPECIFIED.,.F.,.F.,.F.,(4,1,4),(2,
2),(-0.255323764930026,-0.133050329237386,0.),(0.,0.18),.UNSPECIFIED.);
#419=B_SPLINE_SURFACE_WITH_KNOTS('',3,1,((#8221,#8222),(#8223,#8224),(#8225,
#8226),(#8227,#8228),(#8229,#8230)),.UNSPECIFIED.,.F.,.F.,.F.,(4,1,4),(2,
2),(-0.234613626340156,-0.116424392061482,0.),(0.,0.18),.UNSPECIFIED.);
#420=B_SPLINE_SURFACE_WITH_KNOTS('',3,1,((#8252,#8253),(#8254,#8255),(#8256,
#8257),(#8258,#8259),(#8260,#8261)),.UNSPECIFIED.,.F.,.F.,.F.,(4,1,4),(2,
2),(-0.234163955011546,-0.135462817618155,0.),(0.,0.18),.UNSPECIFIED.);
#421=B_SPLINE_SURFACE_WITH_KNOTS('',3,1,((#8275,#8276),(#8277,#8278),(#8279,
#8280),(#8281,#8282),(#8283,#8284)),.UNSPECIFIED.,.F.,.F.,.F.,(4,1,4),(2,
2),(-0.147732620366259,-0.073522032202985,0.),(0.,0.18),.UNSPECIFIED.);
#422=B_SPLINE_SURFACE_WITH_KNOTS('',3,1,((#8298,#8299),(#8300,#8301),(#8302,
#8303),(#8304,#8305),(#8306,#8307)),.UNSPECIFIED.,.F.,.F.,.F.,(4,1,4),(2,
2),(-0.0852747326905227,-0.0455174131315559,0.),(0.,0.18),.UNSPECIFIED.);
#423=B_SPLINE_SURFACE_WITH_KNOTS('',3,1,((#8321,#8322),(#8323,#8324),(#8325,
#8326),(#8327,#8328),(#8329,#8330)),.UNSPECIFIED.,.F.,.F.,.F.,(4,1,4),(2,
2),(-0.0808744391699008,-0.0385771046964972,0.),(0.,0.18),.UNSPECIFIED.);
#424=B_SPLINE_SURFACE_WITH_KNOTS('',3,1,((#8344,#8345),(#8346,#8347),(#8348,
#8349),(#8350,#8351),(#8352,#8353)),.UNSPECIFIED.,.F.,.F.,.F.,(4,1,4),(2,
2),(-0.149109648797922,-0.0733168005413363,0.),(0.,0.18),.UNSPECIFIED.);
#425=B_SPLINE_SURFACE_WITH_KNOTS('',3,1,((#8367,#8368),(#8369,#8370),(#8371,
#8372),(#8373,#8374),(#8375,#8376)),.UNSPECIFIED.,.F.,.F.,.F.,(4,1,4),(2,
2),(-0.163907405686641,-0.0801797462601016,0.),(0.,0.18),.UNSPECIFIED.);
#426=B_SPLINE_SURFACE_WITH_KNOTS('',3,1,((#8387,#8388),(#8389,#8390),(#8391,
#8392),(#8393,#8394),(#8395,#8396)),.UNSPECIFIED.,.F.,.F.,.F.,(4,1,4),(2,
2),(-0.0492390155234279,-0.0146969320594534,0.),(0.,0.18),.UNSPECIFIED.);
#427=B_SPLINE_SURFACE_WITH_KNOTS('',3,1,((#8413,#8414),(#8415,#8416),(#8417,
#8418),(#8419,#8420),(#8421,#8422)),.UNSPECIFIED.,.F.,.F.,.F.,(4,1,4),(2,
2),(-0.0380328667081269,-0.0208844862069426,0.),(0.,0.18),.UNSPECIFIED.);
#428=B_SPLINE_SURFACE_WITH_KNOTS('',3,1,((#8436,#8437),(#8438,#8439),(#8440,
#8441),(#8442,#8443),(#8444,#8445)),.UNSPECIFIED.,.F.,.F.,.F.,(4,1,4),(2,
2),(-0.10681296958347,-0.0525688145943877,0.),(0.,0.18),.UNSPECIFIED.);
#429=B_SPLINE_SURFACE_WITH_KNOTS('',3,1,((#8459,#8460),(#8461,#8462),(#8463,
#8464),(#8465,#8466),(#8467,#8468)),.UNSPECIFIED.,.F.,.F.,.F.,(4,1,4),(2,
2),(-0.0613780078252112,-0.0318466510671275,0.),(0.,0.18),.UNSPECIFIED.);
#430=B_SPLINE_SURFACE_WITH_KNOTS('',3,1,((#8482,#8483),(#8484,#8485),(#8486,
#8487),(#8488,#8489),(#8490,#8491)),.UNSPECIFIED.,.F.,.F.,.F.,(4,1,4),(2,
2),(-0.064560164373127,-0.0300452185853068,0.),(0.,0.18),.UNSPECIFIED.);
#431=B_SPLINE_SURFACE_WITH_KNOTS('',3,1,((#8505,#8506),(#8507,#8508),(#8509,
#8510),(#8511,#8512),(#8513,#8514)),.UNSPECIFIED.,.F.,.F.,.F.,(4,1,4),(2,
2),(-0.147684054917981,-0.0673651258967948,0.),(0.,0.18),.UNSPECIFIED.);
#432=B_SPLINE_SURFACE_WITH_KNOTS('',3,1,((#8528,#8529),(#8530,#8531),(#8532,
#8533),(#8534,#8535),(#8536,#8537)),.UNSPECIFIED.,.F.,.F.,.F.,(4,1,4),(2,
2),(-0.201577392548059,-0.0951207783204442,0.),(0.,0.18),.UNSPECIFIED.);
#433=B_SPLINE_SURFACE_WITH_KNOTS('',3,1,((#8551,#8552),(#8553,#8554),(#8555,
#8556),(#8557,#8558),(#8559,#8560)),.UNSPECIFIED.,.F.,.F.,.F.,(4,1,4),(2,
2),(-0.17302496900017,-0.0940940419137984,0.),(0.,0.18),.UNSPECIFIED.);
#434=B_SPLINE_SURFACE_WITH_KNOTS('',3,1,((#8574,#8575),(#8576,#8577),(#8578,
#8579),(#8580,#8581),(#8582,#8583)),.UNSPECIFIED.,.F.,.F.,.F.,(4,1,4),(2,
2),(-0.136846073578594,-0.0692144485948199,0.),(0.,0.18),.UNSPECIFIED.);
#435=B_SPLINE_SURFACE_WITH_KNOTS('',3,1,((#8603,#8604),(#8605,#8606),(#8607,
#8608),(#8609,#8610),(#8611,#8612)),.UNSPECIFIED.,.F.,.F.,.F.,(4,1,4),(2,
2),(-0.111104057245408,-0.0659139568231224,0.),(0.,0.18),.UNSPECIFIED.);
#436=B_SPLINE_SURFACE_WITH_KNOTS('',3,1,((#8626,#8627),(#8628,#8629),(#8630,
#8631),(#8632,#8633),(#8634,#8635)),.UNSPECIFIED.,.F.,.F.,.F.,(4,1,4),(2,
2),(-0.0268732587368179,-0.0139423887240755,0.),(0.,0.18),.UNSPECIFIED.);
#437=B_SPLINE_SURFACE_WITH_KNOTS('',3,1,((#8649,#8650),(#8651,#8652),(#8653,
#8654),(#8655,#8656),(#8657,#8658)),.UNSPECIFIED.,.F.,.F.,.F.,(4,1,4),(2,
2),(-0.0320965468097763,-0.0151056202882317,0.),(0.,0.18),.UNSPECIFIED.);
#438=B_SPLINE_SURFACE_WITH_KNOTS('',3,1,((#8678,#8679),(#8680,#8681),(#8682,
#8683),(#8684,#8685),(#8686,#8687)),.UNSPECIFIED.,.F.,.F.,.F.,(4,1,4),(2,
2),(-0.119948446970869,-0.0629138946533203,0.),(0.,0.18),.UNSPECIFIED.);
#439=B_SPLINE_SURFACE_WITH_KNOTS('',3,1,((#8701,#8702),(#8703,#8704),(#8705,
#8706),(#8707,#8708),(#8709,#8710)),.UNSPECIFIED.,.F.,.F.,.F.,(4,1,4),(2,
2),(-0.181925195132667,-0.0832603039006266,0.),(0.,0.18),.UNSPECIFIED.);
#440=B_SPLINE_SURFACE_WITH_KNOTS('',3,1,((#8724,#8725),(#8726,#8727),(#8728,
#8729),(#8730,#8731),(#8732,#8733)),.UNSPECIFIED.,.F.,.F.,.F.,(4,1,4),(2,
2),(-0.131118261522857,-0.0747207634708037,0.),(0.,0.18),.UNSPECIFIED.);
#441=B_SPLINE_SURFACE_WITH_KNOTS('',3,1,((#8747,#8748),(#8749,#8750),(#8751,
#8752),(#8753,#8754),(#8755,#8756)),.UNSPECIFIED.,.F.,.F.,.F.,(4,1,4),(2,
2),(-0.129859757621189,-0.0609649863505429,0.),(0.,0.18),.UNSPECIFIED.);
#442=B_SPLINE_SURFACE_WITH_KNOTS('',3,1,((#8770,#8771),(#8772,#8773),(#8774,
#8775),(#8776,#8777),(#8778,#8779)),.UNSPECIFIED.,.F.,.F.,.F.,(4,1,4),(2,
2),(-0.150480966685933,-0.0820601524647174,0.),(0.,0.18),.UNSPECIFIED.);
#443=B_SPLINE_SURFACE_WITH_KNOTS('',3,1,((#8793,#8794),(#8795,#8796),(#8797,
#8798),(#8799,#8800),(#8801,#8802)),.UNSPECIFIED.,.F.,.F.,.F.,(4,1,4),(2,
2),(-0.12069901159048,-0.0597825718194216,0.),(0.,0.18),.UNSPECIFIED.);
#444=B_SPLINE_SURFACE_WITH_KNOTS('',3,1,((#8816,#8817),(#8818,#8819),(#8820,
#8821),(#8822,#8823),(#8824,#8825)),.UNSPECIFIED.,.F.,.F.,.F.,(4,1,4),(2,
2),(-0.199744052416812,-0.0909047355198028,0.),(0.,0.18),.UNSPECIFIED.);
#445=B_SPLINE_SURFACE_WITH_KNOTS('',3,1,((#8839,#8840),(#8841,#8842),(#8843,
#8844),(#8845,#8846),(#8847,#8848)),.UNSPECIFIED.,.F.,.F.,.F.,(4,1,4),(2,
2),(-0.320293250542818,-0.142614080968688,0.),(0.,0.18),.UNSPECIFIED.);
#446=B_SPLINE_SURFACE_WITH_KNOTS('',3,1,((#8868,#8869),(#8870,#8871),(#8872,
#8873),(#8874,#8875),(#8876,#8877)),.UNSPECIFIED.,.F.,.F.,.F.,(4,1,4),(2,
2),(-0.100404081883019,-0.0503943108191354,0.),(0.,0.18),.UNSPECIFIED.);
#447=B_SPLINE_SURFACE_WITH_KNOTS('',3,1,((#8891,#8892),(#8893,#8894),(#8895,
#8896),(#8897,#8898),(#8899,#8900)),.UNSPECIFIED.,.F.,.F.,.F.,(4,1,4),(2,
2),(-0.108205306802377,-0.0519137995302178,0.),(0.,0.18),.UNSPECIFIED.);
#448=B_SPLINE_SURFACE_WITH_KNOTS('',3,1,((#8914,#8915),(#8916,#8917),(#8918,
#8919),(#8920,#8921),(#8922,#8923)),.UNSPECIFIED.,.F.,.F.,.F.,(4,1,4),(2,
2),(-0.0945393016790029,-0.0489630093118423,0.),(0.,0.18),.UNSPECIFIED.);
#449=B_SPLINE_SURFACE_WITH_KNOTS('',3,1,((#8937,#8938),(#8939,#8940),(#8941,
#8942),(#8943,#8944),(#8945,#8946)),.UNSPECIFIED.,.F.,.F.,.F.,(4,1,4),(2,
2),(-0.0559842325479385,-0.0348077565519085,0.),(0.,0.18),.UNSPECIFIED.);
#450=B_SPLINE_SURFACE_WITH_KNOTS('',3,1,((#8959,#8960),(#8961,#8962),(#8963,
#8964),(#8965,#8966),(#8967,#8968)),.UNSPECIFIED.,.F.,.F.,.F.,(4,1,4),(2,
2),(-0.149998201536551,-0.0713266412249797,0.),(0.,0.18),.UNSPECIFIED.);
#451=B_SPLINE_SURFACE_WITH_KNOTS('',3,1,((#8985,#8986),(#8987,#8988),(#8989,
#8990),(#8991,#8992),(#8993,#8994)),.UNSPECIFIED.,.F.,.F.,.F.,(4,1,4),(2,
2),(-0.201264520456962,-0.0920031118996699,0.),(0.,0.18),.UNSPECIFIED.);
#452=B_SPLINE_SURFACE_WITH_KNOTS('',3,1,((#9008,#9009),(#9010,#9011),(#9012,
#9013),(#9014,#9015),(#9016,#9017)),.UNSPECIFIED.,.F.,.F.,.F.,(4,1,4),(2,
2),(-0.20320967699936,-0.113803265018151,0.),(0.,0.18),.UNSPECIFIED.);
#453=B_SPLINE_SURFACE_WITH_KNOTS('',3,1,((#9031,#9032),(#9033,#9034),(#9035,
#9036),(#9037,#9038),(#9039,#9040)),.UNSPECIFIED.,.F.,.F.,.F.,(4,1,4),(2,
2),(-0.148887690413352,-0.0747531239722917,0.),(0.,0.18),.UNSPECIFIED.);
#454=B_SPLINE_SURFACE_WITH_KNOTS('',3,1,((#9054,#9055),(#9056,#9057),(#9058,
#9059),(#9060,#9061),(#9062,#9063)),.UNSPECIFIED.,.F.,.F.,.F.,(4,1,4),(2,
2),(-0.338251835415607,-0.13479584969304,0.),(0.,0.18),.UNSPECIFIED.);
#455=B_SPLINE_SURFACE_WITH_KNOTS('',3,1,((#9077,#9078),(#9079,#9080),(#9081,
#9082),(#9083,#9084),(#9085,#9086)),.UNSPECIFIED.,.F.,.F.,.F.,(4,1,4),(2,
2),(-0.20203319204156,-0.113709278439014,0.),(0.,0.18),.UNSPECIFIED.);
#456=B_SPLINE_SURFACE_WITH_KNOTS('',3,1,((#9100,#9101),(#9102,#9103),(#9104,
#9105),(#9106,#9107),(#9108,#9109)),.UNSPECIFIED.,.F.,.F.,.F.,(4,1,4),(2,
2),(-0.139538308404981,-0.0714316733364063,0.),(0.,0.18),.UNSPECIFIED.);
#457=B_SPLINE_SURFACE_WITH_KNOTS('',3,1,((#9129,#9130),(#9131,#9132),(#9133,
#9134),(#9135,#9136),(#9137,#9138)),.UNSPECIFIED.,.F.,.F.,.F.,(4,1,4),(2,
2),(-0.0685976726082369,-0.0340303091155107,0.),(0.,0.18),.UNSPECIFIED.);
#458=B_SPLINE_SURFACE_WITH_KNOTS('',3,1,((#9152,#9153),(#9154,#9155),(#9156,
#9157),(#9158,#9159),(#9160,#9161)),.UNSPECIFIED.,.F.,.F.,.F.,(4,1,4),(2,
2),(-0.0664851442975915,-0.0340078101123535,0.),(0.,0.18),.UNSPECIFIED.);
#459=B_SPLINE_SURFACE_WITH_KNOTS('',3,1,((#9175,#9176),(#9177,#9178),(#9179,
#9180),(#9181,#9182),(#9183,#9184)),.UNSPECIFIED.,.F.,.F.,.F.,(4,1,4),(2,
2),(-0.132863405043386,-0.0721192621469229,0.),(0.,0.18),.UNSPECIFIED.);
#460=B_SPLINE_SURFACE_WITH_KNOTS('',3,1,((#9198,#9199),(#9200,#9201),(#9202,
#9203),(#9204,#9205),(#9206,#9207)),.UNSPECIFIED.,.F.,.F.,.F.,(4,1,4),(2,
2),(-0.123396345683619,-0.0611615857887206,0.),(0.,0.18),.UNSPECIFIED.);
#461=B_SPLINE_SURFACE_WITH_KNOTS('',3,1,((#9221,#9222),(#9223,#9224),(#9225,
#9226),(#9227,#9228),(#9229,#9230)),.UNSPECIFIED.,.F.,.F.,.F.,(4,1,4),(2,
2),(-0.206386018702046,-0.0996741054750808,0.),(0.,0.18),.UNSPECIFIED.);
#462=B_SPLINE_SURFACE_WITH_KNOTS('',3,1,((#9244,#9245),(#9246,#9247),(#9248,
#9249),(#9250,#9251),(#9252,#9253)),.UNSPECIFIED.,.F.,.F.,.F.,(4,1,4),(2,
2),(-0.249658687460429,-0.118211728685445,0.),(0.,0.18),.UNSPECIFIED.);
#463=B_SPLINE_SURFACE_WITH_KNOTS('',3,1,((#9267,#9268),(#9269,#9270),(#9271,
#9272),(#9273,#9274),(#9275,#9276)),.UNSPECIFIED.,.F.,.F.,.F.,(4,1,4),(2,
2),(-0.249885603168754,-0.129953752244095,0.),(0.,0.18),.UNSPECIFIED.);
#464=B_SPLINE_SURFACE_WITH_KNOTS('',3,1,((#9290,#9291),(#9292,#9293),(#9294,
#9295),(#9296,#9297),(#9298,#9299)),.UNSPECIFIED.,.F.,.F.,.F.,(4,1,4),(2,
2),(-0.213462334795521,-0.109270447192875,0.),(0.,0.18),.UNSPECIFIED.);
#465=B_SPLINE_SURFACE_WITH_KNOTS('',3,1,((#9313,#9314),(#9315,#9316),(#9317,
#9318),(#9319,#9320),(#9321,#9322)),.UNSPECIFIED.,.F.,.F.,.F.,(4,1,4),(2,
2),(-0.232458608584521,-0.110390039306982,0.),(0.,0.18),.UNSPECIFIED.);
#466=B_SPLINE_SURFACE_WITH_KNOTS('',3,1,((#9342,#9343),(#9344,#9345),(#9346,
#9347),(#9348,#9349),(#9350,#9351)),.UNSPECIFIED.,.F.,.F.,.F.,(4,1,4),(2,
2),(-0.0932970260983628,-0.0437199200629,0.),(0.,0.18),.UNSPECIFIED.);
#467=B_SPLINE_SURFACE_WITH_KNOTS('',3,1,((#9395,#9396),(#9397,#9398),(#9399,
#9400),(#9401,#9402),(#9403,#9404)),.UNSPECIFIED.,.F.,.F.,.F.,(4,1,4),(2,
2),(-0.0853495762387135,-0.0489183405181495,0.),(0.,0.18),.UNSPECIFIED.);
#468=B_SPLINE_SURFACE_WITH_KNOTS('',3,1,((#9424,#9425),(#9426,#9427),(#9428,
#9429),(#9430,#9431),(#9432,#9433)),.UNSPECIFIED.,.F.,.F.,.F.,(4,1,4),(2,
2),(-0.0729957655552118,-0.0415388182285516,0.),(0.,0.18),.UNSPECIFIED.);
#469=B_SPLINE_SURFACE_WITH_KNOTS('',3,1,((#9447,#9448),(#9449,#9450),(#9451,
#9452),(#9453,#9454),(#9455,#9456)),.UNSPECIFIED.,.F.,.F.,.F.,(4,1,4),(2,
2),(-0.0877778855364268,-0.0359145198861285,0.),(0.,0.18),.UNSPECIFIED.);
#470=B_SPLINE_SURFACE_WITH_KNOTS('',3,1,((#9475,#9476),(#9477,#9478),(#9479,
#9480),(#9481,#9482),(#9483,#9484)),.UNSPECIFIED.,.F.,.F.,.F.,(4,1,4),(2,
2),(-0.326908533605117,-0.133192014783018,0.),(0.,0.18),.UNSPECIFIED.);
#471=B_SPLINE_SURFACE_WITH_KNOTS('',3,1,((#9501,#9502),(#9503,#9504),(#9505,
#9506),(#9507,#9508),(#9509,#9510)),.UNSPECIFIED.,.F.,.F.,.F.,(4,1,4),(2,
2),(-0.351058293051433,-0.215106969691138,0.),(0.,0.18),.UNSPECIFIED.);
#472=B_SPLINE_SURFACE_WITH_KNOTS('',3,1,((#9524,#9525),(#9526,#9527),(#9528,
#9529),(#9530,#9531),(#9532,#9533)),.UNSPECIFIED.,.F.,.F.,.F.,(4,1,4),(2,
2),(-0.150170865793166,-0.0719661546210475,0.),(0.,0.18),.UNSPECIFIED.);
#473=B_SPLINE_SURFACE_WITH_KNOTS('',3,1,((#9547,#9548),(#9549,#9550),(#9551,
#9552),(#9553,#9554),(#9555,#9556)),.UNSPECIFIED.,.F.,.F.,.F.,(4,1,4),(2,
2),(-0.214567970176767,-0.0960521655833225,0.),(0.,0.18),.UNSPECIFIED.);
#474=B_SPLINE_SURFACE_WITH_KNOTS('',3,1,((#9570,#9571),(#9572,#9573),(#9574,
#9575),(#9576,#9577),(#9578,#9579)),.UNSPECIFIED.,.F.,.F.,.F.,(4,1,4),(2,
2),(-0.192770225159267,-0.103706339396518,0.),(0.,0.18),.UNSPECIFIED.);
#475=B_SPLINE_SURFACE_WITH_KNOTS('',3,1,((#9593,#9594),(#9595,#9596),(#9597,
#9598),(#9599,#9600),(#9601,#9602)),.UNSPECIFIED.,.F.,.F.,.F.,(4,1,4),(2,
2),(-0.146465492282307,-0.0763529424144388,0.),(0.,0.18),.UNSPECIFIED.);
#476=B_SPLINE_SURFACE_WITH_KNOTS('',3,1,((#9622,#9623),(#9624,#9625),(#9626,
#9627),(#9628,#9629),(#9630,#9631)),.UNSPECIFIED.,.F.,.F.,.F.,(4,1,4),(2,
2),(-0.252876754309176,-0.135875136961787,0.),(0.,0.18),.UNSPECIFIED.);
#477=B_SPLINE_SURFACE_WITH_KNOTS('',3,1,((#9645,#9646),(#9647,#9648),(#9649,
#9650),(#9651,#9652),(#9653,#9654)),.UNSPECIFIED.,.F.,.F.,.F.,(4,1,4),(2,
2),(-0.20825728486729,-0.102180737666079,0.),(0.,0.18),.UNSPECIFIED.);
#478=B_SPLINE_SURFACE_WITH_KNOTS('',3,1,((#9668,#9669),(#9670,#9671),(#9672,
#9673),(#9674,#9675),(#9676,#9677)),.UNSPECIFIED.,.F.,.F.,.F.,(4,1,4),(2,
2),(-0.249148530490546,-0.117747854000854,0.),(0.,0.18),.UNSPECIFIED.);
#479=B_SPLINE_SURFACE_WITH_KNOTS('',3,1,((#9691,#9692),(#9693,#9694),(#9695,
#9696),(#9697,#9698),(#9699,#9700)),.UNSPECIFIED.,.F.,.F.,.F.,(4,1,4),(2,
2),(-0.248771525859581,-0.130281102637239,0.),(0.,0.18),.UNSPECIFIED.);
#480=B_SPLINE_SURFACE_WITH_KNOTS('',3,1,((#9714,#9715),(#9716,#9717),(#9718,
#9719),(#9720,#9721),(#9722,#9723)),.UNSPECIFIED.,.F.,.F.,.F.,(4,1,4),(2,
2),(-0.214560533365409,-0.110045749969714,0.),(0.,0.18),.UNSPECIFIED.);
#481=B_SPLINE_SURFACE_WITH_KNOTS('',3,1,((#9737,#9738),(#9739,#9740),(#9741,
#9742),(#9743,#9744),(#9745,#9746)),.UNSPECIFIED.,.F.,.F.,.F.,(4,1,4),(2,
2),(-0.232017869542936,-0.111578157384142,0.),(0.,0.18),.UNSPECIFIED.);
#482=B_SPLINE_SURFACE_WITH_KNOTS('',3,1,((#9766,#9767),(#9768,#9769),(#9770,
#9771),(#9772,#9773),(#9774,#9775)),.UNSPECIFIED.,.F.,.F.,.F.,(4,1,4),(2,
2),(-0.120187545684273,-0.050941823185585,0.),(0.,0.18),.UNSPECIFIED.);
#483=B_SPLINE_SURFACE_WITH_KNOTS('',3,1,((#9813,#9814),(#9815,#9816),(#9817,
#9818),(#9819,#9820),(#9821,#9822)),.UNSPECIFIED.,.F.,.F.,.F.,(4,1,4),(2,
2),(-0.132231015483838,-0.0719664464212062,0.),(0.,0.18),.UNSPECIFIED.);
#484=B_SPLINE_SURFACE_WITH_KNOTS('',3,1,((#9862,#9863),(#9864,#9865),(#9866,
#9867),(#9868,#9869),(#9870,#9871)),.UNSPECIFIED.,.F.,.F.,.F.,(4,1,4),(2,
2),(-0.168749690877005,-0.0893389572694489,0.),(0.,0.18),.UNSPECIFIED.);
#485=B_SPLINE_SURFACE_WITH_KNOTS('',3,1,((#9885,#9886),(#9887,#9888),(#9889,
#9890),(#9891,#9892),(#9893,#9894)),.UNSPECIFIED.,.F.,.F.,.F.,(4,1,4),(2,
2),(-0.151148418093958,-0.0740102600631627,0.),(0.,0.18),.UNSPECIFIED.);
#486=B_SPLINE_SURFACE_WITH_KNOTS('',3,1,((#9908,#9909),(#9910,#9911),(#9912,
#9913),(#9914,#9915),(#9916,#9917)),.UNSPECIFIED.,.F.,.F.,.F.,(4,1,4),(2,
2),(-0.232032592829009,-0.11879289601346,0.),(0.,0.18),.UNSPECIFIED.);
#487=B_SPLINE_SURFACE_WITH_KNOTS('',3,1,((#9931,#9932),(#9933,#9934),(#9935,
#9936),(#9937,#9938),(#9939,#9940)),.UNSPECIFIED.,.F.,.F.,.F.,(4,1,4),(2,
2),(-0.248250700347487,-0.117162902486189,0.),(0.,0.18),.UNSPECIFIED.);
#488=B_SPLINE_SURFACE_WITH_KNOTS('',3,1,((#9954,#9955),(#9956,#9957),(#9958,
#9959),(#9960,#9961),(#9962,#9963)),.UNSPECIFIED.,.F.,.F.,.F.,(4,1,4),(2,
2),(-0.267753686189524,-0.141332950533353,0.),(0.,0.18),.UNSPECIFIED.);
#489=B_SPLINE_SURFACE_WITH_KNOTS('',3,1,((#9977,#9978),(#9979,#9980),(#9981,
#9982),(#9983,#9984),(#9985,#9986)),.UNSPECIFIED.,.F.,.F.,.F.,(4,1,4),(2,
2),(-0.244257454959292,-0.121067404046018,0.),(0.,0.18),.UNSPECIFIED.);
#490=B_SPLINE_SURFACE_WITH_KNOTS('',3,1,((#10000,#10001),(#10002,#10003),
(#10004,#10005),(#10006,#10007),(#10008,#10009)),.UNSPECIFIED.,.F.,.F.,
 .F.,(4,1,4),(2,2),(-0.163421365318426,-0.0841100087965199,0.),(0.,0.18),
 .UNSPECIFIED.);
#491=B_SPLINE_SURFACE_WITH_KNOTS('',3,1,((#10023,#10024),(#10025,#10026),
(#10027,#10028),(#10029,#10030),(#10031,#10032)),.UNSPECIFIED.,.F.,.F.,
 .F.,(4,1,4),(2,2),(-0.129023923834532,-0.067666421937054,0.),(0.,0.18),
 .UNSPECIFIED.);
#492=B_SPLINE_SURFACE_WITH_KNOTS('',3,1,((#10046,#10047),(#10048,#10049),
(#10050,#10051),(#10052,#10053),(#10054,#10055)),.UNSPECIFIED.,.F.,.F.,
 .F.,(4,1,4),(2,2),(-0.0661273835029034,-0.0335875828316069,0.),(0.,0.18),
 .UNSPECIFIED.);
#493=B_SPLINE_SURFACE_WITH_KNOTS('',3,1,((#10069,#10070),(#10071,#10072),
(#10073,#10074),(#10075,#10076),(#10077,#10078)),.UNSPECIFIED.,.F.,.F.,
 .F.,(4,1,4),(2,2),(-0.0600932446845986,-0.030929827813433,0.),(0.,0.18),
 .UNSPECIFIED.);
#494=B_SPLINE_SURFACE_WITH_KNOTS('',3,1,((#10092,#10093),(#10094,#10095),
(#10096,#10097),(#10098,#10099),(#10100,#10101)),.UNSPECIFIED.,.F.,.F.,
 .F.,(4,1,4),(2,2),(-0.0539036046086312,-0.026626405043755,0.),(0.,0.18),
 .UNSPECIFIED.);
#495=B_SPLINE_SURFACE_WITH_KNOTS('',3,1,((#10115,#10116),(#10117,#10118),
(#10119,#10120),(#10121,#10122),(#10123,#10124)),.UNSPECIFIED.,.F.,.F.,
 .F.,(4,1,4),(2,2),(-0.0571233611600897,-0.0278322192498979,0.),(0.,0.18),
 .UNSPECIFIED.);
#496=B_SPLINE_SURFACE_WITH_KNOTS('',3,1,((#10138,#10139),(#10140,#10141),
(#10142,#10143),(#10144,#10145),(#10146,#10147)),.UNSPECIFIED.,.F.,.F.,
 .F.,(4,1,4),(2,2),(-0.0448539880785313,-0.0214491311891301,0.),(0.,0.18),
 .UNSPECIFIED.);
#497=B_SPLINE_SURFACE_WITH_KNOTS('',3,1,((#10161,#10162),(#10163,#10164),
(#10165,#10166),(#10167,#10168),(#10169,#10170)),.UNSPECIFIED.,.F.,.F.,
 .F.,(4,1,4),(2,2),(-0.0323360028924196,-0.0128586729578285,0.),(0.,0.18),
 .UNSPECIFIED.);
#498=B_SPLINE_SURFACE_WITH_KNOTS('',3,1,((#10190,#10191),(#10192,#10193),
(#10194,#10195),(#10196,#10197),(#10198,#10199)),.UNSPECIFIED.,.F.,.F.,
 .F.,(4,1,4),(2,2),(-0.0482084054876218,-0.0212566082422484,0.),(0.,0.18),
 .UNSPECIFIED.);
#499=B_SPLINE_SURFACE_WITH_KNOTS('',3,1,((#10213,#10214),(#10215,#10216),
(#10217,#10218),(#10219,#10220),(#10221,#10222)),.UNSPECIFIED.,.F.,.F.,
 .F.,(4,1,4),(2,2),(-0.0717387397150473,-0.033087619832335,0.),(0.,0.18),
 .UNSPECIFIED.);
#500=B_SPLINE_SURFACE_WITH_KNOTS('',3,1,((#10236,#10237),(#10238,#10239),
(#10240,#10241),(#10242,#10243),(#10244,#10245)),.UNSPECIFIED.,.F.,.F.,
 .F.,(4,1,4),(2,2),(-0.159760078472564,-0.0796713558197253,0.),(0.,0.18),
 .UNSPECIFIED.);
#501=B_SPLINE_SURFACE_WITH_KNOTS('',3,1,((#10259,#10260),(#10261,#10262),
(#10263,#10264),(#10265,#10266),(#10267,#10268)),.UNSPECIFIED.,.F.,.F.,
 .F.,(4,1,4),(2,2),(-0.218045906826812,-0.0965985412386975,0.),(0.,0.18),
 .UNSPECIFIED.);
#502=B_SPLINE_SURFACE_WITH_KNOTS('',3,1,((#10282,#10283),(#10284,#10285),
(#10286,#10287),(#10288,#10289),(#10290,#10291)),.UNSPECIFIED.,.F.,.F.,
 .F.,(4,1,4),(2,2),(-0.204814300258892,-0.112625630327404,0.),(0.,0.18),
 .UNSPECIFIED.);
#503=B_SPLINE_SURFACE_WITH_KNOTS('',3,1,((#10305,#10306),(#10307,#10308),
(#10309,#10310),(#10311,#10312),(#10313,#10314)),.UNSPECIFIED.,.F.,.F.,
 .F.,(4,1,4),(2,2),(-0.157185817816888,-0.0790309523621148,0.),(0.,0.18),
 .UNSPECIFIED.);
#504=B_SPLINE_SURFACE_WITH_KNOTS('',3,1,((#10328,#10329),(#10330,#10331),
(#10332,#10333),(#10334,#10335),(#10336,#10337)),.UNSPECIFIED.,.F.,.F.,
 .F.,(4,1,4),(2,2),(-0.234905885198402,-0.10651391868904,0.),(0.,0.18),
 .UNSPECIFIED.);
#505=B_SPLINE_SURFACE_WITH_KNOTS('',3,1,((#10359,#10360),(#10361,#10362),
(#10363,#10364),(#10365,#10366),(#10367,#10368)),.UNSPECIFIED.,.F.,.F.,
 .F.,(4,1,4),(2,2),(-0.0890600030251387,-0.0424370932377015,0.),(0.,0.18),
 .UNSPECIFIED.);
#506=B_SPLINE_SURFACE_WITH_KNOTS('',3,1,((#10412,#10413),(#10414,#10415),
(#10416,#10417),(#10418,#10419),(#10420,#10421)),.UNSPECIFIED.,.F.,.F.,
 .F.,(4,1,4),(2,2),(-0.0906233884427842,-0.0519709040049564,0.),(0.,0.18),
 .UNSPECIFIED.);
#507=B_SPLINE_SURFACE_WITH_KNOTS('',3,1,((#10441,#10442),(#10443,#10444),
(#10445,#10446),(#10447,#10448),(#10449,#10450)),.UNSPECIFIED.,.F.,.F.,
 .F.,(4,1,4),(2,2),(-0.232872603726777,-0.133501195199484,0.),(0.,0.18),
 .UNSPECIFIED.);
#508=B_SPLINE_SURFACE_WITH_KNOTS('',3,1,((#10464,#10465),(#10466,#10467),
(#10468,#10469),(#10470,#10471),(#10472,#10473)),.UNSPECIFIED.,.F.,.F.,
 .F.,(4,1,4),(2,2),(-0.13296099406772,-0.0655470158137468,0.),(0.,0.18),
 .UNSPECIFIED.);
#509=B_SPLINE_SURFACE_WITH_KNOTS('',3,1,((#10487,#10488),(#10489,#10490),
(#10491,#10492),(#10493,#10494),(#10495,#10496)),.UNSPECIFIED.,.F.,.F.,
 .F.,(4,1,4),(2,2),(-0.157227890226873,-0.0743405202947014,0.),(0.,0.18),
 .UNSPECIFIED.);
#510=B_SPLINE_SURFACE_WITH_KNOTS('',3,1,((#10516,#10517),(#10518,#10519),
(#10520,#10521),(#10522,#10523),(#10524,#10525)),.UNSPECIFIED.,.F.,.F.,
 .F.,(4,1,4),(2,2),(-0.0446618030920221,-0.0251002014192381,0.),(0.,0.18),
 .UNSPECIFIED.);
#511=B_SPLINE_SURFACE_WITH_KNOTS('',3,1,((#10539,#10540),(#10541,#10542),
(#10543,#10544),(#10545,#10546),(#10547,#10548)),.UNSPECIFIED.,.F.,.F.,
 .F.,(4,1,4),(2,2),(-0.0549789411101138,-0.0223920690017354,0.),(0.,0.18),
 .UNSPECIFIED.);
#512=B_SPLINE_SURFACE_WITH_KNOTS('',3,1,((#10592,#10593),(#10594,#10595),
(#10596,#10597),(#10598,#10599),(#10600,#10601)),.UNSPECIFIED.,.F.,.F.,
 .F.,(4,1,4),(2,2),(-0.0807481050121568,-0.0433015842233257,0.),(0.,0.18),
 .UNSPECIFIED.);
#513=B_SPLINE_SURFACE_WITH_KNOTS('',3,1,((#10621,#10622),(#10623,#10624),
(#10625,#10626),(#10627,#10628),(#10629,#10630)),.UNSPECIFIED.,.F.,.F.,
 .F.,(4,1,4),(2,2),(-0.0570712843604859,-0.0325009828690999,0.),(0.,0.18),
 .UNSPECIFIED.);
#514=B_SPLINE_SURFACE_WITH_KNOTS('',3,1,((#10644,#10645),(#10646,#10647),
(#10648,#10649),(#10650,#10651),(#10652,#10653)),.UNSPECIFIED.,.F.,.F.,
 .F.,(4,1,4),(2,2),(-0.0709714406447267,-0.0288858768734514,0.),(0.,0.18),
 .UNSPECIFIED.);
#515=B_SPLINE_SURFACE_WITH_KNOTS('',3,1,((#10679,#10680),(#10681,#10682),
(#10683,#10684),(#10685,#10686),(#10687,#10688)),.UNSPECIFIED.,.F.,.F.,
 .F.,(4,1,4),(2,2),(-0.0701402052527002,-0.0331192518080764,0.),(0.,0.18),
 .UNSPECIFIED.);
#516=B_SPLINE_SURFACE_WITH_KNOTS('',3,1,((#10702,#10703),(#10704,#10705),
(#10706,#10707),(#10708,#10709),(#10710,#10711)),.UNSPECIFIED.,.F.,.F.,
 .F.,(4,1,4),(2,2),(-0.0639738795228882,-0.035449016073643,0.),(0.,0.18),
 .UNSPECIFIED.);
#517=B_SPLINE_SURFACE_WITH_KNOTS('',3,1,((#10725,#10726),(#10727,#10728),
(#10729,#10730),(#10731,#10732),(#10733,#10734)),.UNSPECIFIED.,.F.,.F.,
 .F.,(4,1,4),(2,2),(-0.139252970912605,-0.0763286106201753,0.),(0.,0.18),
 .UNSPECIFIED.);
#518=B_SPLINE_SURFACE_WITH_KNOTS('',3,1,((#10748,#10749),(#10750,#10751),
(#10752,#10753),(#10754,#10755),(#10756,#10757)),.UNSPECIFIED.,.F.,.F.,
 .F.,(4,1,4),(2,2),(-0.120827795736476,-0.0583993551982515,0.),(0.,0.18),
 .UNSPECIFIED.);
#519=B_SPLINE_SURFACE_WITH_KNOTS('',3,1,((#10771,#10772),(#10773,#10774),
(#10775,#10776),(#10777,#10778),(#10779,#10780)),.UNSPECIFIED.,.F.,.F.,
 .F.,(4,1,4),(2,2),(-0.2371254966126,-0.113088063967596,0.),(0.,0.18),
 .UNSPECIFIED.);
#520=B_SPLINE_SURFACE_WITH_KNOTS('',3,1,((#10794,#10795),(#10796,#10797),
(#10798,#10799),(#10800,#10801),(#10802,#10803)),.UNSPECIFIED.,.F.,.F.,
 .F.,(4,1,4),(2,2),(-0.272929607121326,-0.146888853799204,0.),(0.,0.18),
 .UNSPECIFIED.);
#521=B_SPLINE_SURFACE_WITH_KNOTS('',3,1,((#10817,#10818),(#10819,#10820),
(#10821,#10822),(#10823,#10824),(#10825,#10826)),.UNSPECIFIED.,.F.,.F.,
 .F.,(4,1,4),(2,2),(-0.147444562365966,-0.0759145228003445,0.),(0.,0.18),
 .UNSPECIFIED.);
#522=B_SPLINE_SURFACE_WITH_KNOTS('',3,1,((#10840,#10841),(#10842,#10843),
(#10844,#10845),(#10846,#10847),(#10848,#10849)),.UNSPECIFIED.,.F.,.F.,
 .F.,(4,1,4),(2,2),(-0.172294851220237,-0.0784880015611129,0.),(0.,0.18),
 .UNSPECIFIED.);
#523=B_SPLINE_SURFACE_WITH_KNOTS('',3,1,((#10869,#10870),(#10871,#10872),
(#10873,#10874),(#10875,#10876),(#10877,#10878)),.UNSPECIFIED.,.F.,.F.,
 .F.,(4,1,4),(2,2),(-0.0966319885201965,-0.04330538444897,0.),(0.,0.18),
 .UNSPECIFIED.);
#524=B_SPLINE_SURFACE_WITH_KNOTS('',3,1,((#10922,#10923),(#10924,#10925),
(#10926,#10927),(#10928,#10929),(#10930,#10931)),.UNSPECIFIED.,.F.,.F.,
 .F.,(4,1,4),(2,2),(-0.0999282034526538,-0.0562182334495528,0.),(0.,0.18),
 .UNSPECIFIED.);
#525=B_SPLINE_SURFACE_WITH_KNOTS('',3,1,((#10951,#10952),(#10953,#10954),
(#10955,#10956),(#10957,#10958),(#10959,#10960)),.UNSPECIFIED.,.F.,.F.,
 .F.,(4,1,4),(2,2),(-0.112838689535172,-0.0608308397145496,0.),(0.,0.18),
 .UNSPECIFIED.);
#526=B_SPLINE_SURFACE_WITH_KNOTS('',3,1,((#10974,#10975),(#10976,#10977),
(#10978,#10979),(#10980,#10981),(#10982,#10983)),.UNSPECIFIED.,.F.,.F.,
 .F.,(4,1,4),(2,2),(-0.100434247283273,-0.0485446508669295,0.),(0.,0.18),
 .UNSPECIFIED.);
#527=B_SPLINE_SURFACE_WITH_KNOTS('',3,1,((#10997,#10998),(#10999,#11000),
(#11001,#11002),(#11003,#11004),(#11005,#11006)),.UNSPECIFIED.,.F.,.F.,
 .F.,(4,1,4),(2,2),(-0.131252446241744,-0.0636881454140855,0.),(0.,0.18),
 .UNSPECIFIED.);
#528=B_SPLINE_SURFACE_WITH_KNOTS('',3,1,((#11020,#11021),(#11022,#11023),
(#11024,#11025),(#11026,#11027),(#11028,#11029)),.UNSPECIFIED.,.F.,.F.,
 .F.,(4,1,4),(2,2),(-0.13556925440312,-0.0693730625856204,0.),(0.,0.18),
 .UNSPECIFIED.);
#529=STYLED_ITEM('',(#11062),#538);
#530=STYLED_ITEM('',(#11063),#539);
#531=STYLED_ITEM('',(#11063),#540);
#532=STYLED_ITEM('',(#11063),#541);
#533=STYLED_ITEM('',(#11063),#542);
#534=STYLED_ITEM('',(#11063),#543);
#535=STYLED_ITEM('',(#11063),#544);
#536=STYLED_ITEM('',(#11063),#545);
#537=STYLED_ITEM('',(#11063),#546);
#538=MANIFOLD_SOLID_BREP('Body1',#5547);
#539=MANIFOLD_SOLID_BREP('Body2',#5548);
#540=MANIFOLD_SOLID_BREP('Body3',#5549);
#541=MANIFOLD_SOLID_BREP('Body4',#5550);
#542=MANIFOLD_SOLID_BREP('Body5',#5551);
#543=MANIFOLD_SOLID_BREP('Body6',#5552);
#544=MANIFOLD_SOLID_BREP('Body7',#5553);
#545=MANIFOLD_SOLID_BREP('Body8',#5554);
#546=MANIFOLD_SOLID_BREP('Body9',#5555);
#547=TOROIDAL_SURFACE('',#5623,4.5,1.);
#548=CYLINDRICAL_SURFACE('',#5617,6.);
#549=CYLINDRICAL_SURFACE('',#5619,6.);
#550=CYLINDRICAL_SURFACE('',#5620,6.);
#551=CYLINDRICAL_SURFACE('',#5622,6.);
#552=CYLINDRICAL_SURFACE('',#5626,3.5);
#553=CYLINDRICAL_SURFACE('',#5627,2.);
#554=CYLINDRICAL_SURFACE('',#5628,2.);
#555=CYLINDRICAL_SURFACE('',#5629,2.);
#556=CYLINDRICAL_SURFACE('',#5630,2.);
#557=CIRCLE('',#5581,6.);
#558=CIRCLE('',#5582,6.);
#559=CIRCLE('',#5583,6.);
#560=CIRCLE('',#5584,6.);
#561=CIRCLE('',#5585,3.5);
#562=CIRCLE('',#5586,2.);
#563=CIRCLE('',#5587,2.);
#564=CIRCLE('',#5588,2.);
#565=CIRCLE('',#5589,2.);
#566=CIRCLE('',#5604,6.);
#567=CIRCLE('',#5605,6.);
#568=CIRCLE('',#5606,6.);
#569=CIRCLE('',#5607,6.);
#570=CIRCLE('',#5608,2.);
#571=CIRCLE('',#5609,2.);
#572=CIRCLE('',#5610,2.);
#573=CIRCLE('',#5611,2.);
#574=CIRCLE('',#5612,4.5);
#575=CIRCLE('',#5624,1.);
#576=CIRCLE('',#5625,3.5);
#577=FACE_BOUND('',#906,.T.);
#578=FACE_BOUND('',#908,.T.);
#579=FACE_BOUND('',#909,.T.);
#580=FACE_BOUND('',#910,.T.);
#581=FACE_BOUND('',#911,.T.);
#582=FACE_BOUND('',#912,.T.);
#583=FACE_BOUND('',#913,.T.);
#584=FACE_BOUND('',#928,.T.);
#585=FACE_BOUND('',#929,.T.);
#586=FACE_BOUND('',#930,.T.);
#587=FACE_BOUND('',#931,.T.);
#588=FACE_BOUND('',#932,.T.);
#589=FACE_BOUND('',#933,.T.);
#590=FACE_BOUND('',#934,.T.);
#591=FACE_BOUND('',#988,.T.);
#592=FACE_BOUND('',#990,.T.);
#593=FACE_BOUND('',#1038,.T.);
#594=FACE_BOUND('',#1040,.T.);
#595=FACE_BOUND('',#1076,.T.);
#596=FACE_BOUND('',#1078,.T.);
#597=FACE_BOUND('',#1109,.T.);
#598=FACE_BOUND('',#1111,.T.);
#599=FACE_BOUND('',#1136,.T.);
#600=FACE_BOUND('',#1138,.T.);
#601=FACE_OUTER_BOUND('',#895,.T.);
#602=FACE_OUTER_BOUND('',#896,.T.);
#603=FACE_OUTER_BOUND('',#897,.T.);
#604=FACE_OUTER_BOUND('',#898,.T.);
#605=FACE_OUTER_BOUND('',#899,.T.);
#606=FACE_OUTER_BOUND('',#900,.T.);
#607=FACE_OUTER_BOUND('',#901,.T.);
#608=FACE_OUTER_BOUND('',#902,.T.);
#609=FACE_OUTER_BOUND('',#903,.T.);
#610=FACE_OUTER_BOUND('',#904,.T.);
#611=FACE_OUTER_BOUND('',#905,.T.);
#612=FACE_OUTER_BOUND('',#907,.T.);
#613=FACE_OUTER_BOUND('',#914,.T.);
#614=FACE_OUTER_BOUND('',#915,.T.);
#615=FACE_OUTER_BOUND('',#916,.T.);
#616=FACE_OUTER_BOUND('',#917,.T.);
#617=FACE_OUTER_BOUND('',#918,.T.);
#618=FACE_OUTER_BOUND('',#919,.T.);
#619=FACE_OUTER_BOUND('',#920,.T.);
#620=FACE_OUTER_BOUND('',#921,.T.);
#621=FACE_OUTER_BOUND('',#922,.T.);
#622=FACE_OUTER_BOUND('',#923,.T.);
#623=FACE_OUTER_BOUND('',#924,.T.);
#624=FACE_OUTER_BOUND('',#925,.T.);
#625=FACE_OUTER_BOUND('',#926,.T.);
#626=FACE_OUTER_BOUND('',#927,.T.);
#627=FACE_OUTER_BOUND('',#935,.T.);
#628=FACE_OUTER_BOUND('',#936,.T.);
#629=FACE_OUTER_BOUND('',#937,.T.);
#630=FACE_OUTER_BOUND('',#938,.T.);
#631=FACE_OUTER_BOUND('',#939,.T.);
#632=FACE_OUTER_BOUND('',#940,.T.);
#633=FACE_OUTER_BOUND('',#941,.T.);
#634=FACE_OUTER_BOUND('',#942,.T.);
#635=FACE_OUTER_BOUND('',#943,.T.);
#636=FACE_OUTER_BOUND('',#944,.T.);
#637=FACE_OUTER_BOUND('',#945,.T.);
#638=FACE_OUTER_BOUND('',#946,.T.);
#639=FACE_OUTER_BOUND('',#947,.T.);
#640=FACE_OUTER_BOUND('',#948,.T.);
#641=FACE_OUTER_BOUND('',#949,.T.);
#642=FACE_OUTER_BOUND('',#950,.T.);
#643=FACE_OUTER_BOUND('',#951,.T.);
#644=FACE_OUTER_BOUND('',#952,.T.);
#645=FACE_OUTER_BOUND('',#953,.T.);
#646=FACE_OUTER_BOUND('',#954,.T.);
#647=FACE_OUTER_BOUND('',#955,.T.);
#648=FACE_OUTER_BOUND('',#956,.T.);
#649=FACE_OUTER_BOUND('',#957,.T.);
#650=FACE_OUTER_BOUND('',#958,.T.);
#651=FACE_OUTER_BOUND('',#959,.T.);
#652=FACE_OUTER_BOUND('',#960,.T.);
#653=FACE_OUTER_BOUND('',#961,.T.);
#654=FACE_OUTER_BOUND('',#962,.T.);
#655=FACE_OUTER_BOUND('',#963,.T.);
#656=FACE_OUTER_BOUND('',#964,.T.);
#657=FACE_OUTER_BOUND('',#965,.T.);
#658=FACE_OUTER_BOUND('',#966,.T.);
#659=FACE_OUTER_BOUND('',#967,.T.);
#660=FACE_OUTER_BOUND('',#968,.T.);
#661=FACE_OUTER_BOUND('',#969,.T.);
#662=FACE_OUTER_BOUND('',#970,.T.);
#663=FACE_OUTER_BOUND('',#971,.T.);
#664=FACE_OUTER_BOUND('',#972,.T.);
#665=FACE_OUTER_BOUND('',#973,.T.);
#666=FACE_OUTER_BOUND('',#974,.T.);
#667=FACE_OUTER_BOUND('',#975,.T.);
#668=FACE_OUTER_BOUND('',#976,.T.);
#669=FACE_OUTER_BOUND('',#977,.T.);
#670=FACE_OUTER_BOUND('',#978,.T.);
#671=FACE_OUTER_BOUND('',#979,.T.);
#672=FACE_OUTER_BOUND('',#980,.T.);
#673=FACE_OUTER_BOUND('',#981,.T.);
#674=FACE_OUTER_BOUND('',#982,.T.);
#675=FACE_OUTER_BOUND('',#983,.T.);
#676=FACE_OUTER_BOUND('',#984,.T.);
#677=FACE_OUTER_BOUND('',#985,.T.);
#678=FACE_OUTER_BOUND('',#986,.T.);
#679=FACE_OUTER_BOUND('',#987,.T.);
#680=FACE_OUTER_BOUND('',#989,.T.);
#681=FACE_OUTER_BOUND('',#991,.T.);
#682=FACE_OUTER_BOUND('',#992,.T.);
#683=FACE_OUTER_BOUND('',#993,.T.);
#684=FACE_OUTER_BOUND('',#994,.T.);
#685=FACE_OUTER_BOUND('',#995,.T.);
#686=FACE_OUTER_BOUND('',#996,.T.);
#687=FACE_OUTER_BOUND('',#997,.T.);
#688=FACE_OUTER_BOUND('',#998,.T.);
#689=FACE_OUTER_BOUND('',#999,.T.);
#690=FACE_OUTER_BOUND('',#1000,.T.);
#691=FACE_OUTER_BOUND('',#1001,.T.);
#692=FACE_OUTER_BOUND('',#1002,.T.);
#693=FACE_OUTER_BOUND('',#1003,.T.);
#694=FACE_OUTER_BOUND('',#1004,.T.);
#695=FACE_OUTER_BOUND('',#1005,.T.);
#696=FACE_OUTER_BOUND('',#1006,.T.);
#697=FACE_OUTER_BOUND('',#1007,.T.);
#698=FACE_OUTER_BOUND('',#1008,.T.);
#699=FACE_OUTER_BOUND('',#1009,.T.);
#700=FACE_OUTER_BOUND('',#1010,.T.);
#701=FACE_OUTER_BOUND('',#1011,.T.);
#702=FACE_OUTER_BOUND('',#1012,.T.);
#703=FACE_OUTER_BOUND('',#1013,.T.);
#704=FACE_OUTER_BOUND('',#1014,.T.);
#705=FACE_OUTER_BOUND('',#1015,.T.);
#706=FACE_OUTER_BOUND('',#1016,.T.);
#707=FACE_OUTER_BOUND('',#1017,.T.);
#708=FACE_OUTER_BOUND('',#1018,.T.);
#709=FACE_OUTER_BOUND('',#1019,.T.);
#710=FACE_OUTER_BOUND('',#1020,.T.);
#711=FACE_OUTER_BOUND('',#1021,.T.);
#712=FACE_OUTER_BOUND('',#1022,.T.);
#713=FACE_OUTER_BOUND('',#1023,.T.);
#714=FACE_OUTER_BOUND('',#1024,.T.);
#715=FACE_OUTER_BOUND('',#1025,.T.);
#716=FACE_OUTER_BOUND('',#1026,.T.);
#717=FACE_OUTER_BOUND('',#1027,.T.);
#718=FACE_OUTER_BOUND('',#1028,.T.);
#719=FACE_OUTER_BOUND('',#1029,.T.);
#720=FACE_OUTER_BOUND('',#1030,.T.);
#721=FACE_OUTER_BOUND('',#1031,.T.);
#722=FACE_OUTER_BOUND('',#1032,.T.);
#723=FACE_OUTER_BOUND('',#1033,.T.);
#724=FACE_OUTER_BOUND('',#1034,.T.);
#725=FACE_OUTER_BOUND('',#1035,.T.);
#726=FACE_OUTER_BOUND('',#1036,.T.);
#727=FACE_OUTER_BOUND('',#1037,.T.);
#728=FACE_OUTER_BOUND('',#1039,.T.);
#729=FACE_OUTER_BOUND('',#1041,.T.);
#730=FACE_OUTER_BOUND('',#1042,.T.);
#731=FACE_OUTER_BOUND('',#1043,.T.);
#732=FACE_OUTER_BOUND('',#1044,.T.);
#733=FACE_OUTER_BOUND('',#1045,.T.);
#734=FACE_OUTER_BOUND('',#1046,.T.);
#735=FACE_OUTER_BOUND('',#1047,.T.);
#736=FACE_OUTER_BOUND('',#1048,.T.);
#737=FACE_OUTER_BOUND('',#1049,.T.);
#738=FACE_OUTER_BOUND('',#1050,.T.);
#739=FACE_OUTER_BOUND('',#1051,.T.);
#740=FACE_OUTER_BOUND('',#1052,.T.);
#741=FACE_OUTER_BOUND('',#1053,.T.);
#742=FACE_OUTER_BOUND('',#1054,.T.);
#743=FACE_OUTER_BOUND('',#1055,.T.);
#744=FACE_OUTER_BOUND('',#1056,.T.);
#745=FACE_OUTER_BOUND('',#1057,.T.);
#746=FACE_OUTER_BOUND('',#1058,.T.);
#747=FACE_OUTER_BOUND('',#1059,.T.);
#748=FACE_OUTER_BOUND('',#1060,.T.);
#749=FACE_OUTER_BOUND('',#1061,.T.);
#750=FACE_OUTER_BOUND('',#1062,.T.);
#751=FACE_OUTER_BOUND('',#1063,.T.);
#752=FACE_OUTER_BOUND('',#1064,.T.);
#753=FACE_OUTER_BOUND('',#1065,.T.);
#754=FACE_OUTER_BOUND('',#1066,.T.);
#755=FACE_OUTER_BOUND('',#1067,.T.);
#756=FACE_OUTER_BOUND('',#1068,.T.);
#757=FACE_OUTER_BOUND('',#1069,.T.);
#758=FACE_OUTER_BOUND('',#1070,.T.);
#759=FACE_OUTER_BOUND('',#1071,.T.);
#760=FACE_OUTER_BOUND('',#1072,.T.);
#761=FACE_OUTER_BOUND('',#1073,.T.);
#762=FACE_OUTER_BOUND('',#1074,.T.);
#763=FACE_OUTER_BOUND('',#1075,.T.);
#764=FACE_OUTER_BOUND('',#1077,.T.);
#765=FACE_OUTER_BOUND('',#1079,.T.);
#766=FACE_OUTER_BOUND('',#1080,.T.);
#767=FACE_OUTER_BOUND('',#1081,.T.);
#768=FACE_OUTER_BOUND('',#1082,.T.);
#769=FACE_OUTER_BOUND('',#1083,.T.);
#770=FACE_OUTER_BOUND('',#1084,.T.);
#771=FACE_OUTER_BOUND('',#1085,.T.);
#772=FACE_OUTER_BOUND('',#1086,.T.);
#773=FACE_OUTER_BOUND('',#1087,.T.);
#774=FACE_OUTER_BOUND('',#1088,.T.);
#775=FACE_OUTER_BOUND('',#1089,.T.);
#776=FACE_OUTER_BOUND('',#1090,.T.);
#777=FACE_OUTER_BOUND('',#1091,.T.);
#778=FACE_OUTER_BOUND('',#1092,.T.);
#779=FACE_OUTER_BOUND('',#1093,.T.);
#780=FACE_OUTER_BOUND('',#1094,.T.);
#781=FACE_OUTER_BOUND('',#1095,.T.);
#782=FACE_OUTER_BOUND('',#1096,.T.);
#783=FACE_OUTER_BOUND('',#1097,.T.);
#784=FACE_OUTER_BOUND('',#1098,.T.);
#785=FACE_OUTER_BOUND('',#1099,.T.);
#786=FACE_OUTER_BOUND('',#1100,.T.);
#787=FACE_OUTER_BOUND('',#1101,.T.);
#788=FACE_OUTER_BOUND('',#1102,.T.);
#789=FACE_OUTER_BOUND('',#1103,.T.);
#790=FACE_OUTER_BOUND('',#1104,.T.);
#791=FACE_OUTER_BOUND('',#1105,.T.);
#792=FACE_OUTER_BOUND('',#1106,.T.);
#793=FACE_OUTER_BOUND('',#1107,.T.);
#794=FACE_OUTER_BOUND('',#1108,.T.);
#795=FACE_OUTER_BOUND('',#1110,.T.);
#796=FACE_OUTER_BOUND('',#1112,.T.);
#797=FACE_OUTER_BOUND('',#1113,.T.);
#798=FACE_OUTER_BOUND('',#1114,.T.);
#799=FACE_OUTER_BOUND('',#1115,.T.);
#800=FACE_OUTER_BOUND('',#1116,.T.);
#801=FACE_OUTER_BOUND('',#1117,.T.);
#802=FACE_OUTER_BOUND('',#1118,.T.);
#803=FACE_OUTER_BOUND('',#1119,.T.);
#804=FACE_OUTER_BOUND('',#1120,.T.);
#805=FACE_OUTER_BOUND('',#1121,.T.);
#806=FACE_OUTER_BOUND('',#1122,.T.);
#807=FACE_OUTER_BOUND('',#1123,.T.);
#808=FACE_OUTER_BOUND('',#1124,.T.);
#809=FACE_OUTER_BOUND('',#1125,.T.);
#810=FACE_OUTER_BOUND('',#1126,.T.);
#811=FACE_OUTER_BOUND('',#1127,.T.);
#812=FACE_OUTER_BOUND('',#1128,.T.);
#813=FACE_OUTER_BOUND('',#1129,.T.);
#814=FACE_OUTER_BOUND('',#1130,.T.);
#815=FACE_OUTER_BOUND('',#1131,.T.);
#816=FACE_OUTER_BOUND('',#1132,.T.);
#817=FACE_OUTER_BOUND('',#1133,.T.);
#818=FACE_OUTER_BOUND('',#1134,.T.);
#819=FACE_OUTER_BOUND('',#1135,.T.);
#820=FACE_OUTER_BOUND('',#1137,.T.);
#821=FACE_OUTER_BOUND('',#1139,.T.);
#822=FACE_OUTER_BOUND('',#1140,.T.);
#823=FACE_OUTER_BOUND('',#1141,.T.);
#824=FACE_OUTER_BOUND('',#1142,.T.);
#825=FACE_OUTER_BOUND('',#1143,.T.);
#826=FACE_OUTER_BOUND('',#1144,.T.);
#827=FACE_OUTER_BOUND('',#1145,.T.);
#828=FACE_OUTER_BOUND('',#1146,.T.);
#829=FACE_OUTER_BOUND('',#1147,.T.);
#830=FACE_OUTER_BOUND('',#1148,.T.);
#831=FACE_OUTER_BOUND('',#1149,.T.);
#832=FACE_OUTER_BOUND('',#1150,.T.);
#833=FACE_OUTER_BOUND('',#1151,.T.);
#834=FACE_OUTER_BOUND('',#1152,.T.);
#835=FACE_OUTER_BOUND('',#1153,.T.);
#836=FACE_OUTER_BOUND('',#1154,.T.);
#837=FACE_OUTER_BOUND('',#1155,.T.);
#838=FACE_OUTER_BOUND('',#1156,.T.);
#839=FACE_OUTER_BOUND('',#1157,.T.);
#840=FACE_OUTER_BOUND('',#1158,.T.);
#841=FACE_OUTER_BOUND('',#1159,.T.);
#842=FACE_OUTER_BOUND('',#1160,.T.);
#843=FACE_OUTER_BOUND('',#1161,.T.);
#844=FACE_OUTER_BOUND('',#1162,.T.);
#845=FACE_OUTER_BOUND('',#1163,.T.);
#846=FACE_OUTER_BOUND('',#1164,.T.);
#847=FACE_OUTER_BOUND('',#1165,.T.);
#848=FACE_OUTER_BOUND('',#1166,.T.);
#849=FACE_OUTER_BOUND('',#1167,.T.);
#850=FACE_OUTER_BOUND('',#1168,.T.);
#851=FACE_OUTER_BOUND('',#1169,.T.);
#852=FACE_OUTER_BOUND('',#1170,.T.);
#853=FACE_OUTER_BOUND('',#1171,.T.);
#854=FACE_OUTER_BOUND('',#1172,.T.);
#855=FACE_OUTER_BOUND('',#1173,.T.);
#856=FACE_OUTER_BOUND('',#1174,.T.);
#857=FACE_OUTER_BOUND('',#1175,.T.);
#858=FACE_OUTER_BOUND('',#1176,.T.);
#859=FACE_OUTER_BOUND('',#1177,.T.);
#860=FACE_OUTER_BOUND('',#1178,.T.);
#861=FACE_OUTER_BOUND('',#1179,.T.);
#862=FACE_OUTER_BOUND('',#1180,.T.);
#863=FACE_OUTER_BOUND('',#1181,.T.);
#864=FACE_OUTER_BOUND('',#1182,.T.);
#865=FACE_OUTER_BOUND('',#1183,.T.);
#866=FACE_OUTER_BOUND('',#1184,.T.);
#867=FACE_OUTER_BOUND('',#1185,.T.);
#868=FACE_OUTER_BOUND('',#1186,.T.);
#869=FACE_OUTER_BOUND('',#1187,.T.);
#870=FACE_OUTER_BOUND('',#1188,.T.);
#871=FACE_OUTER_BOUND('',#1189,.T.);
#872=FACE_OUTER_BOUND('',#1190,.T.);
#873=FACE_OUTER_BOUND('',#1191,.T.);
#874=FACE_OUTER_BOUND('',#1192,.T.);
#875=FACE_OUTER_BOUND('',#1193,.T.);
#876=FACE_OUTER_BOUND('',#1194,.T.);
#877=FACE_OUTER_BOUND('',#1195,.T.);
#878=FACE_OUTER_BOUND('',#1196,.T.);
#879=FACE_OUTER_BOUND('',#1197,.T.);
#880=FACE_OUTER_BOUND('',#1198,.T.);
#881=FACE_OUTER_BOUND('',#1199,.T.);
#882=FACE_OUTER_BOUND('',#1200,.T.);
#883=FACE_OUTER_BOUND('',#1201,.T.);
#884=FACE_OUTER_BOUND('',#1202,.T.);
#885=FACE_OUTER_BOUND('',#1203,.T.);
#886=FACE_OUTER_BOUND('',#1204,.T.);
#887=FACE_OUTER_BOUND('',#1205,.T.);
#888=FACE_OUTER_BOUND('',#1206,.T.);
#889=FACE_OUTER_BOUND('',#1207,.T.);
#890=FACE_OUTER_BOUND('',#1208,.T.);
#891=FACE_OUTER_BOUND('',#1209,.T.);
#892=FACE_OUTER_BOUND('',#1210,.T.);
#893=FACE_OUTER_BOUND('',#1211,.T.);
#894=FACE_OUTER_BOUND('',#1212,.T.);
#895=EDGE_LOOP('',(#3497,#3498,#3499,#3500));
#896=EDGE_LOOP('',(#3501,#3502,#3503,#3504));
#897=EDGE_LOOP('',(#3505,#3506,#3507,#3508));
#898=EDGE_LOOP('',(#3509,#3510,#3511,#3512,#3513,#3514));
#899=EDGE_LOOP('',(#3515,#3516,#3517,#3518,#3519,#3520));
#900=EDGE_LOOP('',(#3521,#3522,#3523,#3524));
#901=EDGE_LOOP('',(#3525,#3526,#3527,#3528));
#902=EDGE_LOOP('',(#3529,#3530,#3531,#3532));
#903=EDGE_LOOP('',(#3533,#3534,#3535,#3536));
#904=EDGE_LOOP('',(#3537,#3538,#3539,#3540));
#905=EDGE_LOOP('',(#3541,#3542,#3543,#3544,#3545,#3546));
#906=EDGE_LOOP('',(#3547,#3548,#3549,#3550));
#907=EDGE_LOOP('',(#3551,#3552,#3553,#3554,#3555,#3556,#3557,#3558));
#908=EDGE_LOOP('',(#3559));
#909=EDGE_LOOP('',(#3560));
#910=EDGE_LOOP('',(#3561));
#911=EDGE_LOOP('',(#3562));
#912=EDGE_LOOP('',(#3563));
#913=EDGE_LOOP('',(#3564,#3565,#3566,#3567,#3568,#3569,#3570,#3571,#3572,
#3573,#3574,#3575,#3576,#3577,#3578));
#914=EDGE_LOOP('',(#3579,#3580,#3581,#3582));
#915=EDGE_LOOP('',(#3583,#3584,#3585,#3586));
#916=EDGE_LOOP('',(#3587,#3588,#3589,#3590));
#917=EDGE_LOOP('',(#3591,#3592,#3593,#3594));
#918=EDGE_LOOP('',(#3595,#3596,#3597,#3598));
#919=EDGE_LOOP('',(#3599,#3600,#3601,#3602));
#920=EDGE_LOOP('',(#3603,#3604,#3605,#3606));
#921=EDGE_LOOP('',(#3607,#3608,#3609,#3610,#3611,#3612,#3613,#3614));
#922=EDGE_LOOP('',(#3615,#3616,#3617,#3618,#3619,#3620,#3621,#3622,#3623,
#3624));
#923=EDGE_LOOP('',(#3625,#3626,#3627,#3628));
#924=EDGE_LOOP('',(#3629,#3630,#3631,#3632));
#925=EDGE_LOOP('',(#3633,#3634,#3635,#3636));
#926=EDGE_LOOP('',(#3637,#3638,#3639,#3640));
#927=EDGE_LOOP('',(#3641,#3642,#3643,#3644,#3645,#3646,#3647,#3648));
#928=EDGE_LOOP('',(#3649,#3650,#3651,#3652));
#929=EDGE_LOOP('',(#3653));
#930=EDGE_LOOP('',(#3654));
#931=EDGE_LOOP('',(#3655));
#932=EDGE_LOOP('',(#3656));
#933=EDGE_LOOP('',(#3657));
#934=EDGE_LOOP('',(#3658,#3659,#3660,#3661));
#935=EDGE_LOOP('',(#3662,#3663,#3664,#3665));
#936=EDGE_LOOP('',(#3666,#3667,#3668,#3669,#3670));
#937=EDGE_LOOP('',(#3671,#3672,#3673,#3674,#3675,#3676));
#938=EDGE_LOOP('',(#3677,#3678,#3679,#3680));
#939=EDGE_LOOP('',(#3681,#3682,#3683,#3684));
#940=EDGE_LOOP('',(#3685,#3686,#3687,#3688));
#941=EDGE_LOOP('',(#3689,#3690,#3691,#3692));
#942=EDGE_LOOP('',(#3693,#3694,#3695,#3696));
#943=EDGE_LOOP('',(#3697,#3698,#3699,#3700));
#944=EDGE_LOOP('',(#3701,#3702,#3703,#3704));
#945=EDGE_LOOP('',(#3705,#3706,#3707,#3708));
#946=EDGE_LOOP('',(#3709,#3710,#3711,#3712));
#947=EDGE_LOOP('',(#3713,#3714,#3715,#3716));
#948=EDGE_LOOP('',(#3717,#3718,#3719,#3720));
#949=EDGE_LOOP('',(#3721,#3722,#3723,#3724));
#950=EDGE_LOOP('',(#3725,#3726,#3727,#3728));
#951=EDGE_LOOP('',(#3729,#3730,#3731,#3732));
#952=EDGE_LOOP('',(#3733,#3734,#3735,#3736));
#953=EDGE_LOOP('',(#3737,#3738,#3739,#3740));
#954=EDGE_LOOP('',(#3741,#3742,#3743,#3744));
#955=EDGE_LOOP('',(#3745,#3746,#3747,#3748));
#956=EDGE_LOOP('',(#3749,#3750,#3751,#3752));
#957=EDGE_LOOP('',(#3753,#3754,#3755,#3756));
#958=EDGE_LOOP('',(#3757,#3758,#3759,#3760));
#959=EDGE_LOOP('',(#3761,#3762,#3763,#3764));
#960=EDGE_LOOP('',(#3765,#3766,#3767,#3768));
#961=EDGE_LOOP('',(#3769,#3770,#3771,#3772));
#962=EDGE_LOOP('',(#3773,#3774,#3775,#3776));
#963=EDGE_LOOP('',(#3777,#3778,#3779,#3780));
#964=EDGE_LOOP('',(#3781,#3782,#3783,#3784));
#965=EDGE_LOOP('',(#3785,#3786,#3787,#3788));
#966=EDGE_LOOP('',(#3789,#3790,#3791,#3792));
#967=EDGE_LOOP('',(#3793,#3794,#3795,#3796));
#968=EDGE_LOOP('',(#3797,#3798,#3799,#3800));
#969=EDGE_LOOP('',(#3801,#3802,#3803,#3804));
#970=EDGE_LOOP('',(#3805,#3806,#3807,#3808));
#971=EDGE_LOOP('',(#3809,#3810,#3811,#3812));
#972=EDGE_LOOP('',(#3813,#3814,#3815,#3816));
#973=EDGE_LOOP('',(#3817,#3818,#3819,#3820));
#974=EDGE_LOOP('',(#3821,#3822,#3823,#3824));
#975=EDGE_LOOP('',(#3825,#3826,#3827,#3828));
#976=EDGE_LOOP('',(#3829,#3830,#3831,#3832));
#977=EDGE_LOOP('',(#3833,#3834,#3835,#3836));
#978=EDGE_LOOP('',(#3837,#3838,#3839,#3840));
#979=EDGE_LOOP('',(#3841,#3842,#3843,#3844));
#980=EDGE_LOOP('',(#3845,#3846,#3847,#3848));
#981=EDGE_LOOP('',(#3849,#3850,#3851,#3852));
#982=EDGE_LOOP('',(#3853,#3854,#3855,#3856));
#983=EDGE_LOOP('',(#3857,#3858,#3859,#3860));
#984=EDGE_LOOP('',(#3861,#3862,#3863,#3864));
#985=EDGE_LOOP('',(#3865,#3866,#3867,#3868));
#986=EDGE_LOOP('',(#3869,#3870,#3871,#3872));
#987=EDGE_LOOP('',(#3873,#3874,#3875,#3876,#3877,#3878,#3879,#3880,#3881,
#3882,#3883,#3884,#3885,#3886,#3887,#3888,#3889,#3890,#3891,#3892,#3893,
#3894,#3895,#3896,#3897,#3898,#3899));
#988=EDGE_LOOP('',(#3900,#3901,#3902,#3903,#3904,#3905,#3906));
#989=EDGE_LOOP('',(#3907,#3908,#3909,#3910,#3911,#3912,#3913,#3914,#3915,
#3916,#3917,#3918,#3919,#3920,#3921,#3922,#3923,#3924,#3925,#3926,#3927,
#3928,#3929,#3930,#3931,#3932,#3933));
#990=EDGE_LOOP('',(#3934,#3935,#3936,#3937,#3938,#3939,#3940));
#991=EDGE_LOOP('',(#3941,#3942,#3943,#3944));
#992=EDGE_LOOP('',(#3945,#3946,#3947,#3948));
#993=EDGE_LOOP('',(#3949,#3950,#3951,#3952));
#994=EDGE_LOOP('',(#3953,#3954,#3955,#3956));
#995=EDGE_LOOP('',(#3957,#3958,#3959,#3960));
#996=EDGE_LOOP('',(#3961,#3962,#3963,#3964));
#997=EDGE_LOOP('',(#3965,#3966,#3967,#3968));
#998=EDGE_LOOP('',(#3969,#3970,#3971,#3972));
#999=EDGE_LOOP('',(#3973,#3974,#3975,#3976));
#1000=EDGE_LOOP('',(#3977,#3978,#3979,#3980));
#1001=EDGE_LOOP('',(#3981,#3982,#3983,#3984));
#1002=EDGE_LOOP('',(#3985,#3986,#3987,#3988));
#1003=EDGE_LOOP('',(#3989,#3990,#3991,#3992));
#1004=EDGE_LOOP('',(#3993,#3994,#3995,#3996));
#1005=EDGE_LOOP('',(#3997,#3998,#3999,#4000));
#1006=EDGE_LOOP('',(#4001,#4002,#4003,#4004));
#1007=EDGE_LOOP('',(#4005,#4006,#4007,#4008));
#1008=EDGE_LOOP('',(#4009,#4010,#4011,#4012));
#1009=EDGE_LOOP('',(#4013,#4014,#4015,#4016));
#1010=EDGE_LOOP('',(#4017,#4018,#4019,#4020));
#1011=EDGE_LOOP('',(#4021,#4022,#4023,#4024));
#1012=EDGE_LOOP('',(#4025,#4026,#4027,#4028));
#1013=EDGE_LOOP('',(#4029,#4030,#4031,#4032));
#1014=EDGE_LOOP('',(#4033,#4034,#4035,#4036));
#1015=EDGE_LOOP('',(#4037,#4038,#4039,#4040));
#1016=EDGE_LOOP('',(#4041,#4042,#4043,#4044));
#1017=EDGE_LOOP('',(#4045,#4046,#4047,#4048));
#1018=EDGE_LOOP('',(#4049,#4050,#4051,#4052));
#1019=EDGE_LOOP('',(#4053,#4054,#4055,#4056,#4057,#4058,#4059,#4060,#4061,
#4062,#4063,#4064,#4065,#4066,#4067,#4068,#4069,#4070,#4071,#4072,#4073,
#4074,#4075,#4076,#4077,#4078,#4079,#4080));
#1020=EDGE_LOOP('',(#4081,#4082,#4083,#4084,#4085,#4086,#4087,#4088,#4089,
#4090,#4091,#4092,#4093,#4094,#4095,#4096,#4097,#4098,#4099,#4100,#4101,
#4102,#4103,#4104,#4105,#4106,#4107,#4108));
#1021=EDGE_LOOP('',(#4109,#4110,#4111,#4112));
#1022=EDGE_LOOP('',(#4113,#4114,#4115,#4116));
#1023=EDGE_LOOP('',(#4117,#4118,#4119,#4120));
#1024=EDGE_LOOP('',(#4121,#4122,#4123,#4124));
#1025=EDGE_LOOP('',(#4125,#4126,#4127,#4128));
#1026=EDGE_LOOP('',(#4129,#4130,#4131,#4132));
#1027=EDGE_LOOP('',(#4133,#4134,#4135,#4136));
#1028=EDGE_LOOP('',(#4137,#4138,#4139,#4140));
#1029=EDGE_LOOP('',(#4141,#4142,#4143,#4144));
#1030=EDGE_LOOP('',(#4145,#4146,#4147,#4148));
#1031=EDGE_LOOP('',(#4149,#4150,#4151,#4152));
#1032=EDGE_LOOP('',(#4153,#4154,#4155,#4156));
#1033=EDGE_LOOP('',(#4157,#4158,#4159,#4160));
#1034=EDGE_LOOP('',(#4161,#4162,#4163,#4164));
#1035=EDGE_LOOP('',(#4165,#4166,#4167,#4168));
#1036=EDGE_LOOP('',(#4169,#4170,#4171,#4172));
#1037=EDGE_LOOP('',(#4173,#4174,#4175,#4176,#4177,#4178,#4179,#4180));
#1038=EDGE_LOOP('',(#4181,#4182,#4183,#4184,#4185,#4186,#4187,#4188));
#1039=EDGE_LOOP('',(#4189,#4190,#4191,#4192,#4193,#4194,#4195,#4196));
#1040=EDGE_LOOP('',(#4197,#4198,#4199,#4200,#4201,#4202,#4203,#4204));
#1041=EDGE_LOOP('',(#4205,#4206,#4207,#4208));
#1042=EDGE_LOOP('',(#4209,#4210,#4211,#4212));
#1043=EDGE_LOOP('',(#4213,#4214,#4215,#4216));
#1044=EDGE_LOOP('',(#4217,#4218,#4219,#4220));
#1045=EDGE_LOOP('',(#4221,#4222,#4223,#4224));
#1046=EDGE_LOOP('',(#4225,#4226,#4227,#4228));
#1047=EDGE_LOOP('',(#4229,#4230,#4231,#4232));
#1048=EDGE_LOOP('',(#4233,#4234,#4235,#4236));
#1049=EDGE_LOOP('',(#4237,#4238,#4239,#4240));
#1050=EDGE_LOOP('',(#4241,#4242,#4243,#4244));
#1051=EDGE_LOOP('',(#4245,#4246,#4247,#4248));
#1052=EDGE_LOOP('',(#4249,#4250,#4251,#4252));
#1053=EDGE_LOOP('',(#4253,#4254,#4255,#4256));
#1054=EDGE_LOOP('',(#4257,#4258,#4259,#4260));
#1055=EDGE_LOOP('',(#4261,#4262,#4263,#4264));
#1056=EDGE_LOOP('',(#4265,#4266,#4267,#4268));
#1057=EDGE_LOOP('',(#4269,#4270,#4271,#4272));
#1058=EDGE_LOOP('',(#4273,#4274,#4275,#4276));
#1059=EDGE_LOOP('',(#4277,#4278,#4279,#4280));
#1060=EDGE_LOOP('',(#4281,#4282,#4283,#4284));
#1061=EDGE_LOOP('',(#4285,#4286,#4287,#4288));
#1062=EDGE_LOOP('',(#4289,#4290,#4291,#4292));
#1063=EDGE_LOOP('',(#4293,#4294,#4295,#4296));
#1064=EDGE_LOOP('',(#4297,#4298,#4299,#4300));
#1065=EDGE_LOOP('',(#4301,#4302,#4303,#4304));
#1066=EDGE_LOOP('',(#4305,#4306,#4307,#4308));
#1067=EDGE_LOOP('',(#4309,#4310,#4311,#4312));
#1068=EDGE_LOOP('',(#4313,#4314,#4315,#4316));
#1069=EDGE_LOOP('',(#4317,#4318,#4319,#4320));
#1070=EDGE_LOOP('',(#4321,#4322,#4323,#4324));
#1071=EDGE_LOOP('',(#4325,#4326,#4327,#4328));
#1072=EDGE_LOOP('',(#4329,#4330,#4331,#4332));
#1073=EDGE_LOOP('',(#4333,#4334,#4335,#4336));
#1074=EDGE_LOOP('',(#4337,#4338,#4339,#4340));
#1075=EDGE_LOOP('',(#4341,#4342,#4343,#4344,#4345,#4346,#4347,#4348,#4349,
#4350,#4351,#4352,#4353,#4354,#4355,#4356,#4357,#4358,#4359,#4360,#4361,
#4362,#4363,#4364,#4365,#4366,#4367));
#1076=EDGE_LOOP('',(#4368,#4369,#4370,#4371,#4372,#4373,#4374));
#1077=EDGE_LOOP('',(#4375,#4376,#4377,#4378,#4379,#4380,#4381,#4382,#4383,
#4384,#4385,#4386,#4387,#4388,#4389,#4390,#4391,#4392,#4393,#4394,#4395,
#4396,#4397,#4398,#4399,#4400,#4401));
#1078=EDGE_LOOP('',(#4402,#4403,#4404,#4405,#4406,#4407,#4408));
#1079=EDGE_LOOP('',(#4409,#4410,#4411,#4412));
#1080=EDGE_LOOP('',(#4413,#4414,#4415,#4416));
#1081=EDGE_LOOP('',(#4417,#4418,#4419,#4420));
#1082=EDGE_LOOP('',(#4421,#4422,#4423,#4424));
#1083=EDGE_LOOP('',(#4425,#4426,#4427,#4428));
#1084=EDGE_LOOP('',(#4429,#4430,#4431,#4432));
#1085=EDGE_LOOP('',(#4433,#4434,#4435,#4436));
#1086=EDGE_LOOP('',(#4437,#4438,#4439,#4440));
#1087=EDGE_LOOP('',(#4441,#4442,#4443,#4444));
#1088=EDGE_LOOP('',(#4445,#4446,#4447,#4448));
#1089=EDGE_LOOP('',(#4449,#4450,#4451,#4452));
#1090=EDGE_LOOP('',(#4453,#4454,#4455,#4456));
#1091=EDGE_LOOP('',(#4457,#4458,#4459,#4460));
#1092=EDGE_LOOP('',(#4461,#4462,#4463,#4464));
#1093=EDGE_LOOP('',(#4465,#4466,#4467,#4468));
#1094=EDGE_LOOP('',(#4469,#4470,#4471,#4472));
#1095=EDGE_LOOP('',(#4473,#4474,#4475,#4476));
#1096=EDGE_LOOP('',(#4477,#4478,#4479,#4480));
#1097=EDGE_LOOP('',(#4481,#4482,#4483,#4484));
#1098=EDGE_LOOP('',(#4485,#4486,#4487,#4488));
#1099=EDGE_LOOP('',(#4489,#4490,#4491,#4492));
#1100=EDGE_LOOP('',(#4493,#4494,#4495,#4496));
#1101=EDGE_LOOP('',(#4497,#4498,#4499,#4500));
#1102=EDGE_LOOP('',(#4501,#4502,#4503,#4504));
#1103=EDGE_LOOP('',(#4505,#4506,#4507,#4508));
#1104=EDGE_LOOP('',(#4509,#4510,#4511,#4512));
#1105=EDGE_LOOP('',(#4513,#4514,#4515,#4516));
#1106=EDGE_LOOP('',(#4517,#4518,#4519,#4520));
#1107=EDGE_LOOP('',(#4521,#4522,#4523,#4524));
#1108=EDGE_LOOP('',(#4525,#4526,#4527,#4528,#4529,#4530,#4531,#4532,#4533,
#4534,#4535,#4536,#4537,#4538,#4539,#4540,#4541,#4542,#4543,#4544,#4545,
#4546));
#1109=EDGE_LOOP('',(#4547,#4548,#4549,#4550,#4551,#4552,#4553));
#1110=EDGE_LOOP('',(#4554,#4555,#4556,#4557,#4558,#4559,#4560,#4561,#4562,
#4563,#4564,#4565,#4566,#4567,#4568,#4569,#4570,#4571,#4572,#4573,#4574,
#4575));
#1111=EDGE_LOOP('',(#4576,#4577,#4578,#4579,#4580,#4581,#4582));
#1112=EDGE_LOOP('',(#4583,#4584,#4585,#4586));
#1113=EDGE_LOOP('',(#4587,#4588,#4589,#4590));
#1114=EDGE_LOOP('',(#4591,#4592,#4593,#4594));
#1115=EDGE_LOOP('',(#4595,#4596,#4597,#4598));
#1116=EDGE_LOOP('',(#4599,#4600,#4601,#4602));
#1117=EDGE_LOOP('',(#4603,#4604,#4605,#4606));
#1118=EDGE_LOOP('',(#4607,#4608,#4609,#4610));
#1119=EDGE_LOOP('',(#4611,#4612,#4613,#4614));
#1120=EDGE_LOOP('',(#4615,#4616,#4617,#4618));
#1121=EDGE_LOOP('',(#4619,#4620,#4621,#4622));
#1122=EDGE_LOOP('',(#4623,#4624,#4625,#4626));
#1123=EDGE_LOOP('',(#4627,#4628,#4629,#4630));
#1124=EDGE_LOOP('',(#4631,#4632,#4633,#4634));
#1125=EDGE_LOOP('',(#4635,#4636,#4637,#4638));
#1126=EDGE_LOOP('',(#4639,#4640,#4641,#4642));
#1127=EDGE_LOOP('',(#4643,#4644,#4645,#4646));
#1128=EDGE_LOOP('',(#4647,#4648,#4649,#4650));
#1129=EDGE_LOOP('',(#4651,#4652,#4653,#4654));
#1130=EDGE_LOOP('',(#4655,#4656,#4657,#4658));
#1131=EDGE_LOOP('',(#4659,#4660,#4661,#4662));
#1132=EDGE_LOOP('',(#4663,#4664,#4665,#4666));
#1133=EDGE_LOOP('',(#4667,#4668,#4669,#4670));
#1134=EDGE_LOOP('',(#4671,#4672,#4673,#4674));
#1135=EDGE_LOOP('',(#4675,#4676,#4677,#4678,#4679,#4680,#4681,#4682,#4683,
#4684,#4685,#4686,#4687,#4688,#4689,#4690,#4691));
#1136=EDGE_LOOP('',(#4692,#4693,#4694,#4695,#4696,#4697));
#1137=EDGE_LOOP('',(#4698,#4699,#4700,#4701,#4702,#4703,#4704,#4705,#4706,
#4707,#4708,#4709,#4710,#4711,#4712,#4713,#4714));
#1138=EDGE_LOOP('',(#4715,#4716,#4717,#4718,#4719,#4720));
#1139=EDGE_LOOP('',(#4721,#4722,#4723,#4724));
#1140=EDGE_LOOP('',(#4725,#4726,#4727,#4728));
#1141=EDGE_LOOP('',(#4729,#4730,#4731,#4732));
#1142=EDGE_LOOP('',(#4733,#4734,#4735,#4736));
#1143=EDGE_LOOP('',(#4737,#4738,#4739,#4740));
#1144=EDGE_LOOP('',(#4741,#4742,#4743,#4744));
#1145=EDGE_LOOP('',(#4745,#4746,#4747,#4748));
#1146=EDGE_LOOP('',(#4749,#4750,#4751,#4752));
#1147=EDGE_LOOP('',(#4753,#4754,#4755,#4756));
#1148=EDGE_LOOP('',(#4757,#4758,#4759,#4760));
#1149=EDGE_LOOP('',(#4761,#4762,#4763,#4764));
#1150=EDGE_LOOP('',(#4765,#4766,#4767,#4768));
#1151=EDGE_LOOP('',(#4769,#4770,#4771,#4772));
#1152=EDGE_LOOP('',(#4773,#4774,#4775,#4776));
#1153=EDGE_LOOP('',(#4777,#4778,#4779,#4780));
#1154=EDGE_LOOP('',(#4781,#4782,#4783,#4784));
#1155=EDGE_LOOP('',(#4785,#4786,#4787,#4788));
#1156=EDGE_LOOP('',(#4789,#4790,#4791,#4792));
#1157=EDGE_LOOP('',(#4793,#4794,#4795,#4796));
#1158=EDGE_LOOP('',(#4797,#4798,#4799,#4800));
#1159=EDGE_LOOP('',(#4801,#4802,#4803,#4804));
#1160=EDGE_LOOP('',(#4805,#4806,#4807,#4808));
#1161=EDGE_LOOP('',(#4809,#4810,#4811,#4812));
#1162=EDGE_LOOP('',(#4813,#4814,#4815,#4816,#4817,#4818,#4819,#4820,#4821,
#4822,#4823,#4824,#4825,#4826,#4827,#4828,#4829,#4830,#4831,#4832,#4833,
#4834,#4835));
#1163=EDGE_LOOP('',(#4836,#4837,#4838,#4839,#4840,#4841,#4842,#4843,#4844,
#4845,#4846,#4847,#4848,#4849,#4850,#4851,#4852,#4853,#4854,#4855,#4856,
#4857,#4858));
#1164=EDGE_LOOP('',(#4859,#4860,#4861,#4862));
#1165=EDGE_LOOP('',(#4863,#4864,#4865,#4866));
#1166=EDGE_LOOP('',(#4867,#4868,#4869,#4870));
#1167=EDGE_LOOP('',(#4871,#4872,#4873,#4874));
#1168=EDGE_LOOP('',(#4875,#4876,#4877,#4878));
#1169=EDGE_LOOP('',(#4879,#4880,#4881,#4882));
#1170=EDGE_LOOP('',(#4883,#4884,#4885,#4886));
#1171=EDGE_LOOP('',(#4887,#4888,#4889,#4890));
#1172=EDGE_LOOP('',(#4891,#4892,#4893,#4894));
#1173=EDGE_LOOP('',(#4895,#4896,#4897,#4898));
#1174=EDGE_LOOP('',(#4899,#4900,#4901,#4902));
#1175=EDGE_LOOP('',(#4903,#4904,#4905,#4906));
#1176=EDGE_LOOP('',(#4907,#4908,#4909,#4910));
#1177=EDGE_LOOP('',(#4911,#4912,#4913,#4914));
#1178=EDGE_LOOP('',(#4915,#4916,#4917,#4918));
#1179=EDGE_LOOP('',(#4919,#4920,#4921,#4922));
#1180=EDGE_LOOP('',(#4923,#4924,#4925,#4926));
#1181=EDGE_LOOP('',(#4927,#4928,#4929,#4930));
#1182=EDGE_LOOP('',(#4931,#4932,#4933,#4934));
#1183=EDGE_LOOP('',(#4935,#4936,#4937,#4938));
#1184=EDGE_LOOP('',(#4939,#4940,#4941,#4942));
#1185=EDGE_LOOP('',(#4943,#4944,#4945,#4946));
#1186=EDGE_LOOP('',(#4947,#4948,#4949,#4950));
#1187=EDGE_LOOP('',(#4951,#4952,#4953,#4954));
#1188=EDGE_LOOP('',(#4955,#4956,#4957,#4958));
#1189=EDGE_LOOP('',(#4959,#4960,#4961,#4962));
#1190=EDGE_LOOP('',(#4963,#4964,#4965,#4966));
#1191=EDGE_LOOP('',(#4967,#4968,#4969,#4970));
#1192=EDGE_LOOP('',(#4971,#4972,#4973,#4974));
#1193=EDGE_LOOP('',(#4975,#4976,#4977,#4978));
#1194=EDGE_LOOP('',(#4979,#4980,#4981,#4982));
#1195=EDGE_LOOP('',(#4983,#4984,#4985,#4986));
#1196=EDGE_LOOP('',(#4987,#4988,#4989,#4990));
#1197=EDGE_LOOP('',(#4991,#4992,#4993,#4994));
#1198=EDGE_LOOP('',(#4995,#4996,#4997,#4998));
#1199=EDGE_LOOP('',(#4999,#5000,#5001,#5002));
#1200=EDGE_LOOP('',(#5003,#5004,#5005,#5006));
#1201=EDGE_LOOP('',(#5007,#5008,#5009,#5010));
#1202=EDGE_LOOP('',(#5011,#5012,#5013,#5014));
#1203=EDGE_LOOP('',(#5015,#5016,#5017,#5018));
#1204=EDGE_LOOP('',(#5019,#5020,#5021,#5022));
#1205=EDGE_LOOP('',(#5023,#5024,#5025,#5026));
#1206=EDGE_LOOP('',(#5027,#5028,#5029,#5030));
#1207=EDGE_LOOP('',(#5031,#5032,#5033,#5034));
#1208=EDGE_LOOP('',(#5035,#5036,#5037,#5038));
#1209=EDGE_LOOP('',(#5039,#5040,#5041,#5042));
#1210=EDGE_LOOP('',(#5043,#5044,#5045,#5046));
#1211=EDGE_LOOP('',(#5047,#5048,#5049,#5050,#5051,#5052,#5053,#5054,#5055,
#5056,#5057,#5058,#5059,#5060,#5061,#5062,#5063,#5064,#5065,#5066,#5067,
#5068,#5069,#5070,#5071,#5072,#5073,#5074,#5075,#5076,#5077,#5078,#5079,
#5080,#5081,#5082,#5083,#5084,#5085,#5086,#5087,#5088,#5089,#5090,#5091,
#5092,#5093));
#1212=EDGE_LOOP('',(#5094,#5095,#5096,#5097,#5098,#5099,#5100,#5101,#5102,
#5103,#5104,#5105,#5106,#5107,#5108,#5109,#5110,#5111,#5112,#5113,#5114,
#5115,#5116,#5117,#5118,#5119,#5120,#5121,#5122,#5123,#5124,#5125,#5126,
#5127,#5128,#5129,#5130,#5131,#5132,#5133,#5134,#5135,#5136,#5137,#5138,
#5139,#5140));
#1213=LINE('',#6459,#1671);
#1214=LINE('',#6461,#1672);
#1215=LINE('',#6463,#1673);
#1216=LINE('',#6464,#1674);
#1217=LINE('',#6467,#1675);
#1218=LINE('',#6469,#1676);
#1219=LINE('',#6470,#1677);
#1220=LINE('',#6473,#1678);
#1221=LINE('',#6474,#1679);
#1222=LINE('',#6477,#1680);
#1223=LINE('',#6479,#1681);
#1224=LINE('',#6481,#1682);
#1225=LINE('',#6482,#1683);
#1226=LINE('',#6485,#1684);
#1227=LINE('',#6487,#1685);
#1228=LINE('',#6488,#1686);
#1229=LINE('',#6492,#1687);
#1230=LINE('',#6494,#1688);
#1231=LINE('',#6496,#1689);
#1232=LINE('',#6497,#1690);
#1233=LINE('',#6500,#1691);
#1234=LINE('',#6502,#1692);
#1235=LINE('',#6503,#1693);
#1236=LINE('',#6506,#1694);
#1237=LINE('',#6508,#1695);
#1238=LINE('',#6509,#1696);
#1239=LINE('',#6511,#1697);
#1240=LINE('',#6512,#1698);
#1241=LINE('',#6515,#1699);
#1242=LINE('',#6517,#1700);
#1243=LINE('',#6518,#1701);
#1244=LINE('',#6520,#1702);
#1245=LINE('',#6526,#1703);
#1246=LINE('',#6530,#1704);
#1247=LINE('',#6534,#1705);
#1248=LINE('',#6537,#1706);
#1249=LINE('',#6549,#1707);
#1250=LINE('',#6551,#1708);
#1251=LINE('',#6553,#1709);
#1252=LINE('',#6555,#1710);
#1253=LINE('',#6557,#1711);
#1254=LINE('',#6559,#1712);
#1255=LINE('',#6561,#1713);
#1256=LINE('',#6563,#1714);
#1257=LINE('',#6565,#1715);
#1258=LINE('',#6567,#1716);
#1259=LINE('',#6569,#1717);
#1260=LINE('',#6570,#1718);
#1261=LINE('',#6573,#1719);
#1262=LINE('',#6575,#1720);
#1263=LINE('',#6576,#1721);
#1264=LINE('',#6579,#1722);
#1265=LINE('',#6580,#1723);
#1266=LINE('',#6583,#1724);
#1267=LINE('',#6584,#1725);
#1268=LINE('',#6587,#1726);
#1269=LINE('',#6588,#1727);
#1270=LINE('',#6591,#1728);
#1271=LINE('',#6593,#1729);
#1272=LINE('',#6594,#1730);
#1273=LINE('',#6597,#1731);
#1274=LINE('',#6598,#1732);
#1275=LINE('',#6601,#1733);
#1276=LINE('',#6602,#1734);
#1277=LINE('',#6604,#1735);
#1278=LINE('',#6607,#1736);
#1279=LINE('',#6608,#1737);
#1280=LINE('',#6612,#1738);
#1281=LINE('',#6613,#1739);
#1282=LINE('',#6614,#1740);
#1283=LINE('',#6617,#1741);
#1284=LINE('',#6619,#1742);
#1285=LINE('',#6620,#1743);
#1286=LINE('',#6622,#1744);
#1287=LINE('',#6624,#1745);
#1288=LINE('',#6630,#1746);
#1289=LINE('',#6634,#1747);
#1290=LINE('',#6638,#1748);
#1291=LINE('',#6641,#1749);
#1292=LINE('',#6644,#1750);
#1293=LINE('',#6646,#1751);
#1294=LINE('',#6648,#1752);
#1295=LINE('',#6649,#1753);
#1296=LINE('',#6661,#1754);
#1297=LINE('',#6662,#1755);
#1298=LINE('',#6664,#1756);
#1299=LINE('',#6666,#1757);
#1300=LINE('',#6669,#1758);
#1301=LINE('',#6670,#1759);
#1302=LINE('',#6672,#1760);
#1303=LINE('',#6674,#1761);
#1304=LINE('',#6676,#1762);
#1305=LINE('',#6677,#1763);
#1306=LINE('',#6679,#1764);
#1307=LINE('',#6681,#1765);
#1308=LINE('',#6687,#1766);
#1309=LINE('',#6689,#1767);
#1310=LINE('',#6691,#1768);
#1311=LINE('',#6693,#1769);
#1312=LINE('',#6695,#1770);
#1313=LINE('',#6701,#1771);
#1314=LINE('',#6703,#1772);
#1315=LINE('',#6705,#1773);
#1316=LINE('',#6706,#1774);
#1317=LINE('',#6729,#1775);
#1318=LINE('',#6752,#1776);
#1319=LINE('',#6775,#1777);
#1320=LINE('',#6798,#1778);
#1321=LINE('',#6821,#1779);
#1322=LINE('',#6860,#1780);
#1323=LINE('',#6867,#1781);
#1324=LINE('',#6890,#1782);
#1325=LINE('',#6913,#1783);
#1326=LINE('',#6936,#1784);
#1327=LINE('',#6959,#1785);
#1328=LINE('',#6982,#1786);
#1329=LINE('',#7005,#1787);
#1330=LINE('',#7028,#1788);
#1331=LINE('',#7051,#1789);
#1332=LINE('',#7054,#1790);
#1333=LINE('',#7056,#1791);
#1334=LINE('',#7057,#1792);
#1335=LINE('',#7080,#1793);
#1336=LINE('',#7103,#1794);
#1337=LINE('',#7126,#1795);
#1338=LINE('',#7129,#1796);
#1339=LINE('',#7131,#1797);
#1340=LINE('',#7132,#1798);
#1341=LINE('',#7155,#1799);
#1342=LINE('',#7178,#1800);
#1343=LINE('',#7201,#1801);
#1344=LINE('',#7224,#1802);
#1345=LINE('',#7247,#1803);
#1346=LINE('',#7270,#1804);
#1347=LINE('',#7293,#1805);
#1348=LINE('',#7316,#1806);
#1349=LINE('',#7319,#1807);
#1350=LINE('',#7321,#1808);
#1351=LINE('',#7322,#1809);
#1352=LINE('',#7345,#1810);
#1353=LINE('',#7368,#1811);
#1354=LINE('',#7391,#1812);
#1355=LINE('',#7417,#1813);
#1356=LINE('',#7419,#1814);
#1357=LINE('',#7421,#1815);
#1358=LINE('',#7422,#1816);
#1359=LINE('',#7425,#1817);
#1360=LINE('',#7427,#1818);
#1361=LINE('',#7428,#1819);
#1362=LINE('',#7431,#1820);
#1363=LINE('',#7433,#1821);
#1364=LINE('',#7434,#1822);
#1365=LINE('',#7457,#1823);
#1366=LINE('',#7480,#1824);
#1367=LINE('',#7503,#1825);
#1368=LINE('',#7526,#1826);
#1369=LINE('',#7549,#1827);
#1370=LINE('',#7572,#1828);
#1371=LINE('',#7595,#1829);
#1372=LINE('',#7618,#1830);
#1373=LINE('',#7641,#1831);
#1374=LINE('',#7664,#1832);
#1375=LINE('',#7687,#1833);
#1376=LINE('',#7710,#1834);
#1377=LINE('',#7733,#1835);
#1378=LINE('',#7756,#1836);
#1379=LINE('',#7759,#1837);
#1380=LINE('',#7761,#1838);
#1381=LINE('',#7762,#1839);
#1382=LINE('',#7785,#1840);
#1383=LINE('',#7788,#1841);
#1384=LINE('',#7790,#1842);
#1385=LINE('',#7791,#1843);
#1386=LINE('',#7794,#1844);
#1387=LINE('',#7796,#1845);
#1388=LINE('',#7797,#1846);
#1389=LINE('',#7800,#1847);
#1390=LINE('',#7802,#1848);
#1391=LINE('',#7803,#1849);
#1392=LINE('',#7806,#1850);
#1393=LINE('',#7808,#1851);
#1394=LINE('',#7809,#1852);
#1395=LINE('',#7812,#1853);
#1396=LINE('',#7814,#1854);
#1397=LINE('',#7815,#1855);
#1398=LINE('',#7838,#1856);
#1399=LINE('',#7841,#1857);
#1400=LINE('',#7843,#1858);
#1401=LINE('',#7844,#1859);
#1402=LINE('',#7867,#1860);
#1403=LINE('',#7869,#1861);
#1404=LINE('',#7870,#1862);
#1405=LINE('',#7891,#1863);
#1406=LINE('',#7898,#1864);
#1407=LINE('',#7921,#1865);
#1408=LINE('',#7944,#1866);
#1409=LINE('',#7967,#1867);
#1410=LINE('',#7990,#1868);
#1411=LINE('',#8013,#1869);
#1412=LINE('',#8036,#1870);
#1413=LINE('',#8075,#1871);
#1414=LINE('',#8082,#1872);
#1415=LINE('',#8105,#1873);
#1416=LINE('',#8128,#1874);
#1417=LINE('',#8151,#1875);
#1418=LINE('',#8174,#1876);
#1419=LINE('',#8197,#1877);
#1420=LINE('',#8220,#1878);
#1421=LINE('',#8246,#1879);
#1422=LINE('',#8248,#1880);
#1423=LINE('',#8250,#1881);
#1424=LINE('',#8251,#1882);
#1425=LINE('',#8274,#1883);
#1426=LINE('',#8297,#1884);
#1427=LINE('',#8320,#1885);
#1428=LINE('',#8343,#1886);
#1429=LINE('',#8366,#1887);
#1430=LINE('',#8405,#1888);
#1431=LINE('',#8412,#1889);
#1432=LINE('',#8435,#1890);
#1433=LINE('',#8458,#1891);
#1434=LINE('',#8481,#1892);
#1435=LINE('',#8504,#1893);
#1436=LINE('',#8527,#1894);
#1437=LINE('',#8550,#1895);
#1438=LINE('',#8573,#1896);
#1439=LINE('',#8596,#1897);
#1440=LINE('',#8599,#1898);
#1441=LINE('',#8601,#1899);
#1442=LINE('',#8602,#1900);
#1443=LINE('',#8625,#1901);
#1444=LINE('',#8648,#1902);
#1445=LINE('',#8671,#1903);
#1446=LINE('',#8674,#1904);
#1447=LINE('',#8676,#1905);
#1448=LINE('',#8677,#1906);
#1449=LINE('',#8700,#1907);
#1450=LINE('',#8723,#1908);
#1451=LINE('',#8746,#1909);
#1452=LINE('',#8769,#1910);
#1453=LINE('',#8792,#1911);
#1454=LINE('',#8815,#1912);
#1455=LINE('',#8838,#1913);
#1456=LINE('',#8861,#1914);
#1457=LINE('',#8864,#1915);
#1458=LINE('',#8866,#1916);
#1459=LINE('',#8867,#1917);
#1460=LINE('',#8890,#1918);
#1461=LINE('',#8913,#1919);
#1462=LINE('',#8936,#1920);
#1463=LINE('',#8977,#1921);
#1464=LINE('',#8984,#1922);
#1465=LINE('',#9007,#1923);
#1466=LINE('',#9030,#1924);
#1467=LINE('',#9053,#1925);
#1468=LINE('',#9076,#1926);
#1469=LINE('',#9099,#1927);
#1470=LINE('',#9123,#1928);
#1471=LINE('',#9125,#1929);
#1472=LINE('',#9127,#1930);
#1473=LINE('',#9128,#1931);
#1474=LINE('',#9151,#1932);
#1475=LINE('',#9174,#1933);
#1476=LINE('',#9197,#1934);
#1477=LINE('',#9220,#1935);
#1478=LINE('',#9243,#1936);
#1479=LINE('',#9266,#1937);
#1480=LINE('',#9289,#1938);
#1481=LINE('',#9312,#1939);
#1482=LINE('',#9335,#1940);
#1483=LINE('',#9338,#1941);
#1484=LINE('',#9340,#1942);
#1485=LINE('',#9341,#1943);
#1486=LINE('',#9364,#1944);
#1487=LINE('',#9367,#1945);
#1488=LINE('',#9369,#1946);
#1489=LINE('',#9370,#1947);
#1490=LINE('',#9373,#1948);
#1491=LINE('',#9375,#1949);
#1492=LINE('',#9376,#1950);
#1493=LINE('',#9379,#1951);
#1494=LINE('',#9381,#1952);
#1495=LINE('',#9382,#1953);
#1496=LINE('',#9385,#1954);
#1497=LINE('',#9387,#1955);
#1498=LINE('',#9388,#1956);
#1499=LINE('',#9391,#1957);
#1500=LINE('',#9393,#1958);
#1501=LINE('',#9394,#1959);
#1502=LINE('',#9417,#1960);
#1503=LINE('',#9420,#1961);
#1504=LINE('',#9422,#1962);
#1505=LINE('',#9423,#1963);
#1506=LINE('',#9446,#1964);
#1507=LINE('',#9469,#1965);
#1508=LINE('',#9471,#1966);
#1509=LINE('',#9472,#1967);
#1510=LINE('',#9493,#1968);
#1511=LINE('',#9500,#1969);
#1512=LINE('',#9523,#1970);
#1513=LINE('',#9546,#1971);
#1514=LINE('',#9569,#1972);
#1515=LINE('',#9592,#1973);
#1516=LINE('',#9616,#1974);
#1517=LINE('',#9618,#1975);
#1518=LINE('',#9620,#1976);
#1519=LINE('',#9621,#1977);
#1520=LINE('',#9644,#1978);
#1521=LINE('',#9667,#1979);
#1522=LINE('',#9690,#1980);
#1523=LINE('',#9713,#1981);
#1524=LINE('',#9736,#1982);
#1525=LINE('',#9759,#1983);
#1526=LINE('',#9762,#1984);
#1527=LINE('',#9764,#1985);
#1528=LINE('',#9765,#1986);
#1529=LINE('',#9788,#1987);
#1530=LINE('',#9791,#1988);
#1531=LINE('',#9793,#1989);
#1532=LINE('',#9794,#1990);
#1533=LINE('',#9797,#1991);
#1534=LINE('',#9799,#1992);
#1535=LINE('',#9800,#1993);
#1536=LINE('',#9803,#1994);
#1537=LINE('',#9805,#1995);
#1538=LINE('',#9806,#1996);
#1539=LINE('',#9809,#1997);
#1540=LINE('',#9811,#1998);
#1541=LINE('',#9812,#1999);
#1542=LINE('',#9835,#2000);
#1543=LINE('',#9838,#2001);
#1544=LINE('',#9840,#2002);
#1545=LINE('',#9841,#2003);
#1546=LINE('',#9844,#2004);
#1547=LINE('',#9846,#2005);
#1548=LINE('',#9847,#2006);
#1549=LINE('',#9849,#2007);
#1550=LINE('',#9850,#2008);
#1551=LINE('',#9856,#2009);
#1552=LINE('',#9858,#2010);
#1553=LINE('',#9860,#2011);
#1554=LINE('',#9861,#2012);
#1555=LINE('',#9884,#2013);
#1556=LINE('',#9907,#2014);
#1557=LINE('',#9930,#2015);
#1558=LINE('',#9953,#2016);
#1559=LINE('',#9976,#2017);
#1560=LINE('',#9999,#2018);
#1561=LINE('',#10022,#2019);
#1562=LINE('',#10045,#2020);
#1563=LINE('',#10068,#2021);
#1564=LINE('',#10091,#2022);
#1565=LINE('',#10114,#2023);
#1566=LINE('',#10137,#2024);
#1567=LINE('',#10160,#2025);
#1568=LINE('',#10183,#2026);
#1569=LINE('',#10186,#2027);
#1570=LINE('',#10188,#2028);
#1571=LINE('',#10189,#2029);
#1572=LINE('',#10212,#2030);
#1573=LINE('',#10235,#2031);
#1574=LINE('',#10258,#2032);
#1575=LINE('',#10281,#2033);
#1576=LINE('',#10304,#2034);
#1577=LINE('',#10327,#2035);
#1578=LINE('',#10353,#2036);
#1579=LINE('',#10355,#2037);
#1580=LINE('',#10357,#2038);
#1581=LINE('',#10358,#2039);
#1582=LINE('',#10381,#2040);
#1583=LINE('',#10384,#2041);
#1584=LINE('',#10386,#2042);
#1585=LINE('',#10387,#2043);
#1586=LINE('',#10390,#2044);
#1587=LINE('',#10392,#2045);
#1588=LINE('',#10393,#2046);
#1589=LINE('',#10396,#2047);
#1590=LINE('',#10398,#2048);
#1591=LINE('',#10399,#2049);
#1592=LINE('',#10402,#2050);
#1593=LINE('',#10404,#2051);
#1594=LINE('',#10405,#2052);
#1595=LINE('',#10408,#2053);
#1596=LINE('',#10410,#2054);
#1597=LINE('',#10411,#2055);
#1598=LINE('',#10434,#2056);
#1599=LINE('',#10437,#2057);
#1600=LINE('',#10439,#2058);
#1601=LINE('',#10440,#2059);
#1602=LINE('',#10463,#2060);
#1603=LINE('',#10486,#2061);
#1604=LINE('',#10509,#2062);
#1605=LINE('',#10512,#2063);
#1606=LINE('',#10514,#2064);
#1607=LINE('',#10515,#2065);
#1608=LINE('',#10538,#2066);
#1609=LINE('',#10561,#2067);
#1610=LINE('',#10564,#2068);
#1611=LINE('',#10566,#2069);
#1612=LINE('',#10567,#2070);
#1613=LINE('',#10570,#2071);
#1614=LINE('',#10572,#2072);
#1615=LINE('',#10573,#2073);
#1616=LINE('',#10576,#2074);
#1617=LINE('',#10578,#2075);
#1618=LINE('',#10579,#2076);
#1619=LINE('',#10582,#2077);
#1620=LINE('',#10584,#2078);
#1621=LINE('',#10585,#2079);
#1622=LINE('',#10588,#2080);
#1623=LINE('',#10590,#2081);
#1624=LINE('',#10591,#2082);
#1625=LINE('',#10614,#2083);
#1626=LINE('',#10617,#2084);
#1627=LINE('',#10619,#2085);
#1628=LINE('',#10620,#2086);
#1629=LINE('',#10643,#2087);
#1630=LINE('',#10666,#2088);
#1631=LINE('',#10669,#2089);
#1632=LINE('',#10671,#2090);
#1633=LINE('',#10672,#2091);
#1634=LINE('',#10675,#2092);
#1635=LINE('',#10677,#2093);
#1636=LINE('',#10678,#2094);
#1637=LINE('',#10701,#2095);
#1638=LINE('',#10724,#2096);
#1639=LINE('',#10747,#2097);
#1640=LINE('',#10770,#2098);
#1641=LINE('',#10793,#2099);
#1642=LINE('',#10816,#2100);
#1643=LINE('',#10839,#2101);
#1644=LINE('',#10862,#2102);
#1645=LINE('',#10865,#2103);
#1646=LINE('',#10867,#2104);
#1647=LINE('',#10868,#2105);
#1648=LINE('',#10891,#2106);
#1649=LINE('',#10894,#2107);
#1650=LINE('',#10896,#2108);
#1651=LINE('',#10897,#2109);
#1652=LINE('',#10900,#2110);
#1653=LINE('',#10902,#2111);
#1654=LINE('',#10903,#2112);
#1655=LINE('',#10906,#2113);
#1656=LINE('',#10908,#2114);
#1657=LINE('',#10909,#2115);
#1658=LINE('',#10912,#2116);
#1659=LINE('',#10914,#2117);
#1660=LINE('',#10915,#2118);
#1661=LINE('',#10918,#2119);
#1662=LINE('',#10920,#2120);
#1663=LINE('',#10921,#2121);
#1664=LINE('',#10944,#2122);
#1665=LINE('',#10947,#2123);
#1666=LINE('',#10949,#2124);
#1667=LINE('',#10950,#2125);
#1668=LINE('',#10973,#2126);
#1669=LINE('',#10996,#2127);
#1670=LINE('',#11019,#2128);
#1671=VECTOR('',#5715,10.);
#1672=VECTOR('',#5716,10.);
#1673=VECTOR('',#5717,10.);
#1674=VECTOR('',#5718,10.);
#1675=VECTOR('',#5721,10.);
#1676=VECTOR('',#5722,10.);
#1677=VECTOR('',#5723,10.);
#1678=VECTOR('',#5726,10.);
#1679=VECTOR('',#5727,10.);
#1680=VECTOR('',#5730,10.);
#1681=VECTOR('',#5731,10.);
#1682=VECTOR('',#5732,10.);
#1683=VECTOR('',#5733,10.);
#1684=VECTOR('',#5736,10.);
#1685=VECTOR('',#5737,10.);
#1686=VECTOR('',#5738,10.);
#1687=VECTOR('',#5741,10.);
#1688=VECTOR('',#5742,10.);
#1689=VECTOR('',#5743,10.);
#1690=VECTOR('',#5744,10.);
#1691=VECTOR('',#5747,10.);
#1692=VECTOR('',#5748,10.);
#1693=VECTOR('',#5749,10.);
#1694=VECTOR('',#5752,10.);
#1695=VECTOR('',#5753,10.);
#1696=VECTOR('',#5754,10.);
#1697=VECTOR('',#5757,10.);
#1698=VECTOR('',#5758,10.);
#1699=VECTOR('',#5761,10.);
#1700=VECTOR('',#5762,10.);
#1701=VECTOR('',#5763,10.);
#1702=VECTOR('',#5766,10.);
#1703=VECTOR('',#5771,10.);
#1704=VECTOR('',#5774,10.);
#1705=VECTOR('',#5777,10.);
#1706=VECTOR('',#5780,10.);
#1707=VECTOR('',#5791,10.);
#1708=VECTOR('',#5792,10.);
#1709=VECTOR('',#5793,10.);
#1710=VECTOR('',#5794,10.);
#1711=VECTOR('',#5795,10.);
#1712=VECTOR('',#5796,10.);
#1713=VECTOR('',#5797,10.);
#1714=VECTOR('',#5798,10.);
#1715=VECTOR('',#5799,10.);
#1716=VECTOR('',#5800,10.);
#1717=VECTOR('',#5801,10.);
#1718=VECTOR('',#5802,10.);
#1719=VECTOR('',#5805,10.);
#1720=VECTOR('',#5806,10.);
#1721=VECTOR('',#5807,10.);
#1722=VECTOR('',#5810,10.);
#1723=VECTOR('',#5811,10.);
#1724=VECTOR('',#5814,10.);
#1725=VECTOR('',#5815,10.);
#1726=VECTOR('',#5818,10.);
#1727=VECTOR('',#5819,10.);
#1728=VECTOR('',#5822,10.);
#1729=VECTOR('',#5823,10.);
#1730=VECTOR('',#5824,10.);
#1731=VECTOR('',#5827,10.);
#1732=VECTOR('',#5828,10.);
#1733=VECTOR('',#5831,10.);
#1734=VECTOR('',#5832,10.);
#1735=VECTOR('',#5835,10.);
#1736=VECTOR('',#5838,10.);
#1737=VECTOR('',#5839,10.);
#1738=VECTOR('',#5842,10.);
#1739=VECTOR('',#5843,10.);
#1740=VECTOR('',#5844,10.);
#1741=VECTOR('',#5847,10.);
#1742=VECTOR('',#5848,10.);
#1743=VECTOR('',#5849,10.);
#1744=VECTOR('',#5852,10.);
#1745=VECTOR('',#5855,10.);
#1746=VECTOR('',#5860,10.);
#1747=VECTOR('',#5863,10.);
#1748=VECTOR('',#5866,10.);
#1749=VECTOR('',#5869,10.);
#1750=VECTOR('',#5870,10.);
#1751=VECTOR('',#5871,10.);
#1752=VECTOR('',#5872,10.);
#1753=VECTOR('',#5873,10.);
#1754=VECTOR('',#5886,10.);
#1755=VECTOR('',#5887,10.);
#1756=VECTOR('',#5890,10.);
#1757=VECTOR('',#5893,10.);
#1758=VECTOR('',#5898,10.);
#1759=VECTOR('',#5899,10.);
#1760=VECTOR('',#5902,10.);
#1761=VECTOR('',#5905,10.);
#1762=VECTOR('',#5908,10.);
#1763=VECTOR('',#5909,10.);
#1764=VECTOR('',#5912,10.);
#1765=VECTOR('',#5915,10.);
#1766=VECTOR('',#5924,3.5);
#1767=VECTOR('',#5927,2.);
#1768=VECTOR('',#5930,2.);
#1769=VECTOR('',#5933,2.);
#1770=VECTOR('',#5936,2.);
#1771=VECTOR('',#5943,10.);
#1772=VECTOR('',#5944,10.);
#1773=VECTOR('',#5945,10.);
#1774=VECTOR('',#5946,10.);
#1775=VECTOR('',#5947,10.);
#1776=VECTOR('',#5948,10.);
#1777=VECTOR('',#5949,10.);
#1778=VECTOR('',#5950,10.);
#1779=VECTOR('',#5951,10.);
#1780=VECTOR('',#5952,10.);
#1781=VECTOR('',#5953,10.);
#1782=VECTOR('',#5954,10.);
#1783=VECTOR('',#5955,10.);
#1784=VECTOR('',#5956,10.);
#1785=VECTOR('',#5957,10.);
#1786=VECTOR('',#5958,10.);
#1787=VECTOR('',#5959,10.);
#1788=VECTOR('',#5960,10.);
#1789=VECTOR('',#5961,10.);
#1790=VECTOR('',#5964,10.);
#1791=VECTOR('',#5965,10.);
#1792=VECTOR('',#5966,10.);
#1793=VECTOR('',#5967,10.);
#1794=VECTOR('',#5968,10.);
#1795=VECTOR('',#5969,10.);
#1796=VECTOR('',#5972,10.);
#1797=VECTOR('',#5973,10.);
#1798=VECTOR('',#5974,10.);
#1799=VECTOR('',#5975,10.);
#1800=VECTOR('',#5976,10.);
#1801=VECTOR('',#5977,10.);
#1802=VECTOR('',#5978,10.);
#1803=VECTOR('',#5979,10.);
#1804=VECTOR('',#5980,10.);
#1805=VECTOR('',#5981,10.);
#1806=VECTOR('',#5982,10.);
#1807=VECTOR('',#5985,10.);
#1808=VECTOR('',#5986,10.);
#1809=VECTOR('',#5987,10.);
#1810=VECTOR('',#5988,10.);
#1811=VECTOR('',#5989,10.);
#1812=VECTOR('',#5990,10.);
#1813=VECTOR('',#5997,10.);
#1814=VECTOR('',#5998,10.);
#1815=VECTOR('',#5999,10.);
#1816=VECTOR('',#6000,10.);
#1817=VECTOR('',#6003,9.99999999999999);
#1818=VECTOR('',#6004,9.99999999999999);
#1819=VECTOR('',#6005,10.);
#1820=VECTOR('',#6008,10.);
#1821=VECTOR('',#6009,10.);
#1822=VECTOR('',#6010,10.);
#1823=VECTOR('',#6011,10.);
#1824=VECTOR('',#6012,10.);
#1825=VECTOR('',#6013,10.);
#1826=VECTOR('',#6014,10.);
#1827=VECTOR('',#6015,10.);
#1828=VECTOR('',#6016,10.);
#1829=VECTOR('',#6017,10.);
#1830=VECTOR('',#6018,10.);
#1831=VECTOR('',#6019,10.);
#1832=VECTOR('',#6020,10.);
#1833=VECTOR('',#6021,10.);
#1834=VECTOR('',#6022,10.);
#1835=VECTOR('',#6023,10.);
#1836=VECTOR('',#6024,10.);
#1837=VECTOR('',#6027,10.);
#1838=VECTOR('',#6028,10.);
#1839=VECTOR('',#6029,10.);
#1840=VECTOR('',#6030,10.);
#1841=VECTOR('',#6033,10.);
#1842=VECTOR('',#6034,10.);
#1843=VECTOR('',#6035,10.);
#1844=VECTOR('',#6038,10.);
#1845=VECTOR('',#6039,10.);
#1846=VECTOR('',#6040,10.);
#1847=VECTOR('',#6043,10.);
#1848=VECTOR('',#6044,10.);
#1849=VECTOR('',#6045,10.);
#1850=VECTOR('',#6048,10.);
#1851=VECTOR('',#6049,10.);
#1852=VECTOR('',#6050,10.);
#1853=VECTOR('',#6053,10.);
#1854=VECTOR('',#6054,10.);
#1855=VECTOR('',#6055,10.);
#1856=VECTOR('',#6056,10.);
#1857=VECTOR('',#6059,10.);
#1858=VECTOR('',#6060,10.);
#1859=VECTOR('',#6061,10.);
#1860=VECTOR('',#6062,10.);
#1861=VECTOR('',#6065,10.);
#1862=VECTOR('',#6066,10.);
#1863=VECTOR('',#6071,10.);
#1864=VECTOR('',#6072,10.);
#1865=VECTOR('',#6073,10.);
#1866=VECTOR('',#6074,10.);
#1867=VECTOR('',#6075,10.);
#1868=VECTOR('',#6076,10.);
#1869=VECTOR('',#6077,10.);
#1870=VECTOR('',#6078,10.);
#1871=VECTOR('',#6079,10.);
#1872=VECTOR('',#6080,10.);
#1873=VECTOR('',#6081,10.);
#1874=VECTOR('',#6082,10.);
#1875=VECTOR('',#6083,10.);
#1876=VECTOR('',#6084,10.);
#1877=VECTOR('',#6085,10.);
#1878=VECTOR('',#6086,10.);
#1879=VECTOR('',#6093,10.);
#1880=VECTOR('',#6094,10.);
#1881=VECTOR('',#6095,10.);
#1882=VECTOR('',#6096,10.);
#1883=VECTOR('',#6097,10.);
#1884=VECTOR('',#6098,10.);
#1885=VECTOR('',#6099,10.);
#1886=VECTOR('',#6100,10.);
#1887=VECTOR('',#6101,10.);
#1888=VECTOR('',#6102,10.);
#1889=VECTOR('',#6103,10.);
#1890=VECTOR('',#6104,10.);
#1891=VECTOR('',#6105,10.);
#1892=VECTOR('',#6106,10.);
#1893=VECTOR('',#6107,10.);
#1894=VECTOR('',#6108,10.);
#1895=VECTOR('',#6109,10.);
#1896=VECTOR('',#6110,10.);
#1897=VECTOR('',#6111,10.);
#1898=VECTOR('',#6114,10.);
#1899=VECTOR('',#6115,10.);
#1900=VECTOR('',#6116,10.);
#1901=VECTOR('',#6117,10.);
#1902=VECTOR('',#6118,10.);
#1903=VECTOR('',#6119,10.);
#1904=VECTOR('',#6122,10.);
#1905=VECTOR('',#6123,10.);
#1906=VECTOR('',#6124,10.);
#1907=VECTOR('',#6125,10.);
#1908=VECTOR('',#6126,10.);
#1909=VECTOR('',#6127,10.);
#1910=VECTOR('',#6128,10.);
#1911=VECTOR('',#6129,10.);
#1912=VECTOR('',#6130,10.);
#1913=VECTOR('',#6131,10.);
#1914=VECTOR('',#6132,10.);
#1915=VECTOR('',#6135,10.);
#1916=VECTOR('',#6136,10.);
#1917=VECTOR('',#6137,10.);
#1918=VECTOR('',#6138,10.);
#1919=VECTOR('',#6139,10.);
#1920=VECTOR('',#6140,10.);
#1921=VECTOR('',#6145,10.);
#1922=VECTOR('',#6146,10.);
#1923=VECTOR('',#6147,10.);
#1924=VECTOR('',#6148,10.);
#1925=VECTOR('',#6149,10.);
#1926=VECTOR('',#6150,10.);
#1927=VECTOR('',#6151,10.);
#1928=VECTOR('',#6154,10.);
#1929=VECTOR('',#6155,10.);
#1930=VECTOR('',#6156,10.);
#1931=VECTOR('',#6157,10.);
#1932=VECTOR('',#6158,10.);
#1933=VECTOR('',#6159,10.);
#1934=VECTOR('',#6160,10.);
#1935=VECTOR('',#6161,10.);
#1936=VECTOR('',#6162,10.);
#1937=VECTOR('',#6163,10.);
#1938=VECTOR('',#6164,10.);
#1939=VECTOR('',#6165,10.);
#1940=VECTOR('',#6166,10.);
#1941=VECTOR('',#6169,10.);
#1942=VECTOR('',#6170,10.);
#1943=VECTOR('',#6171,10.);
#1944=VECTOR('',#6172,10.);
#1945=VECTOR('',#6175,10.);
#1946=VECTOR('',#6176,10.);
#1947=VECTOR('',#6177,10.);
#1948=VECTOR('',#6180,10.);
#1949=VECTOR('',#6181,10.);
#1950=VECTOR('',#6182,10.);
#1951=VECTOR('',#6185,10.);
#1952=VECTOR('',#6186,10.);
#1953=VECTOR('',#6187,10.);
#1954=VECTOR('',#6190,10.);
#1955=VECTOR('',#6191,10.);
#1956=VECTOR('',#6192,10.);
#1957=VECTOR('',#6195,10.);
#1958=VECTOR('',#6196,10.);
#1959=VECTOR('',#6197,10.);
#1960=VECTOR('',#6198,10.);
#1961=VECTOR('',#6201,10.);
#1962=VECTOR('',#6202,10.);
#1963=VECTOR('',#6203,10.);
#1964=VECTOR('',#6204,10.);
#1965=VECTOR('',#6205,10.);
#1966=VECTOR('',#6208,10.);
#1967=VECTOR('',#6209,10.);
#1968=VECTOR('',#6214,10.);
#1969=VECTOR('',#6215,10.);
#1970=VECTOR('',#6216,10.);
#1971=VECTOR('',#6217,10.);
#1972=VECTOR('',#6218,10.);
#1973=VECTOR('',#6219,10.);
#1974=VECTOR('',#6222,10.);
#1975=VECTOR('',#6223,10.);
#1976=VECTOR('',#6224,10.);
#1977=VECTOR('',#6225,10.);
#1978=VECTOR('',#6226,10.);
#1979=VECTOR('',#6227,10.);
#1980=VECTOR('',#6228,10.);
#1981=VECTOR('',#6229,10.);
#1982=VECTOR('',#6230,10.);
#1983=VECTOR('',#6231,10.);
#1984=VECTOR('',#6234,10.);
#1985=VECTOR('',#6235,10.);
#1986=VECTOR('',#6236,10.);
#1987=VECTOR('',#6237,10.);
#1988=VECTOR('',#6240,10.);
#1989=VECTOR('',#6241,10.);
#1990=VECTOR('',#6242,10.);
#1991=VECTOR('',#6245,10.);
#1992=VECTOR('',#6246,10.);
#1993=VECTOR('',#6247,10.);
#1994=VECTOR('',#6250,10.);
#1995=VECTOR('',#6251,10.);
#1996=VECTOR('',#6252,10.);
#1997=VECTOR('',#6255,10.);
#1998=VECTOR('',#6256,10.);
#1999=VECTOR('',#6257,10.);
#2000=VECTOR('',#6258,10.);
#2001=VECTOR('',#6261,10.);
#2002=VECTOR('',#6262,10.);
#2003=VECTOR('',#6263,10.);
#2004=VECTOR('',#6266,10.);
#2005=VECTOR('',#6267,10.);
#2006=VECTOR('',#6268,10.);
#2007=VECTOR('',#6271,10.);
#2008=VECTOR('',#6272,10.);
#2009=VECTOR('',#6279,10.);
#2010=VECTOR('',#6280,10.);
#2011=VECTOR('',#6281,10.);
#2012=VECTOR('',#6282,10.);
#2013=VECTOR('',#6283,10.);
#2014=VECTOR('',#6284,10.);
#2015=VECTOR('',#6285,10.);
#2016=VECTOR('',#6286,10.);
#2017=VECTOR('',#6287,10.);
#2018=VECTOR('',#6288,10.);
#2019=VECTOR('',#6289,10.);
#2020=VECTOR('',#6290,10.);
#2021=VECTOR('',#6291,10.);
#2022=VECTOR('',#6292,10.);
#2023=VECTOR('',#6293,10.);
#2024=VECTOR('',#6294,10.);
#2025=VECTOR('',#6295,10.);
#2026=VECTOR('',#6296,10.);
#2027=VECTOR('',#6299,10.);
#2028=VECTOR('',#6300,10.);
#2029=VECTOR('',#6301,10.);
#2030=VECTOR('',#6302,10.);
#2031=VECTOR('',#6303,10.);
#2032=VECTOR('',#6304,10.);
#2033=VECTOR('',#6305,10.);
#2034=VECTOR('',#6306,10.);
#2035=VECTOR('',#6307,10.);
#2036=VECTOR('',#6314,10.);
#2037=VECTOR('',#6315,10.);
#2038=VECTOR('',#6316,10.);
#2039=VECTOR('',#6317,10.);
#2040=VECTOR('',#6318,10.);
#2041=VECTOR('',#6321,10.);
#2042=VECTOR('',#6322,10.);
#2043=VECTOR('',#6323,10.);
#2044=VECTOR('',#6326,10.);
#2045=VECTOR('',#6327,10.);
#2046=VECTOR('',#6328,10.);
#2047=VECTOR('',#6331,10.);
#2048=VECTOR('',#6332,10.);
#2049=VECTOR('',#6333,10.);
#2050=VECTOR('',#6336,10.);
#2051=VECTOR('',#6337,10.);
#2052=VECTOR('',#6338,10.);
#2053=VECTOR('',#6341,10.);
#2054=VECTOR('',#6342,10.);
#2055=VECTOR('',#6343,10.);
#2056=VECTOR('',#6344,10.);
#2057=VECTOR('',#6347,10.);
#2058=VECTOR('',#6348,10.);
#2059=VECTOR('',#6349,10.);
#2060=VECTOR('',#6350,10.);
#2061=VECTOR('',#6351,10.);
#2062=VECTOR('',#6352,10.);
#2063=VECTOR('',#6355,10.);
#2064=VECTOR('',#6356,10.);
#2065=VECTOR('',#6357,10.);
#2066=VECTOR('',#6358,10.);
#2067=VECTOR('',#6359,10.);
#2068=VECTOR('',#6362,10.);
#2069=VECTOR('',#6363,10.);
#2070=VECTOR('',#6364,10.);
#2071=VECTOR('',#6367,10.);
#2072=VECTOR('',#6368,10.);
#2073=VECTOR('',#6369,10.);
#2074=VECTOR('',#6372,10.);
#2075=VECTOR('',#6373,10.);
#2076=VECTOR('',#6374,10.);
#2077=VECTOR('',#6377,10.);
#2078=VECTOR('',#6378,10.);
#2079=VECTOR('',#6379,10.);
#2080=VECTOR('',#6382,10.);
#2081=VECTOR('',#6383,10.);
#2082=VECTOR('',#6384,10.);
#2083=VECTOR('',#6385,10.);
#2084=VECTOR('',#6388,10.);
#2085=VECTOR('',#6389,10.);
#2086=VECTOR('',#6390,10.);
#2087=VECTOR('',#6391,10.);
#2088=VECTOR('',#6392,10.);
#2089=VECTOR('',#6395,10.);
#2090=VECTOR('',#6396,10.);
#2091=VECTOR('',#6397,10.);
#2092=VECTOR('',#6400,10.);
#2093=VECTOR('',#6401,10.);
#2094=VECTOR('',#6402,10.);
#2095=VECTOR('',#6403,10.);
#2096=VECTOR('',#6404,10.);
#2097=VECTOR('',#6405,10.);
#2098=VECTOR('',#6406,10.);
#2099=VECTOR('',#6407,10.);
#2100=VECTOR('',#6408,10.);
#2101=VECTOR('',#6409,10.);
#2102=VECTOR('',#6410,10.);
#2103=VECTOR('',#6413,10.);
#2104=VECTOR('',#6414,10.);
#2105=VECTOR('',#6415,10.);
#2106=VECTOR('',#6416,10.);
#2107=VECTOR('',#6419,10.);
#2108=VECTOR('',#6420,10.);
#2109=VECTOR('',#6421,10.);
#2110=VECTOR('',#6424,10.);
#2111=VECTOR('',#6425,10.);
#2112=VECTOR('',#6426,10.);
#2113=VECTOR('',#6429,10.);
#2114=VECTOR('',#6430,10.);
#2115=VECTOR('',#6431,10.);
#2116=VECTOR('',#6434,10.);
#2117=VECTOR('',#6435,10.);
#2118=VECTOR('',#6436,10.);
#2119=VECTOR('',#6439,10.);
#2120=VECTOR('',#6440,10.);
#2121=VECTOR('',#6441,10.);
#2122=VECTOR('',#6442,10.);
#2123=VECTOR('',#6445,10.);
#2124=VECTOR('',#6446,10.);
#2125=VECTOR('',#6447,10.);
#2126=VECTOR('',#6448,10.);
#2127=VECTOR('',#6449,10.);
#2128=VECTOR('',#6450,10.);
#2129=VERTEX_POINT('',#6457);
#2130=VERTEX_POINT('',#6458);
#2131=VERTEX_POINT('',#6460);
#2132=VERTEX_POINT('',#6462);
#2133=VERTEX_POINT('',#6466);
#2134=VERTEX_POINT('',#6468);
#2135=VERTEX_POINT('',#6472);
#2136=VERTEX_POINT('',#6476);
#2137=VERTEX_POINT('',#6478);
#2138=VERTEX_POINT('',#6480);
#2139=VERTEX_POINT('',#6484);
#2140=VERTEX_POINT('',#6486);
#2141=VERTEX_POINT('',#6490);
#2142=VERTEX_POINT('',#6491);
#2143=VERTEX_POINT('',#6493);
#2144=VERTEX_POINT('',#6495);
#2145=VERTEX_POINT('',#6499);
#2146=VERTEX_POINT('',#6501);
#2147=VERTEX_POINT('',#6505);
#2148=VERTEX_POINT('',#6507);
#2149=VERTEX_POINT('',#6514);
#2150=VERTEX_POINT('',#6516);
#2151=VERTEX_POINT('',#6522);
#2152=VERTEX_POINT('',#6523);
#2153=VERTEX_POINT('',#6525);
#2154=VERTEX_POINT('',#6527);
#2155=VERTEX_POINT('',#6529);
#2156=VERTEX_POINT('',#6531);
#2157=VERTEX_POINT('',#6533);
#2158=VERTEX_POINT('',#6535);
#2159=VERTEX_POINT('',#6538);
#2160=VERTEX_POINT('',#6540);
#2161=VERTEX_POINT('',#6542);
#2162=VERTEX_POINT('',#6544);
#2163=VERTEX_POINT('',#6546);
#2164=VERTEX_POINT('',#6548);
#2165=VERTEX_POINT('',#6550);
#2166=VERTEX_POINT('',#6552);
#2167=VERTEX_POINT('',#6554);
#2168=VERTEX_POINT('',#6556);
#2169=VERTEX_POINT('',#6558);
#2170=VERTEX_POINT('',#6560);
#2171=VERTEX_POINT('',#6562);
#2172=VERTEX_POINT('',#6564);
#2173=VERTEX_POINT('',#6566);
#2174=VERTEX_POINT('',#6568);
#2175=VERTEX_POINT('',#6572);
#2176=VERTEX_POINT('',#6574);
#2177=VERTEX_POINT('',#6578);
#2178=VERTEX_POINT('',#6582);
#2179=VERTEX_POINT('',#6586);
#2180=VERTEX_POINT('',#6590);
#2181=VERTEX_POINT('',#6592);
#2182=VERTEX_POINT('',#6596);
#2183=VERTEX_POINT('',#6600);
#2184=VERTEX_POINT('',#6606);
#2185=VERTEX_POINT('',#6610);
#2186=VERTEX_POINT('',#6611);
#2187=VERTEX_POINT('',#6616);
#2188=VERTEX_POINT('',#6618);
#2189=VERTEX_POINT('',#6626);
#2190=VERTEX_POINT('',#6627);
#2191=VERTEX_POINT('',#6629);
#2192=VERTEX_POINT('',#6631);
#2193=VERTEX_POINT('',#6633);
#2194=VERTEX_POINT('',#6635);
#2195=VERTEX_POINT('',#6637);
#2196=VERTEX_POINT('',#6639);
#2197=VERTEX_POINT('',#6642);
#2198=VERTEX_POINT('',#6643);
#2199=VERTEX_POINT('',#6645);
#2200=VERTEX_POINT('',#6647);
#2201=VERTEX_POINT('',#6650);
#2202=VERTEX_POINT('',#6652);
#2203=VERTEX_POINT('',#6654);
#2204=VERTEX_POINT('',#6656);
#2205=VERTEX_POINT('',#6658);
#2206=VERTEX_POINT('',#6683);
#2207=VERTEX_POINT('',#6699);
#2208=VERTEX_POINT('',#6700);
#2209=VERTEX_POINT('',#6702);
#2210=VERTEX_POINT('',#6704);
#2211=VERTEX_POINT('',#6717);
#2212=VERTEX_POINT('',#6723);
#2213=VERTEX_POINT('',#6740);
#2214=VERTEX_POINT('',#6746);
#2215=VERTEX_POINT('',#6763);
#2216=VERTEX_POINT('',#6769);
#2217=VERTEX_POINT('',#6786);
#2218=VERTEX_POINT('',#6792);
#2219=VERTEX_POINT('',#6809);
#2220=VERTEX_POINT('',#6815);
#2221=VERTEX_POINT('',#6852);
#2222=VERTEX_POINT('',#6853);
#2223=VERTEX_POINT('',#6859);
#2224=VERTEX_POINT('',#6861);
#2225=VERTEX_POINT('',#6878);
#2226=VERTEX_POINT('',#6884);
#2227=VERTEX_POINT('',#6901);
#2228=VERTEX_POINT('',#6907);
#2229=VERTEX_POINT('',#6924);
#2230=VERTEX_POINT('',#6930);
#2231=VERTEX_POINT('',#6947);
#2232=VERTEX_POINT('',#6953);
#2233=VERTEX_POINT('',#6970);
#2234=VERTEX_POINT('',#6976);
#2235=VERTEX_POINT('',#6993);
#2236=VERTEX_POINT('',#6999);
#2237=VERTEX_POINT('',#7016);
#2238=VERTEX_POINT('',#7022);
#2239=VERTEX_POINT('',#7039);
#2240=VERTEX_POINT('',#7045);
#2241=VERTEX_POINT('',#7053);
#2242=VERTEX_POINT('',#7055);
#2243=VERTEX_POINT('',#7068);
#2244=VERTEX_POINT('',#7074);
#2245=VERTEX_POINT('',#7091);
#2246=VERTEX_POINT('',#7097);
#2247=VERTEX_POINT('',#7114);
#2248=VERTEX_POINT('',#7120);
#2249=VERTEX_POINT('',#7128);
#2250=VERTEX_POINT('',#7130);
#2251=VERTEX_POINT('',#7143);
#2252=VERTEX_POINT('',#7149);
#2253=VERTEX_POINT('',#7166);
#2254=VERTEX_POINT('',#7172);
#2255=VERTEX_POINT('',#7189);
#2256=VERTEX_POINT('',#7195);
#2257=VERTEX_POINT('',#7212);
#2258=VERTEX_POINT('',#7218);
#2259=VERTEX_POINT('',#7235);
#2260=VERTEX_POINT('',#7241);
#2261=VERTEX_POINT('',#7258);
#2262=VERTEX_POINT('',#7264);
#2263=VERTEX_POINT('',#7281);
#2264=VERTEX_POINT('',#7287);
#2265=VERTEX_POINT('',#7304);
#2266=VERTEX_POINT('',#7310);
#2267=VERTEX_POINT('',#7318);
#2268=VERTEX_POINT('',#7320);
#2269=VERTEX_POINT('',#7333);
#2270=VERTEX_POINT('',#7339);
#2271=VERTEX_POINT('',#7356);
#2272=VERTEX_POINT('',#7362);
#2273=VERTEX_POINT('',#7379);
#2274=VERTEX_POINT('',#7385);
#2275=VERTEX_POINT('',#7415);
#2276=VERTEX_POINT('',#7416);
#2277=VERTEX_POINT('',#7418);
#2278=VERTEX_POINT('',#7420);
#2279=VERTEX_POINT('',#7424);
#2280=VERTEX_POINT('',#7426);
#2281=VERTEX_POINT('',#7430);
#2282=VERTEX_POINT('',#7432);
#2283=VERTEX_POINT('',#7445);
#2284=VERTEX_POINT('',#7451);
#2285=VERTEX_POINT('',#7468);
#2286=VERTEX_POINT('',#7474);
#2287=VERTEX_POINT('',#7491);
#2288=VERTEX_POINT('',#7497);
#2289=VERTEX_POINT('',#7514);
#2290=VERTEX_POINT('',#7520);
#2291=VERTEX_POINT('',#7537);
#2292=VERTEX_POINT('',#7543);
#2293=VERTEX_POINT('',#7560);
#2294=VERTEX_POINT('',#7566);
#2295=VERTEX_POINT('',#7583);
#2296=VERTEX_POINT('',#7589);
#2297=VERTEX_POINT('',#7606);
#2298=VERTEX_POINT('',#7612);
#2299=VERTEX_POINT('',#7629);
#2300=VERTEX_POINT('',#7635);
#2301=VERTEX_POINT('',#7652);
#2302=VERTEX_POINT('',#7658);
#2303=VERTEX_POINT('',#7675);
#2304=VERTEX_POINT('',#7681);
#2305=VERTEX_POINT('',#7698);
#2306=VERTEX_POINT('',#7704);
#2307=VERTEX_POINT('',#7721);
#2308=VERTEX_POINT('',#7727);
#2309=VERTEX_POINT('',#7744);
#2310=VERTEX_POINT('',#7750);
#2311=VERTEX_POINT('',#7758);
#2312=VERTEX_POINT('',#7760);
#2313=VERTEX_POINT('',#7773);
#2314=VERTEX_POINT('',#7779);
#2315=VERTEX_POINT('',#7787);
#2316=VERTEX_POINT('',#7789);
#2317=VERTEX_POINT('',#7793);
#2318=VERTEX_POINT('',#7795);
#2319=VERTEX_POINT('',#7799);
#2320=VERTEX_POINT('',#7801);
#2321=VERTEX_POINT('',#7805);
#2322=VERTEX_POINT('',#7807);
#2323=VERTEX_POINT('',#7811);
#2324=VERTEX_POINT('',#7813);
#2325=VERTEX_POINT('',#7826);
#2326=VERTEX_POINT('',#7832);
#2327=VERTEX_POINT('',#7840);
#2328=VERTEX_POINT('',#7842);
#2329=VERTEX_POINT('',#7855);
#2330=VERTEX_POINT('',#7861);
#2331=VERTEX_POINT('',#7883);
#2332=VERTEX_POINT('',#7884);
#2333=VERTEX_POINT('',#7890);
#2334=VERTEX_POINT('',#7892);
#2335=VERTEX_POINT('',#7909);
#2336=VERTEX_POINT('',#7915);
#2337=VERTEX_POINT('',#7932);
#2338=VERTEX_POINT('',#7938);
#2339=VERTEX_POINT('',#7955);
#2340=VERTEX_POINT('',#7961);
#2341=VERTEX_POINT('',#7978);
#2342=VERTEX_POINT('',#7984);
#2343=VERTEX_POINT('',#8001);
#2344=VERTEX_POINT('',#8007);
#2345=VERTEX_POINT('',#8024);
#2346=VERTEX_POINT('',#8030);
#2347=VERTEX_POINT('',#8067);
#2348=VERTEX_POINT('',#8068);
#2349=VERTEX_POINT('',#8074);
#2350=VERTEX_POINT('',#8076);
#2351=VERTEX_POINT('',#8093);
#2352=VERTEX_POINT('',#8099);
#2353=VERTEX_POINT('',#8116);
#2354=VERTEX_POINT('',#8122);
#2355=VERTEX_POINT('',#8139);
#2356=VERTEX_POINT('',#8145);
#2357=VERTEX_POINT('',#8162);
#2358=VERTEX_POINT('',#8168);
#2359=VERTEX_POINT('',#8185);
#2360=VERTEX_POINT('',#8191);
#2361=VERTEX_POINT('',#8208);
#2362=VERTEX_POINT('',#8214);
#2363=VERTEX_POINT('',#8244);
#2364=VERTEX_POINT('',#8245);
#2365=VERTEX_POINT('',#8247);
#2366=VERTEX_POINT('',#8249);
#2367=VERTEX_POINT('',#8262);
#2368=VERTEX_POINT('',#8268);
#2369=VERTEX_POINT('',#8285);
#2370=VERTEX_POINT('',#8291);
#2371=VERTEX_POINT('',#8308);
#2372=VERTEX_POINT('',#8314);
#2373=VERTEX_POINT('',#8331);
#2374=VERTEX_POINT('',#8337);
#2375=VERTEX_POINT('',#8354);
#2376=VERTEX_POINT('',#8360);
#2377=VERTEX_POINT('',#8397);
#2378=VERTEX_POINT('',#8398);
#2379=VERTEX_POINT('',#8404);
#2380=VERTEX_POINT('',#8406);
#2381=VERTEX_POINT('',#8423);
#2382=VERTEX_POINT('',#8429);
#2383=VERTEX_POINT('',#8446);
#2384=VERTEX_POINT('',#8452);
#2385=VERTEX_POINT('',#8469);
#2386=VERTEX_POINT('',#8475);
#2387=VERTEX_POINT('',#8492);
#2388=VERTEX_POINT('',#8498);
#2389=VERTEX_POINT('',#8515);
#2390=VERTEX_POINT('',#8521);
#2391=VERTEX_POINT('',#8538);
#2392=VERTEX_POINT('',#8544);
#2393=VERTEX_POINT('',#8561);
#2394=VERTEX_POINT('',#8567);
#2395=VERTEX_POINT('',#8584);
#2396=VERTEX_POINT('',#8590);
#2397=VERTEX_POINT('',#8598);
#2398=VERTEX_POINT('',#8600);
#2399=VERTEX_POINT('',#8613);
#2400=VERTEX_POINT('',#8619);
#2401=VERTEX_POINT('',#8636);
#2402=VERTEX_POINT('',#8642);
#2403=VERTEX_POINT('',#8659);
#2404=VERTEX_POINT('',#8665);
#2405=VERTEX_POINT('',#8673);
#2406=VERTEX_POINT('',#8675);
#2407=VERTEX_POINT('',#8688);
#2408=VERTEX_POINT('',#8694);
#2409=VERTEX_POINT('',#8711);
#2410=VERTEX_POINT('',#8717);
#2411=VERTEX_POINT('',#8734);
#2412=VERTEX_POINT('',#8740);
#2413=VERTEX_POINT('',#8757);
#2414=VERTEX_POINT('',#8763);
#2415=VERTEX_POINT('',#8780);
#2416=VERTEX_POINT('',#8786);
#2417=VERTEX_POINT('',#8803);
#2418=VERTEX_POINT('',#8809);
#2419=VERTEX_POINT('',#8826);
#2420=VERTEX_POINT('',#8832);
#2421=VERTEX_POINT('',#8849);
#2422=VERTEX_POINT('',#8855);
#2423=VERTEX_POINT('',#8863);
#2424=VERTEX_POINT('',#8865);
#2425=VERTEX_POINT('',#8878);
#2426=VERTEX_POINT('',#8884);
#2427=VERTEX_POINT('',#8901);
#2428=VERTEX_POINT('',#8907);
#2429=VERTEX_POINT('',#8924);
#2430=VERTEX_POINT('',#8930);
#2431=VERTEX_POINT('',#8969);
#2432=VERTEX_POINT('',#8970);
#2433=VERTEX_POINT('',#8976);
#2434=VERTEX_POINT('',#8978);
#2435=VERTEX_POINT('',#8995);
#2436=VERTEX_POINT('',#9001);
#2437=VERTEX_POINT('',#9018);
#2438=VERTEX_POINT('',#9024);
#2439=VERTEX_POINT('',#9041);
#2440=VERTEX_POINT('',#9047);
#2441=VERTEX_POINT('',#9064);
#2442=VERTEX_POINT('',#9070);
#2443=VERTEX_POINT('',#9087);
#2444=VERTEX_POINT('',#9093);
#2445=VERTEX_POINT('',#9121);
#2446=VERTEX_POINT('',#9122);
#2447=VERTEX_POINT('',#9124);
#2448=VERTEX_POINT('',#9126);
#2449=VERTEX_POINT('',#9139);
#2450=VERTEX_POINT('',#9145);
#2451=VERTEX_POINT('',#9162);
#2452=VERTEX_POINT('',#9168);
#2453=VERTEX_POINT('',#9185);
#2454=VERTEX_POINT('',#9191);
#2455=VERTEX_POINT('',#9208);
#2456=VERTEX_POINT('',#9214);
#2457=VERTEX_POINT('',#9231);
#2458=VERTEX_POINT('',#9237);
#2459=VERTEX_POINT('',#9254);
#2460=VERTEX_POINT('',#9260);
#2461=VERTEX_POINT('',#9277);
#2462=VERTEX_POINT('',#9283);
#2463=VERTEX_POINT('',#9300);
#2464=VERTEX_POINT('',#9306);
#2465=VERTEX_POINT('',#9323);
#2466=VERTEX_POINT('',#9329);
#2467=VERTEX_POINT('',#9337);
#2468=VERTEX_POINT('',#9339);
#2469=VERTEX_POINT('',#9352);
#2470=VERTEX_POINT('',#9358);
#2471=VERTEX_POINT('',#9366);
#2472=VERTEX_POINT('',#9368);
#2473=VERTEX_POINT('',#9372);
#2474=VERTEX_POINT('',#9374);
#2475=VERTEX_POINT('',#9378);
#2476=VERTEX_POINT('',#9380);
#2477=VERTEX_POINT('',#9384);
#2478=VERTEX_POINT('',#9386);
#2479=VERTEX_POINT('',#9390);
#2480=VERTEX_POINT('',#9392);
#2481=VERTEX_POINT('',#9405);
#2482=VERTEX_POINT('',#9411);
#2483=VERTEX_POINT('',#9419);
#2484=VERTEX_POINT('',#9421);
#2485=VERTEX_POINT('',#9434);
#2486=VERTEX_POINT('',#9440);
#2487=VERTEX_POINT('',#9457);
#2488=VERTEX_POINT('',#9463);
#2489=VERTEX_POINT('',#9485);
#2490=VERTEX_POINT('',#9486);
#2491=VERTEX_POINT('',#9492);
#2492=VERTEX_POINT('',#9494);
#2493=VERTEX_POINT('',#9511);
#2494=VERTEX_POINT('',#9517);
#2495=VERTEX_POINT('',#9534);
#2496=VERTEX_POINT('',#9540);
#2497=VERTEX_POINT('',#9557);
#2498=VERTEX_POINT('',#9563);
#2499=VERTEX_POINT('',#9580);
#2500=VERTEX_POINT('',#9586);
#2501=VERTEX_POINT('',#9614);
#2502=VERTEX_POINT('',#9615);
#2503=VERTEX_POINT('',#9617);
#2504=VERTEX_POINT('',#9619);
#2505=VERTEX_POINT('',#9632);
#2506=VERTEX_POINT('',#9638);
#2507=VERTEX_POINT('',#9655);
#2508=VERTEX_POINT('',#9661);
#2509=VERTEX_POINT('',#9678);
#2510=VERTEX_POINT('',#9684);
#2511=VERTEX_POINT('',#9701);
#2512=VERTEX_POINT('',#9707);
#2513=VERTEX_POINT('',#9724);
#2514=VERTEX_POINT('',#9730);
#2515=VERTEX_POINT('',#9747);
#2516=VERTEX_POINT('',#9753);
#2517=VERTEX_POINT('',#9761);
#2518=VERTEX_POINT('',#9763);
#2519=VERTEX_POINT('',#9776);
#2520=VERTEX_POINT('',#9782);
#2521=VERTEX_POINT('',#9790);
#2522=VERTEX_POINT('',#9792);
#2523=VERTEX_POINT('',#9796);
#2524=VERTEX_POINT('',#9798);
#2525=VERTEX_POINT('',#9802);
#2526=VERTEX_POINT('',#9804);
#2527=VERTEX_POINT('',#9808);
#2528=VERTEX_POINT('',#9810);
#2529=VERTEX_POINT('',#9823);
#2530=VERTEX_POINT('',#9829);
#2531=VERTEX_POINT('',#9837);
#2532=VERTEX_POINT('',#9839);
#2533=VERTEX_POINT('',#9843);
#2534=VERTEX_POINT('',#9845);
#2535=VERTEX_POINT('',#9854);
#2536=VERTEX_POINT('',#9855);
#2537=VERTEX_POINT('',#9857);
#2538=VERTEX_POINT('',#9859);
#2539=VERTEX_POINT('',#9872);
#2540=VERTEX_POINT('',#9878);
#2541=VERTEX_POINT('',#9895);
#2542=VERTEX_POINT('',#9901);
#2543=VERTEX_POINT('',#9918);
#2544=VERTEX_POINT('',#9924);
#2545=VERTEX_POINT('',#9941);
#2546=VERTEX_POINT('',#9947);
#2547=VERTEX_POINT('',#9964);
#2548=VERTEX_POINT('',#9970);
#2549=VERTEX_POINT('',#9987);
#2550=VERTEX_POINT('',#9993);
#2551=VERTEX_POINT('',#10010);
#2552=VERTEX_POINT('',#10016);
#2553=VERTEX_POINT('',#10033);
#2554=VERTEX_POINT('',#10039);
#2555=VERTEX_POINT('',#10056);
#2556=VERTEX_POINT('',#10062);
#2557=VERTEX_POINT('',#10079);
#2558=VERTEX_POINT('',#10085);
#2559=VERTEX_POINT('',#10102);
#2560=VERTEX_POINT('',#10108);
#2561=VERTEX_POINT('',#10125);
#2562=VERTEX_POINT('',#10131);
#2563=VERTEX_POINT('',#10148);
#2564=VERTEX_POINT('',#10154);
#2565=VERTEX_POINT('',#10171);
#2566=VERTEX_POINT('',#10177);
#2567=VERTEX_POINT('',#10185);
#2568=VERTEX_POINT('',#10187);
#2569=VERTEX_POINT('',#10200);
#2570=VERTEX_POINT('',#10206);
#2571=VERTEX_POINT('',#10223);
#2572=VERTEX_POINT('',#10229);
#2573=VERTEX_POINT('',#10246);
#2574=VERTEX_POINT('',#10252);
#2575=VERTEX_POINT('',#10269);
#2576=VERTEX_POINT('',#10275);
#2577=VERTEX_POINT('',#10292);
#2578=VERTEX_POINT('',#10298);
#2579=VERTEX_POINT('',#10315);
#2580=VERTEX_POINT('',#10321);
#2581=VERTEX_POINT('',#10351);
#2582=VERTEX_POINT('',#10352);
#2583=VERTEX_POINT('',#10354);
#2584=VERTEX_POINT('',#10356);
#2585=VERTEX_POINT('',#10369);
#2586=VERTEX_POINT('',#10375);
#2587=VERTEX_POINT('',#10383);
#2588=VERTEX_POINT('',#10385);
#2589=VERTEX_POINT('',#10389);
#2590=VERTEX_POINT('',#10391);
#2591=VERTEX_POINT('',#10395);
#2592=VERTEX_POINT('',#10397);
#2593=VERTEX_POINT('',#10401);
#2594=VERTEX_POINT('',#10403);
#2595=VERTEX_POINT('',#10407);
#2596=VERTEX_POINT('',#10409);
#2597=VERTEX_POINT('',#10422);
#2598=VERTEX_POINT('',#10428);
#2599=VERTEX_POINT('',#10436);
#2600=VERTEX_POINT('',#10438);
#2601=VERTEX_POINT('',#10451);
#2602=VERTEX_POINT('',#10457);
#2603=VERTEX_POINT('',#10474);
#2604=VERTEX_POINT('',#10480);
#2605=VERTEX_POINT('',#10497);
#2606=VERTEX_POINT('',#10503);
#2607=VERTEX_POINT('',#10511);
#2608=VERTEX_POINT('',#10513);
#2609=VERTEX_POINT('',#10526);
#2610=VERTEX_POINT('',#10532);
#2611=VERTEX_POINT('',#10549);
#2612=VERTEX_POINT('',#10555);
#2613=VERTEX_POINT('',#10563);
#2614=VERTEX_POINT('',#10565);
#2615=VERTEX_POINT('',#10569);
#2616=VERTEX_POINT('',#10571);
#2617=VERTEX_POINT('',#10575);
#2618=VERTEX_POINT('',#10577);
#2619=VERTEX_POINT('',#10581);
#2620=VERTEX_POINT('',#10583);
#2621=VERTEX_POINT('',#10587);
#2622=VERTEX_POINT('',#10589);
#2623=VERTEX_POINT('',#10602);
#2624=VERTEX_POINT('',#10608);
#2625=VERTEX_POINT('',#10616);
#2626=VERTEX_POINT('',#10618);
#2627=VERTEX_POINT('',#10631);
#2628=VERTEX_POINT('',#10637);
#2629=VERTEX_POINT('',#10654);
#2630=VERTEX_POINT('',#10660);
#2631=VERTEX_POINT('',#10668);
#2632=VERTEX_POINT('',#10670);
#2633=VERTEX_POINT('',#10674);
#2634=VERTEX_POINT('',#10676);
#2635=VERTEX_POINT('',#10689);
#2636=VERTEX_POINT('',#10695);
#2637=VERTEX_POINT('',#10712);
#2638=VERTEX_POINT('',#10718);
#2639=VERTEX_POINT('',#10735);
#2640=VERTEX_POINT('',#10741);
#2641=VERTEX_POINT('',#10758);
#2642=VERTEX_POINT('',#10764);
#2643=VERTEX_POINT('',#10781);
#2644=VERTEX_POINT('',#10787);
#2645=VERTEX_POINT('',#10804);
#2646=VERTEX_POINT('',#10810);
#2647=VERTEX_POINT('',#10827);
#2648=VERTEX_POINT('',#10833);
#2649=VERTEX_POINT('',#10850);
#2650=VERTEX_POINT('',#10856);
#2651=VERTEX_POINT('',#10864);
#2652=VERTEX_POINT('',#10866);
#2653=VERTEX_POINT('',#10879);
#2654=VERTEX_POINT('',#10885);
#2655=VERTEX_POINT('',#10893);
#2656=VERTEX_POINT('',#10895);
#2657=VERTEX_POINT('',#10899);
#2658=VERTEX_POINT('',#10901);
#2659=VERTEX_POINT('',#10905);
#2660=VERTEX_POINT('',#10907);
#2661=VERTEX_POINT('',#10911);
#2662=VERTEX_POINT('',#10913);
#2663=VERTEX_POINT('',#10917);
#2664=VERTEX_POINT('',#10919);
#2665=VERTEX_POINT('',#10932);
#2666=VERTEX_POINT('',#10938);
#2667=VERTEX_POINT('',#10946);
#2668=VERTEX_POINT('',#10948);
#2669=VERTEX_POINT('',#10961);
#2670=VERTEX_POINT('',#10967);
#2671=VERTEX_POINT('',#10984);
#2672=VERTEX_POINT('',#10990);
#2673=VERTEX_POINT('',#11007);
#2674=VERTEX_POINT('',#11013);
#2675=EDGE_CURVE('',#2129,#2130,#1213,.T.);
#2676=EDGE_CURVE('',#2129,#2131,#1214,.T.);
#2677=EDGE_CURVE('',#2132,#2131,#1215,.T.);
#2678=EDGE_CURVE('',#2130,#2132,#1216,.T.);
#2679=EDGE_CURVE('',#2130,#2133,#1217,.T.);
#2680=EDGE_CURVE('',#2134,#2132,#1218,.T.);
#2681=EDGE_CURVE('',#2133,#2134,#1219,.T.);
#2682=EDGE_CURVE('',#2131,#2135,#1220,.T.);
#2683=EDGE_CURVE('',#2135,#2134,#1221,.T.);
#2684=EDGE_CURVE('',#2136,#2129,#1222,.T.);
#2685=EDGE_CURVE('',#2137,#2136,#1223,.T.);
#2686=EDGE_CURVE('',#2138,#2137,#1224,.T.);
#2687=EDGE_CURVE('',#2138,#2135,#1225,.T.);
#2688=EDGE_CURVE('',#2139,#2138,#1226,.T.);
#2689=EDGE_CURVE('',#2139,#2140,#1227,.T.);
#2690=EDGE_CURVE('',#2133,#2140,#1228,.T.);
#2691=EDGE_CURVE('',#2141,#2142,#1229,.T.);
#2692=EDGE_CURVE('',#2142,#2143,#1230,.T.);
#2693=EDGE_CURVE('',#2144,#2143,#1231,.T.);
#2694=EDGE_CURVE('',#2141,#2144,#1232,.T.);
#2695=EDGE_CURVE('',#2145,#2141,#1233,.T.);
#2696=EDGE_CURVE('',#2146,#2144,#1234,.T.);
#2697=EDGE_CURVE('',#2145,#2146,#1235,.T.);
#2698=EDGE_CURVE('',#2147,#2145,#1236,.T.);
#2699=EDGE_CURVE('',#2148,#2146,#1237,.T.);
#2700=EDGE_CURVE('',#2147,#2148,#1238,.T.);
#2701=EDGE_CURVE('',#2142,#2147,#1239,.T.);
#2702=EDGE_CURVE('',#2143,#2148,#1240,.T.);
#2703=EDGE_CURVE('',#2149,#2139,#1241,.T.);
#2704=EDGE_CURVE('',#2150,#2149,#1242,.T.);
#2705=EDGE_CURVE('',#2140,#2150,#1243,.T.);
#2706=EDGE_CURVE('',#2136,#2150,#1244,.T.);
#2707=EDGE_CURVE('',#2151,#2152,#557,.T.);
#2708=EDGE_CURVE('',#2151,#2153,#1245,.T.);
#2709=EDGE_CURVE('',#2154,#2153,#558,.T.);
#2710=EDGE_CURVE('',#2154,#2155,#1246,.T.);
#2711=EDGE_CURVE('',#2156,#2155,#559,.T.);
#2712=EDGE_CURVE('',#2156,#2157,#1247,.T.);
#2713=EDGE_CURVE('',#2158,#2157,#560,.T.);
#2714=EDGE_CURVE('',#2158,#2152,#1248,.T.);
#2715=EDGE_CURVE('',#2159,#2159,#561,.T.);
#2716=EDGE_CURVE('',#2160,#2160,#562,.T.);
#2717=EDGE_CURVE('',#2161,#2161,#563,.T.);
#2718=EDGE_CURVE('',#2162,#2162,#564,.T.);
#2719=EDGE_CURVE('',#2163,#2163,#565,.T.);
#2720=EDGE_CURVE('',#2137,#2164,#1249,.T.);
#2721=EDGE_CURVE('',#2164,#2165,#1250,.T.);
#2722=EDGE_CURVE('',#2165,#2166,#1251,.T.);
#2723=EDGE_CURVE('',#2166,#2167,#1252,.T.);
#2724=EDGE_CURVE('',#2167,#2168,#1253,.T.);
#2725=EDGE_CURVE('',#2168,#2169,#1254,.T.);
#2726=EDGE_CURVE('',#2169,#2170,#1255,.T.);
#2727=EDGE_CURVE('',#2170,#2171,#1256,.T.);
#2728=EDGE_CURVE('',#2171,#2172,#1257,.T.);
#2729=EDGE_CURVE('',#2172,#2173,#1258,.T.);
#2730=EDGE_CURVE('',#2173,#2174,#1259,.T.);
#2731=EDGE_CURVE('',#2174,#2149,#1260,.T.);
#2732=EDGE_CURVE('',#2164,#2175,#1261,.T.);
#2733=EDGE_CURVE('',#2176,#2175,#1262,.T.);
#2734=EDGE_CURVE('',#2165,#2176,#1263,.T.);
#2735=EDGE_CURVE('',#2177,#2176,#1264,.T.);
#2736=EDGE_CURVE('',#2166,#2177,#1265,.T.);
#2737=EDGE_CURVE('',#2178,#2177,#1266,.T.);
#2738=EDGE_CURVE('',#2167,#2178,#1267,.T.);
#2739=EDGE_CURVE('',#2179,#2178,#1268,.T.);
#2740=EDGE_CURVE('',#2168,#2179,#1269,.T.);
#2741=EDGE_CURVE('',#2171,#2180,#1270,.T.);
#2742=EDGE_CURVE('',#2181,#2180,#1271,.T.);
#2743=EDGE_CURVE('',#2172,#2181,#1272,.T.);
#2744=EDGE_CURVE('',#2182,#2181,#1273,.T.);
#2745=EDGE_CURVE('',#2173,#2182,#1274,.T.);
#2746=EDGE_CURVE('',#2183,#2182,#1275,.T.);
#2747=EDGE_CURVE('',#2174,#2183,#1276,.T.);
#2748=EDGE_CURVE('',#2175,#2183,#1277,.T.);
#2749=EDGE_CURVE('',#2180,#2184,#1278,.T.);
#2750=EDGE_CURVE('',#2184,#2179,#1279,.T.);
#2751=EDGE_CURVE('',#2185,#2186,#1280,.T.);
#2752=EDGE_CURVE('',#2186,#2145,#1281,.T.);
#2753=EDGE_CURVE('',#2147,#2185,#1282,.T.);
#2754=EDGE_CURVE('',#2141,#2187,#1283,.T.);
#2755=EDGE_CURVE('',#2187,#2188,#1284,.T.);
#2756=EDGE_CURVE('',#2142,#2188,#1285,.T.);
#2757=EDGE_CURVE('',#2186,#2187,#1286,.T.);
#2758=EDGE_CURVE('',#2188,#2185,#1287,.T.);
#2759=EDGE_CURVE('',#2189,#2190,#566,.T.);
#2760=EDGE_CURVE('',#2189,#2191,#1288,.T.);
#2761=EDGE_CURVE('',#2192,#2191,#567,.T.);
#2762=EDGE_CURVE('',#2192,#2193,#1289,.T.);
#2763=EDGE_CURVE('',#2194,#2193,#568,.T.);
#2764=EDGE_CURVE('',#2194,#2195,#1290,.T.);
#2765=EDGE_CURVE('',#2196,#2195,#569,.T.);
#2766=EDGE_CURVE('',#2196,#2190,#1291,.T.);
#2767=EDGE_CURVE('',#2197,#2198,#1292,.T.);
#2768=EDGE_CURVE('',#2198,#2199,#1293,.T.);
#2769=EDGE_CURVE('',#2199,#2200,#1294,.T.);
#2770=EDGE_CURVE('',#2200,#2197,#1295,.T.);
#2771=EDGE_CURVE('',#2201,#2201,#570,.T.);
#2772=EDGE_CURVE('',#2202,#2202,#571,.T.);
#2773=EDGE_CURVE('',#2203,#2203,#572,.T.);
#2774=EDGE_CURVE('',#2204,#2204,#573,.T.);
#2775=EDGE_CURVE('',#2205,#2205,#574,.T.);
#2776=EDGE_CURVE('',#2200,#2170,#1296,.T.);
#2777=EDGE_CURVE('',#2199,#2171,#1297,.T.);
#2778=EDGE_CURVE('',#2198,#2184,#1298,.T.);
#2779=EDGE_CURVE('',#2197,#2169,#1299,.T.);
#2780=EDGE_CURVE('',#2190,#2151,#1300,.T.);
#2781=EDGE_CURVE('',#2152,#2189,#1301,.T.);
#2782=EDGE_CURVE('',#2191,#2158,#1302,.T.);
#2783=EDGE_CURVE('',#2157,#2192,#1303,.T.);
#2784=EDGE_CURVE('',#2193,#2156,#1304,.T.);
#2785=EDGE_CURVE('',#2155,#2194,#1305,.T.);
#2786=EDGE_CURVE('',#2195,#2154,#1306,.T.);
#2787=EDGE_CURVE('',#2153,#2196,#1307,.T.);
#2788=EDGE_CURVE('',#2205,#2206,#575,.T.);
#2789=EDGE_CURVE('',#2206,#2206,#576,.T.);
#2790=EDGE_CURVE('',#2206,#2159,#1308,.T.);
#2791=EDGE_CURVE('',#2160,#2204,#1309,.T.);
#2792=EDGE_CURVE('',#2161,#2203,#1310,.T.);
#2793=EDGE_CURVE('',#2162,#2202,#1311,.T.);
#2794=EDGE_CURVE('',#2163,#2201,#1312,.T.);
#2795=EDGE_CURVE('',#2207,#2208,#1313,.T.);
#2796=EDGE_CURVE('',#2207,#2209,#1314,.T.);
#2797=EDGE_CURVE('',#2210,#2209,#1315,.T.);
#2798=EDGE_CURVE('',#2208,#2210,#1316,.T.);
#2799=EDGE_CURVE('',#2208,#2211,#13,.T.);
#2800=EDGE_CURVE('',#2212,#2210,#14,.T.);
#2801=EDGE_CURVE('',#2211,#2212,#1317,.T.);
#2802=EDGE_CURVE('',#2211,#2213,#15,.T.);
#2803=EDGE_CURVE('',#2214,#2212,#16,.T.);
#2804=EDGE_CURVE('',#2213,#2214,#1318,.T.);
#2805=EDGE_CURVE('',#2213,#2215,#17,.T.);
#2806=EDGE_CURVE('',#2216,#2214,#18,.T.);
#2807=EDGE_CURVE('',#2215,#2216,#1319,.T.);
#2808=EDGE_CURVE('',#2215,#2217,#19,.T.);
#2809=EDGE_CURVE('',#2218,#2216,#20,.T.);
#2810=EDGE_CURVE('',#2217,#2218,#1320,.T.);
#2811=EDGE_CURVE('',#2217,#2219,#21,.T.);
#2812=EDGE_CURVE('',#2220,#2218,#22,.T.);
#2813=EDGE_CURVE('',#2219,#2220,#1321,.T.);
#2814=EDGE_CURVE('',#2219,#2207,#23,.T.);
#2815=EDGE_CURVE('',#2209,#2220,#24,.T.);
#2816=EDGE_CURVE('',#2221,#2222,#25,.T.);
#2817=EDGE_CURVE('',#2221,#2223,#1322,.T.);
#2818=EDGE_CURVE('',#2224,#2223,#26,.T.);
#2819=EDGE_CURVE('',#2222,#2224,#1323,.T.);
#2820=EDGE_CURVE('',#2222,#2225,#27,.T.);
#2821=EDGE_CURVE('',#2226,#2224,#28,.T.);
#2822=EDGE_CURVE('',#2225,#2226,#1324,.T.);
#2823=EDGE_CURVE('',#2225,#2227,#29,.T.);
#2824=EDGE_CURVE('',#2228,#2226,#30,.T.);
#2825=EDGE_CURVE('',#2227,#2228,#1325,.T.);
#2826=EDGE_CURVE('',#2227,#2229,#31,.T.);
#2827=EDGE_CURVE('',#2230,#2228,#32,.T.);
#2828=EDGE_CURVE('',#2229,#2230,#1326,.T.);
#2829=EDGE_CURVE('',#2229,#2231,#33,.T.);
#2830=EDGE_CURVE('',#2232,#2230,#34,.T.);
#2831=EDGE_CURVE('',#2231,#2232,#1327,.T.);
#2832=EDGE_CURVE('',#2231,#2233,#35,.T.);
#2833=EDGE_CURVE('',#2234,#2232,#36,.T.);
#2834=EDGE_CURVE('',#2233,#2234,#1328,.T.);
#2835=EDGE_CURVE('',#2233,#2235,#37,.T.);
#2836=EDGE_CURVE('',#2236,#2234,#38,.T.);
#2837=EDGE_CURVE('',#2235,#2236,#1329,.T.);
#2838=EDGE_CURVE('',#2235,#2237,#39,.T.);
#2839=EDGE_CURVE('',#2238,#2236,#40,.T.);
#2840=EDGE_CURVE('',#2237,#2238,#1330,.T.);
#2841=EDGE_CURVE('',#2237,#2239,#41,.T.);
#2842=EDGE_CURVE('',#2240,#2238,#42,.T.);
#2843=EDGE_CURVE('',#2239,#2240,#1331,.T.);
#2844=EDGE_CURVE('',#2239,#2241,#1332,.T.);
#2845=EDGE_CURVE('',#2242,#2240,#1333,.T.);
#2846=EDGE_CURVE('',#2241,#2242,#1334,.T.);
#2847=EDGE_CURVE('',#2241,#2243,#43,.T.);
#2848=EDGE_CURVE('',#2244,#2242,#44,.T.);
#2849=EDGE_CURVE('',#2243,#2244,#1335,.T.);
#2850=EDGE_CURVE('',#2243,#2245,#45,.T.);
#2851=EDGE_CURVE('',#2246,#2244,#46,.T.);
#2852=EDGE_CURVE('',#2245,#2246,#1336,.T.);
#2853=EDGE_CURVE('',#2245,#2247,#47,.T.);
#2854=EDGE_CURVE('',#2248,#2246,#48,.T.);
#2855=EDGE_CURVE('',#2247,#2248,#1337,.T.);
#2856=EDGE_CURVE('',#2247,#2249,#1338,.T.);
#2857=EDGE_CURVE('',#2250,#2248,#1339,.T.);
#2858=EDGE_CURVE('',#2249,#2250,#1340,.T.);
#2859=EDGE_CURVE('',#2249,#2251,#49,.T.);
#2860=EDGE_CURVE('',#2252,#2250,#50,.T.);
#2861=EDGE_CURVE('',#2251,#2252,#1341,.T.);
#2862=EDGE_CURVE('',#2251,#2253,#51,.T.);
#2863=EDGE_CURVE('',#2254,#2252,#52,.T.);
#2864=EDGE_CURVE('',#2253,#2254,#1342,.T.);
#2865=EDGE_CURVE('',#2253,#2255,#53,.T.);
#2866=EDGE_CURVE('',#2256,#2254,#54,.T.);
#2867=EDGE_CURVE('',#2255,#2256,#1343,.T.);
#2868=EDGE_CURVE('',#2255,#2257,#55,.T.);
#2869=EDGE_CURVE('',#2258,#2256,#56,.T.);
#2870=EDGE_CURVE('',#2257,#2258,#1344,.T.);
#2871=EDGE_CURVE('',#2257,#2259,#57,.T.);
#2872=EDGE_CURVE('',#2260,#2258,#58,.T.);
#2873=EDGE_CURVE('',#2259,#2260,#1345,.T.);
#2874=EDGE_CURVE('',#2259,#2261,#59,.T.);
#2875=EDGE_CURVE('',#2262,#2260,#60,.T.);
#2876=EDGE_CURVE('',#2261,#2262,#1346,.T.);
#2877=EDGE_CURVE('',#2261,#2263,#61,.T.);
#2878=EDGE_CURVE('',#2264,#2262,#62,.T.);
#2879=EDGE_CURVE('',#2263,#2264,#1347,.T.);
#2880=EDGE_CURVE('',#2263,#2265,#63,.T.);
#2881=EDGE_CURVE('',#2266,#2264,#64,.T.);
#2882=EDGE_CURVE('',#2265,#2266,#1348,.T.);
#2883=EDGE_CURVE('',#2265,#2267,#1349,.T.);
#2884=EDGE_CURVE('',#2268,#2266,#1350,.T.);
#2885=EDGE_CURVE('',#2267,#2268,#1351,.T.);
#2886=EDGE_CURVE('',#2267,#2269,#65,.T.);
#2887=EDGE_CURVE('',#2270,#2268,#66,.T.);
#2888=EDGE_CURVE('',#2269,#2270,#1352,.T.);
#2889=EDGE_CURVE('',#2269,#2271,#67,.T.);
#2890=EDGE_CURVE('',#2272,#2270,#68,.T.);
#2891=EDGE_CURVE('',#2271,#2272,#1353,.T.);
#2892=EDGE_CURVE('',#2271,#2273,#69,.T.);
#2893=EDGE_CURVE('',#2274,#2272,#70,.T.);
#2894=EDGE_CURVE('',#2273,#2274,#1354,.T.);
#2895=EDGE_CURVE('',#2273,#2221,#71,.T.);
#2896=EDGE_CURVE('',#2223,#2274,#72,.T.);
#2897=EDGE_CURVE('',#2275,#2276,#1355,.T.);
#2898=EDGE_CURVE('',#2275,#2277,#1356,.T.);
#2899=EDGE_CURVE('',#2278,#2277,#1357,.T.);
#2900=EDGE_CURVE('',#2276,#2278,#1358,.T.);
#2901=EDGE_CURVE('',#2276,#2279,#1359,.T.);
#2902=EDGE_CURVE('',#2280,#2278,#1360,.T.);
#2903=EDGE_CURVE('',#2279,#2280,#1361,.T.);
#2904=EDGE_CURVE('',#2279,#2281,#1362,.T.);
#2905=EDGE_CURVE('',#2282,#2280,#1363,.T.);
#2906=EDGE_CURVE('',#2281,#2282,#1364,.T.);
#2907=EDGE_CURVE('',#2281,#2283,#73,.T.);
#2908=EDGE_CURVE('',#2284,#2282,#74,.T.);
#2909=EDGE_CURVE('',#2283,#2284,#1365,.T.);
#2910=EDGE_CURVE('',#2283,#2285,#75,.T.);
#2911=EDGE_CURVE('',#2286,#2284,#76,.T.);
#2912=EDGE_CURVE('',#2285,#2286,#1366,.T.);
#2913=EDGE_CURVE('',#2285,#2287,#77,.T.);
#2914=EDGE_CURVE('',#2288,#2286,#78,.T.);
#2915=EDGE_CURVE('',#2287,#2288,#1367,.T.);
#2916=EDGE_CURVE('',#2287,#2289,#79,.T.);
#2917=EDGE_CURVE('',#2290,#2288,#80,.T.);
#2918=EDGE_CURVE('',#2289,#2290,#1368,.T.);
#2919=EDGE_CURVE('',#2289,#2291,#81,.T.);
#2920=EDGE_CURVE('',#2292,#2290,#82,.T.);
#2921=EDGE_CURVE('',#2291,#2292,#1369,.T.);
#2922=EDGE_CURVE('',#2291,#2293,#83,.T.);
#2923=EDGE_CURVE('',#2294,#2292,#84,.T.);
#2924=EDGE_CURVE('',#2293,#2294,#1370,.T.);
#2925=EDGE_CURVE('',#2293,#2295,#85,.T.);
#2926=EDGE_CURVE('',#2296,#2294,#86,.T.);
#2927=EDGE_CURVE('',#2295,#2296,#1371,.T.);
#2928=EDGE_CURVE('',#2295,#2297,#87,.T.);
#2929=EDGE_CURVE('',#2298,#2296,#88,.T.);
#2930=EDGE_CURVE('',#2297,#2298,#1372,.T.);
#2931=EDGE_CURVE('',#2297,#2299,#89,.T.);
#2932=EDGE_CURVE('',#2300,#2298,#90,.T.);
#2933=EDGE_CURVE('',#2299,#2300,#1373,.T.);
#2934=EDGE_CURVE('',#2299,#2301,#91,.T.);
#2935=EDGE_CURVE('',#2302,#2300,#92,.T.);
#2936=EDGE_CURVE('',#2301,#2302,#1374,.T.);
#2937=EDGE_CURVE('',#2301,#2303,#93,.T.);
#2938=EDGE_CURVE('',#2304,#2302,#94,.T.);
#2939=EDGE_CURVE('',#2303,#2304,#1375,.T.);
#2940=EDGE_CURVE('',#2303,#2305,#95,.T.);
#2941=EDGE_CURVE('',#2306,#2304,#96,.T.);
#2942=EDGE_CURVE('',#2305,#2306,#1376,.T.);
#2943=EDGE_CURVE('',#2305,#2307,#97,.T.);
#2944=EDGE_CURVE('',#2308,#2306,#98,.T.);
#2945=EDGE_CURVE('',#2307,#2308,#1377,.T.);
#2946=EDGE_CURVE('',#2307,#2309,#99,.T.);
#2947=EDGE_CURVE('',#2310,#2308,#100,.T.);
#2948=EDGE_CURVE('',#2309,#2310,#1378,.T.);
#2949=EDGE_CURVE('',#2309,#2311,#1379,.T.);
#2950=EDGE_CURVE('',#2312,#2310,#1380,.T.);
#2951=EDGE_CURVE('',#2311,#2312,#1381,.T.);
#2952=EDGE_CURVE('',#2311,#2313,#101,.T.);
#2953=EDGE_CURVE('',#2314,#2312,#102,.T.);
#2954=EDGE_CURVE('',#2313,#2314,#1382,.T.);
#2955=EDGE_CURVE('',#2313,#2315,#1383,.T.);
#2956=EDGE_CURVE('',#2316,#2314,#1384,.T.);
#2957=EDGE_CURVE('',#2315,#2316,#1385,.T.);
#2958=EDGE_CURVE('',#2315,#2317,#1386,.T.);
#2959=EDGE_CURVE('',#2318,#2316,#1387,.T.);
#2960=EDGE_CURVE('',#2317,#2318,#1388,.T.);
#2961=EDGE_CURVE('',#2317,#2319,#1389,.T.);
#2962=EDGE_CURVE('',#2320,#2318,#1390,.T.);
#2963=EDGE_CURVE('',#2319,#2320,#1391,.T.);
#2964=EDGE_CURVE('',#2319,#2321,#1392,.T.);
#2965=EDGE_CURVE('',#2322,#2320,#1393,.T.);
#2966=EDGE_CURVE('',#2321,#2322,#1394,.T.);
#2967=EDGE_CURVE('',#2321,#2323,#1395,.T.);
#2968=EDGE_CURVE('',#2324,#2322,#1396,.T.);
#2969=EDGE_CURVE('',#2323,#2324,#1397,.T.);
#2970=EDGE_CURVE('',#2323,#2325,#103,.T.);
#2971=EDGE_CURVE('',#2326,#2324,#104,.T.);
#2972=EDGE_CURVE('',#2325,#2326,#1398,.T.);
#2973=EDGE_CURVE('',#2325,#2327,#1399,.T.);
#2974=EDGE_CURVE('',#2328,#2326,#1400,.T.);
#2975=EDGE_CURVE('',#2327,#2328,#1401,.T.);
#2976=EDGE_CURVE('',#2327,#2329,#105,.T.);
#2977=EDGE_CURVE('',#2330,#2328,#106,.T.);
#2978=EDGE_CURVE('',#2329,#2330,#1402,.T.);
#2979=EDGE_CURVE('',#2329,#2275,#1403,.T.);
#2980=EDGE_CURVE('',#2277,#2330,#1404,.T.);
#2981=EDGE_CURVE('',#2331,#2332,#107,.T.);
#2982=EDGE_CURVE('',#2331,#2333,#1405,.T.);
#2983=EDGE_CURVE('',#2334,#2333,#108,.T.);
#2984=EDGE_CURVE('',#2332,#2334,#1406,.T.);
#2985=EDGE_CURVE('',#2332,#2335,#109,.T.);
#2986=EDGE_CURVE('',#2336,#2334,#110,.T.);
#2987=EDGE_CURVE('',#2335,#2336,#1407,.T.);
#2988=EDGE_CURVE('',#2335,#2337,#111,.T.);
#2989=EDGE_CURVE('',#2338,#2336,#112,.T.);
#2990=EDGE_CURVE('',#2337,#2338,#1408,.T.);
#2991=EDGE_CURVE('',#2337,#2339,#113,.T.);
#2992=EDGE_CURVE('',#2340,#2338,#114,.T.);
#2993=EDGE_CURVE('',#2339,#2340,#1409,.T.);
#2994=EDGE_CURVE('',#2339,#2341,#115,.T.);
#2995=EDGE_CURVE('',#2342,#2340,#116,.T.);
#2996=EDGE_CURVE('',#2341,#2342,#1410,.T.);
#2997=EDGE_CURVE('',#2341,#2343,#117,.T.);
#2998=EDGE_CURVE('',#2344,#2342,#118,.T.);
#2999=EDGE_CURVE('',#2343,#2344,#1411,.T.);
#3000=EDGE_CURVE('',#2343,#2345,#119,.T.);
#3001=EDGE_CURVE('',#2346,#2344,#120,.T.);
#3002=EDGE_CURVE('',#2345,#2346,#1412,.T.);
#3003=EDGE_CURVE('',#2345,#2331,#121,.T.);
#3004=EDGE_CURVE('',#2333,#2346,#122,.T.);
#3005=EDGE_CURVE('',#2347,#2348,#123,.T.);
#3006=EDGE_CURVE('',#2347,#2349,#1413,.T.);
#3007=EDGE_CURVE('',#2350,#2349,#124,.T.);
#3008=EDGE_CURVE('',#2348,#2350,#1414,.T.);
#3009=EDGE_CURVE('',#2348,#2351,#125,.T.);
#3010=EDGE_CURVE('',#2352,#2350,#126,.T.);
#3011=EDGE_CURVE('',#2351,#2352,#1415,.T.);
#3012=EDGE_CURVE('',#2351,#2353,#127,.T.);
#3013=EDGE_CURVE('',#2354,#2352,#128,.T.);
#3014=EDGE_CURVE('',#2353,#2354,#1416,.T.);
#3015=EDGE_CURVE('',#2353,#2355,#129,.T.);
#3016=EDGE_CURVE('',#2356,#2354,#130,.T.);
#3017=EDGE_CURVE('',#2355,#2356,#1417,.T.);
#3018=EDGE_CURVE('',#2355,#2357,#131,.T.);
#3019=EDGE_CURVE('',#2358,#2356,#132,.T.);
#3020=EDGE_CURVE('',#2357,#2358,#1418,.T.);
#3021=EDGE_CURVE('',#2357,#2359,#133,.T.);
#3022=EDGE_CURVE('',#2360,#2358,#134,.T.);
#3023=EDGE_CURVE('',#2359,#2360,#1419,.T.);
#3024=EDGE_CURVE('',#2359,#2361,#135,.T.);
#3025=EDGE_CURVE('',#2362,#2360,#136,.T.);
#3026=EDGE_CURVE('',#2361,#2362,#1420,.T.);
#3027=EDGE_CURVE('',#2361,#2347,#137,.T.);
#3028=EDGE_CURVE('',#2349,#2362,#138,.T.);
#3029=EDGE_CURVE('',#2363,#2364,#1421,.T.);
#3030=EDGE_CURVE('',#2363,#2365,#1422,.T.);
#3031=EDGE_CURVE('',#2366,#2365,#1423,.T.);
#3032=EDGE_CURVE('',#2364,#2366,#1424,.T.);
#3033=EDGE_CURVE('',#2364,#2367,#139,.T.);
#3034=EDGE_CURVE('',#2368,#2366,#140,.T.);
#3035=EDGE_CURVE('',#2367,#2368,#1425,.T.);
#3036=EDGE_CURVE('',#2367,#2369,#141,.T.);
#3037=EDGE_CURVE('',#2370,#2368,#142,.T.);
#3038=EDGE_CURVE('',#2369,#2370,#1426,.T.);
#3039=EDGE_CURVE('',#2369,#2371,#143,.T.);
#3040=EDGE_CURVE('',#2372,#2370,#144,.T.);
#3041=EDGE_CURVE('',#2371,#2372,#1427,.T.);
#3042=EDGE_CURVE('',#2371,#2373,#145,.T.);
#3043=EDGE_CURVE('',#2374,#2372,#146,.T.);
#3044=EDGE_CURVE('',#2373,#2374,#1428,.T.);
#3045=EDGE_CURVE('',#2373,#2375,#147,.T.);
#3046=EDGE_CURVE('',#2376,#2374,#148,.T.);
#3047=EDGE_CURVE('',#2375,#2376,#1429,.T.);
#3048=EDGE_CURVE('',#2375,#2363,#149,.T.);
#3049=EDGE_CURVE('',#2365,#2376,#150,.T.);
#3050=EDGE_CURVE('',#2377,#2378,#151,.T.);
#3051=EDGE_CURVE('',#2377,#2379,#1430,.T.);
#3052=EDGE_CURVE('',#2380,#2379,#152,.T.);
#3053=EDGE_CURVE('',#2378,#2380,#1431,.T.);
#3054=EDGE_CURVE('',#2378,#2381,#153,.T.);
#3055=EDGE_CURVE('',#2382,#2380,#154,.T.);
#3056=EDGE_CURVE('',#2381,#2382,#1432,.T.);
#3057=EDGE_CURVE('',#2381,#2383,#155,.T.);
#3058=EDGE_CURVE('',#2384,#2382,#156,.T.);
#3059=EDGE_CURVE('',#2383,#2384,#1433,.T.);
#3060=EDGE_CURVE('',#2383,#2385,#157,.T.);
#3061=EDGE_CURVE('',#2386,#2384,#158,.T.);
#3062=EDGE_CURVE('',#2385,#2386,#1434,.T.);
#3063=EDGE_CURVE('',#2385,#2387,#159,.T.);
#3064=EDGE_CURVE('',#2388,#2386,#160,.T.);
#3065=EDGE_CURVE('',#2387,#2388,#1435,.T.);
#3066=EDGE_CURVE('',#2387,#2389,#161,.T.);
#3067=EDGE_CURVE('',#2390,#2388,#162,.T.);
#3068=EDGE_CURVE('',#2389,#2390,#1436,.T.);
#3069=EDGE_CURVE('',#2389,#2391,#163,.T.);
#3070=EDGE_CURVE('',#2392,#2390,#164,.T.);
#3071=EDGE_CURVE('',#2391,#2392,#1437,.T.);
#3072=EDGE_CURVE('',#2391,#2393,#165,.T.);
#3073=EDGE_CURVE('',#2394,#2392,#166,.T.);
#3074=EDGE_CURVE('',#2393,#2394,#1438,.T.);
#3075=EDGE_CURVE('',#2393,#2395,#167,.T.);
#3076=EDGE_CURVE('',#2396,#2394,#168,.T.);
#3077=EDGE_CURVE('',#2395,#2396,#1439,.T.);
#3078=EDGE_CURVE('',#2395,#2397,#1440,.T.);
#3079=EDGE_CURVE('',#2398,#2396,#1441,.T.);
#3080=EDGE_CURVE('',#2397,#2398,#1442,.T.);
#3081=EDGE_CURVE('',#2397,#2399,#169,.T.);
#3082=EDGE_CURVE('',#2400,#2398,#170,.T.);
#3083=EDGE_CURVE('',#2399,#2400,#1443,.T.);
#3084=EDGE_CURVE('',#2399,#2401,#171,.T.);
#3085=EDGE_CURVE('',#2402,#2400,#172,.T.);
#3086=EDGE_CURVE('',#2401,#2402,#1444,.T.);
#3087=EDGE_CURVE('',#2401,#2403,#173,.T.);
#3088=EDGE_CURVE('',#2404,#2402,#174,.T.);
#3089=EDGE_CURVE('',#2403,#2404,#1445,.T.);
#3090=EDGE_CURVE('',#2403,#2405,#1446,.T.);
#3091=EDGE_CURVE('',#2406,#2404,#1447,.T.);
#3092=EDGE_CURVE('',#2405,#2406,#1448,.T.);
#3093=EDGE_CURVE('',#2405,#2407,#175,.T.);
#3094=EDGE_CURVE('',#2408,#2406,#176,.T.);
#3095=EDGE_CURVE('',#2407,#2408,#1449,.T.);
#3096=EDGE_CURVE('',#2407,#2409,#177,.T.);
#3097=EDGE_CURVE('',#2410,#2408,#178,.T.);
#3098=EDGE_CURVE('',#2409,#2410,#1450,.T.);
#3099=EDGE_CURVE('',#2409,#2411,#179,.T.);
#3100=EDGE_CURVE('',#2412,#2410,#180,.T.);
#3101=EDGE_CURVE('',#2411,#2412,#1451,.T.);
#3102=EDGE_CURVE('',#2411,#2413,#181,.T.);
#3103=EDGE_CURVE('',#2414,#2412,#182,.T.);
#3104=EDGE_CURVE('',#2413,#2414,#1452,.T.);
#3105=EDGE_CURVE('',#2413,#2415,#183,.T.);
#3106=EDGE_CURVE('',#2416,#2414,#184,.T.);
#3107=EDGE_CURVE('',#2415,#2416,#1453,.T.);
#3108=EDGE_CURVE('',#2415,#2417,#185,.T.);
#3109=EDGE_CURVE('',#2418,#2416,#186,.T.);
#3110=EDGE_CURVE('',#2417,#2418,#1454,.T.);
#3111=EDGE_CURVE('',#2417,#2419,#187,.T.);
#3112=EDGE_CURVE('',#2420,#2418,#188,.T.);
#3113=EDGE_CURVE('',#2419,#2420,#1455,.T.);
#3114=EDGE_CURVE('',#2419,#2421,#189,.T.);
#3115=EDGE_CURVE('',#2422,#2420,#190,.T.);
#3116=EDGE_CURVE('',#2421,#2422,#1456,.T.);
#3117=EDGE_CURVE('',#2421,#2423,#1457,.T.);
#3118=EDGE_CURVE('',#2424,#2422,#1458,.T.);
#3119=EDGE_CURVE('',#2423,#2424,#1459,.T.);
#3120=EDGE_CURVE('',#2423,#2425,#191,.T.);
#3121=EDGE_CURVE('',#2426,#2424,#192,.T.);
#3122=EDGE_CURVE('',#2425,#2426,#1460,.T.);
#3123=EDGE_CURVE('',#2425,#2427,#193,.T.);
#3124=EDGE_CURVE('',#2428,#2426,#194,.T.);
#3125=EDGE_CURVE('',#2427,#2428,#1461,.T.);
#3126=EDGE_CURVE('',#2427,#2429,#195,.T.);
#3127=EDGE_CURVE('',#2430,#2428,#196,.T.);
#3128=EDGE_CURVE('',#2429,#2430,#1462,.T.);
#3129=EDGE_CURVE('',#2429,#2377,#197,.T.);
#3130=EDGE_CURVE('',#2379,#2430,#198,.T.);
#3131=EDGE_CURVE('',#2431,#2432,#199,.T.);
#3132=EDGE_CURVE('',#2431,#2433,#1463,.T.);
#3133=EDGE_CURVE('',#2434,#2433,#200,.T.);
#3134=EDGE_CURVE('',#2432,#2434,#1464,.T.);
#3135=EDGE_CURVE('',#2432,#2435,#201,.T.);
#3136=EDGE_CURVE('',#2436,#2434,#202,.T.);
#3137=EDGE_CURVE('',#2435,#2436,#1465,.T.);
#3138=EDGE_CURVE('',#2435,#2437,#203,.T.);
#3139=EDGE_CURVE('',#2438,#2436,#204,.T.);
#3140=EDGE_CURVE('',#2437,#2438,#1466,.T.);
#3141=EDGE_CURVE('',#2437,#2439,#205,.T.);
#3142=EDGE_CURVE('',#2440,#2438,#206,.T.);
#3143=EDGE_CURVE('',#2439,#2440,#1467,.T.);
#3144=EDGE_CURVE('',#2439,#2441,#207,.T.);
#3145=EDGE_CURVE('',#2442,#2440,#208,.T.);
#3146=EDGE_CURVE('',#2441,#2442,#1468,.T.);
#3147=EDGE_CURVE('',#2441,#2443,#209,.T.);
#3148=EDGE_CURVE('',#2444,#2442,#210,.T.);
#3149=EDGE_CURVE('',#2443,#2444,#1469,.T.);
#3150=EDGE_CURVE('',#2443,#2431,#211,.T.);
#3151=EDGE_CURVE('',#2433,#2444,#212,.T.);
#3152=EDGE_CURVE('',#2445,#2446,#1470,.T.);
#3153=EDGE_CURVE('',#2445,#2447,#1471,.T.);
#3154=EDGE_CURVE('',#2448,#2447,#1472,.T.);
#3155=EDGE_CURVE('',#2446,#2448,#1473,.T.);
#3156=EDGE_CURVE('',#2446,#2449,#213,.T.);
#3157=EDGE_CURVE('',#2450,#2448,#214,.T.);
#3158=EDGE_CURVE('',#2449,#2450,#1474,.T.);
#3159=EDGE_CURVE('',#2449,#2451,#215,.T.);
#3160=EDGE_CURVE('',#2452,#2450,#216,.T.);
#3161=EDGE_CURVE('',#2451,#2452,#1475,.T.);
#3162=EDGE_CURVE('',#2451,#2453,#217,.T.);
#3163=EDGE_CURVE('',#2454,#2452,#218,.T.);
#3164=EDGE_CURVE('',#2453,#2454,#1476,.T.);
#3165=EDGE_CURVE('',#2453,#2455,#219,.T.);
#3166=EDGE_CURVE('',#2456,#2454,#220,.T.);
#3167=EDGE_CURVE('',#2455,#2456,#1477,.T.);
#3168=EDGE_CURVE('',#2455,#2457,#221,.T.);
#3169=EDGE_CURVE('',#2458,#2456,#222,.T.);
#3170=EDGE_CURVE('',#2457,#2458,#1478,.T.);
#3171=EDGE_CURVE('',#2457,#2459,#223,.T.);
#3172=EDGE_CURVE('',#2460,#2458,#224,.T.);
#3173=EDGE_CURVE('',#2459,#2460,#1479,.T.);
#3174=EDGE_CURVE('',#2459,#2461,#225,.T.);
#3175=EDGE_CURVE('',#2462,#2460,#226,.T.);
#3176=EDGE_CURVE('',#2461,#2462,#1480,.T.);
#3177=EDGE_CURVE('',#2461,#2463,#227,.T.);
#3178=EDGE_CURVE('',#2464,#2462,#228,.T.);
#3179=EDGE_CURVE('',#2463,#2464,#1481,.T.);
#3180=EDGE_CURVE('',#2463,#2465,#229,.T.);
#3181=EDGE_CURVE('',#2466,#2464,#230,.T.);
#3182=EDGE_CURVE('',#2465,#2466,#1482,.T.);
#3183=EDGE_CURVE('',#2465,#2467,#1483,.T.);
#3184=EDGE_CURVE('',#2468,#2466,#1484,.T.);
#3185=EDGE_CURVE('',#2467,#2468,#1485,.T.);
#3186=EDGE_CURVE('',#2467,#2469,#231,.T.);
#3187=EDGE_CURVE('',#2470,#2468,#232,.T.);
#3188=EDGE_CURVE('',#2469,#2470,#1486,.T.);
#3189=EDGE_CURVE('',#2469,#2471,#1487,.T.);
#3190=EDGE_CURVE('',#2472,#2470,#1488,.T.);
#3191=EDGE_CURVE('',#2471,#2472,#1489,.T.);
#3192=EDGE_CURVE('',#2471,#2473,#1490,.T.);
#3193=EDGE_CURVE('',#2474,#2472,#1491,.T.);
#3194=EDGE_CURVE('',#2473,#2474,#1492,.T.);
#3195=EDGE_CURVE('',#2473,#2475,#1493,.T.);
#3196=EDGE_CURVE('',#2476,#2474,#1494,.T.);
#3197=EDGE_CURVE('',#2475,#2476,#1495,.T.);
#3198=EDGE_CURVE('',#2475,#2477,#1496,.T.);
#3199=EDGE_CURVE('',#2478,#2476,#1497,.T.);
#3200=EDGE_CURVE('',#2477,#2478,#1498,.T.);
#3201=EDGE_CURVE('',#2477,#2479,#1499,.T.);
#3202=EDGE_CURVE('',#2480,#2478,#1500,.T.);
#3203=EDGE_CURVE('',#2479,#2480,#1501,.T.);
#3204=EDGE_CURVE('',#2479,#2481,#233,.T.);
#3205=EDGE_CURVE('',#2482,#2480,#234,.T.);
#3206=EDGE_CURVE('',#2481,#2482,#1502,.T.);
#3207=EDGE_CURVE('',#2481,#2483,#1503,.T.);
#3208=EDGE_CURVE('',#2484,#2482,#1504,.T.);
#3209=EDGE_CURVE('',#2483,#2484,#1505,.T.);
#3210=EDGE_CURVE('',#2483,#2485,#235,.T.);
#3211=EDGE_CURVE('',#2486,#2484,#236,.T.);
#3212=EDGE_CURVE('',#2485,#2486,#1506,.T.);
#3213=EDGE_CURVE('',#2485,#2487,#237,.T.);
#3214=EDGE_CURVE('',#2488,#2486,#238,.T.);
#3215=EDGE_CURVE('',#2487,#2488,#1507,.T.);
#3216=EDGE_CURVE('',#2487,#2445,#1508,.T.);
#3217=EDGE_CURVE('',#2447,#2488,#1509,.T.);
#3218=EDGE_CURVE('',#2489,#2490,#239,.T.);
#3219=EDGE_CURVE('',#2489,#2491,#1510,.T.);
#3220=EDGE_CURVE('',#2492,#2491,#240,.T.);
#3221=EDGE_CURVE('',#2490,#2492,#1511,.T.);
#3222=EDGE_CURVE('',#2490,#2493,#241,.T.);
#3223=EDGE_CURVE('',#2494,#2492,#242,.T.);
#3224=EDGE_CURVE('',#2493,#2494,#1512,.T.);
#3225=EDGE_CURVE('',#2493,#2495,#243,.T.);
#3226=EDGE_CURVE('',#2496,#2494,#244,.T.);
#3227=EDGE_CURVE('',#2495,#2496,#1513,.T.);
#3228=EDGE_CURVE('',#2495,#2497,#245,.T.);
#3229=EDGE_CURVE('',#2498,#2496,#246,.T.);
#3230=EDGE_CURVE('',#2497,#2498,#1514,.T.);
#3231=EDGE_CURVE('',#2497,#2499,#247,.T.);
#3232=EDGE_CURVE('',#2500,#2498,#248,.T.);
#3233=EDGE_CURVE('',#2499,#2500,#1515,.T.);
#3234=EDGE_CURVE('',#2499,#2489,#249,.T.);
#3235=EDGE_CURVE('',#2491,#2500,#250,.T.);
#3236=EDGE_CURVE('',#2501,#2502,#1516,.T.);
#3237=EDGE_CURVE('',#2501,#2503,#1517,.T.);
#3238=EDGE_CURVE('',#2504,#2503,#1518,.T.);
#3239=EDGE_CURVE('',#2502,#2504,#1519,.T.);
#3240=EDGE_CURVE('',#2502,#2505,#251,.T.);
#3241=EDGE_CURVE('',#2506,#2504,#252,.T.);
#3242=EDGE_CURVE('',#2505,#2506,#1520,.T.);
#3243=EDGE_CURVE('',#2505,#2507,#253,.T.);
#3244=EDGE_CURVE('',#2508,#2506,#254,.T.);
#3245=EDGE_CURVE('',#2507,#2508,#1521,.T.);
#3246=EDGE_CURVE('',#2507,#2509,#255,.T.);
#3247=EDGE_CURVE('',#2510,#2508,#256,.T.);
#3248=EDGE_CURVE('',#2509,#2510,#1522,.T.);
#3249=EDGE_CURVE('',#2509,#2511,#257,.T.);
#3250=EDGE_CURVE('',#2512,#2510,#258,.T.);
#3251=EDGE_CURVE('',#2511,#2512,#1523,.T.);
#3252=EDGE_CURVE('',#2511,#2513,#259,.T.);
#3253=EDGE_CURVE('',#2514,#2512,#260,.T.);
#3254=EDGE_CURVE('',#2513,#2514,#1524,.T.);
#3255=EDGE_CURVE('',#2513,#2515,#261,.T.);
#3256=EDGE_CURVE('',#2516,#2514,#262,.T.);
#3257=EDGE_CURVE('',#2515,#2516,#1525,.T.);
#3258=EDGE_CURVE('',#2515,#2517,#1526,.T.);
#3259=EDGE_CURVE('',#2518,#2516,#1527,.T.);
#3260=EDGE_CURVE('',#2517,#2518,#1528,.T.);
#3261=EDGE_CURVE('',#2517,#2519,#263,.T.);
#3262=EDGE_CURVE('',#2520,#2518,#264,.T.);
#3263=EDGE_CURVE('',#2519,#2520,#1529,.T.);
#3264=EDGE_CURVE('',#2519,#2521,#1530,.T.);
#3265=EDGE_CURVE('',#2522,#2520,#1531,.T.);
#3266=EDGE_CURVE('',#2521,#2522,#1532,.T.);
#3267=EDGE_CURVE('',#2521,#2523,#1533,.T.);
#3268=EDGE_CURVE('',#2524,#2522,#1534,.T.);
#3269=EDGE_CURVE('',#2523,#2524,#1535,.T.);
#3270=EDGE_CURVE('',#2523,#2525,#1536,.T.);
#3271=EDGE_CURVE('',#2526,#2524,#1537,.T.);
#3272=EDGE_CURVE('',#2525,#2526,#1538,.T.);
#3273=EDGE_CURVE('',#2525,#2527,#1539,.T.);
#3274=EDGE_CURVE('',#2528,#2526,#1540,.T.);
#3275=EDGE_CURVE('',#2527,#2528,#1541,.T.);
#3276=EDGE_CURVE('',#2527,#2529,#265,.T.);
#3277=EDGE_CURVE('',#2530,#2528,#266,.T.);
#3278=EDGE_CURVE('',#2529,#2530,#1542,.T.);
#3279=EDGE_CURVE('',#2529,#2531,#1543,.T.);
#3280=EDGE_CURVE('',#2532,#2530,#1544,.T.);
#3281=EDGE_CURVE('',#2531,#2532,#1545,.T.);
#3282=EDGE_CURVE('',#2531,#2533,#1546,.T.);
#3283=EDGE_CURVE('',#2534,#2532,#1547,.T.);
#3284=EDGE_CURVE('',#2533,#2534,#1548,.T.);
#3285=EDGE_CURVE('',#2533,#2501,#1549,.T.);
#3286=EDGE_CURVE('',#2503,#2534,#1550,.T.);
#3287=EDGE_CURVE('',#2535,#2536,#1551,.T.);
#3288=EDGE_CURVE('',#2535,#2537,#1552,.T.);
#3289=EDGE_CURVE('',#2538,#2537,#1553,.T.);
#3290=EDGE_CURVE('',#2536,#2538,#1554,.T.);
#3291=EDGE_CURVE('',#2536,#2539,#267,.T.);
#3292=EDGE_CURVE('',#2540,#2538,#268,.T.);
#3293=EDGE_CURVE('',#2539,#2540,#1555,.T.);
#3294=EDGE_CURVE('',#2539,#2541,#269,.T.);
#3295=EDGE_CURVE('',#2542,#2540,#270,.T.);
#3296=EDGE_CURVE('',#2541,#2542,#1556,.T.);
#3297=EDGE_CURVE('',#2541,#2543,#271,.T.);
#3298=EDGE_CURVE('',#2544,#2542,#272,.T.);
#3299=EDGE_CURVE('',#2543,#2544,#1557,.T.);
#3300=EDGE_CURVE('',#2543,#2545,#273,.T.);
#3301=EDGE_CURVE('',#2546,#2544,#274,.T.);
#3302=EDGE_CURVE('',#2545,#2546,#1558,.T.);
#3303=EDGE_CURVE('',#2545,#2547,#275,.T.);
#3304=EDGE_CURVE('',#2548,#2546,#276,.T.);
#3305=EDGE_CURVE('',#2547,#2548,#1559,.T.);
#3306=EDGE_CURVE('',#2547,#2549,#277,.T.);
#3307=EDGE_CURVE('',#2550,#2548,#278,.T.);
#3308=EDGE_CURVE('',#2549,#2550,#1560,.T.);
#3309=EDGE_CURVE('',#2549,#2551,#279,.T.);
#3310=EDGE_CURVE('',#2552,#2550,#280,.T.);
#3311=EDGE_CURVE('',#2551,#2552,#1561,.T.);
#3312=EDGE_CURVE('',#2551,#2553,#281,.T.);
#3313=EDGE_CURVE('',#2554,#2552,#282,.T.);
#3314=EDGE_CURVE('',#2553,#2554,#1562,.T.);
#3315=EDGE_CURVE('',#2553,#2555,#283,.T.);
#3316=EDGE_CURVE('',#2556,#2554,#284,.T.);
#3317=EDGE_CURVE('',#2555,#2556,#1563,.T.);
#3318=EDGE_CURVE('',#2555,#2557,#285,.T.);
#3319=EDGE_CURVE('',#2558,#2556,#286,.T.);
#3320=EDGE_CURVE('',#2557,#2558,#1564,.T.);
#3321=EDGE_CURVE('',#2557,#2559,#287,.T.);
#3322=EDGE_CURVE('',#2560,#2558,#288,.T.);
#3323=EDGE_CURVE('',#2559,#2560,#1565,.T.);
#3324=EDGE_CURVE('',#2559,#2561,#289,.T.);
#3325=EDGE_CURVE('',#2562,#2560,#290,.T.);
#3326=EDGE_CURVE('',#2561,#2562,#1566,.T.);
#3327=EDGE_CURVE('',#2561,#2563,#291,.T.);
#3328=EDGE_CURVE('',#2564,#2562,#292,.T.);
#3329=EDGE_CURVE('',#2563,#2564,#1567,.T.);
#3330=EDGE_CURVE('',#2563,#2565,#293,.T.);
#3331=EDGE_CURVE('',#2566,#2564,#294,.T.);
#3332=EDGE_CURVE('',#2565,#2566,#1568,.T.);
#3333=EDGE_CURVE('',#2565,#2567,#1569,.T.);
#3334=EDGE_CURVE('',#2568,#2566,#1570,.T.);
#3335=EDGE_CURVE('',#2567,#2568,#1571,.T.);
#3336=EDGE_CURVE('',#2567,#2569,#295,.T.);
#3337=EDGE_CURVE('',#2570,#2568,#296,.T.);
#3338=EDGE_CURVE('',#2569,#2570,#1572,.T.);
#3339=EDGE_CURVE('',#2569,#2571,#297,.T.);
#3340=EDGE_CURVE('',#2572,#2570,#298,.T.);
#3341=EDGE_CURVE('',#2571,#2572,#1573,.T.);
#3342=EDGE_CURVE('',#2571,#2573,#299,.T.);
#3343=EDGE_CURVE('',#2574,#2572,#300,.T.);
#3344=EDGE_CURVE('',#2573,#2574,#1574,.T.);
#3345=EDGE_CURVE('',#2573,#2575,#301,.T.);
#3346=EDGE_CURVE('',#2576,#2574,#302,.T.);
#3347=EDGE_CURVE('',#2575,#2576,#1575,.T.);
#3348=EDGE_CURVE('',#2575,#2577,#303,.T.);
#3349=EDGE_CURVE('',#2578,#2576,#304,.T.);
#3350=EDGE_CURVE('',#2577,#2578,#1576,.T.);
#3351=EDGE_CURVE('',#2577,#2579,#305,.T.);
#3352=EDGE_CURVE('',#2580,#2578,#306,.T.);
#3353=EDGE_CURVE('',#2579,#2580,#1577,.T.);
#3354=EDGE_CURVE('',#2579,#2535,#307,.T.);
#3355=EDGE_CURVE('',#2537,#2580,#308,.T.);
#3356=EDGE_CURVE('',#2581,#2582,#1578,.T.);
#3357=EDGE_CURVE('',#2581,#2583,#1579,.T.);
#3358=EDGE_CURVE('',#2584,#2583,#1580,.T.);
#3359=EDGE_CURVE('',#2582,#2584,#1581,.T.);
#3360=EDGE_CURVE('',#2582,#2585,#309,.T.);
#3361=EDGE_CURVE('',#2586,#2584,#310,.T.);
#3362=EDGE_CURVE('',#2585,#2586,#1582,.T.);
#3363=EDGE_CURVE('',#2585,#2587,#1583,.T.);
#3364=EDGE_CURVE('',#2588,#2586,#1584,.T.);
#3365=EDGE_CURVE('',#2587,#2588,#1585,.T.);
#3366=EDGE_CURVE('',#2587,#2589,#1586,.T.);
#3367=EDGE_CURVE('',#2590,#2588,#1587,.T.);
#3368=EDGE_CURVE('',#2589,#2590,#1588,.T.);
#3369=EDGE_CURVE('',#2589,#2591,#1589,.T.);
#3370=EDGE_CURVE('',#2592,#2590,#1590,.T.);
#3371=EDGE_CURVE('',#2591,#2592,#1591,.T.);
#3372=EDGE_CURVE('',#2591,#2593,#1592,.T.);
#3373=EDGE_CURVE('',#2594,#2592,#1593,.T.);
#3374=EDGE_CURVE('',#2593,#2594,#1594,.T.);
#3375=EDGE_CURVE('',#2593,#2595,#1595,.T.);
#3376=EDGE_CURVE('',#2596,#2594,#1596,.T.);
#3377=EDGE_CURVE('',#2595,#2596,#1597,.T.);
#3378=EDGE_CURVE('',#2595,#2597,#311,.T.);
#3379=EDGE_CURVE('',#2598,#2596,#312,.T.);
#3380=EDGE_CURVE('',#2597,#2598,#1598,.T.);
#3381=EDGE_CURVE('',#2597,#2599,#1599,.T.);
#3382=EDGE_CURVE('',#2600,#2598,#1600,.T.);
#3383=EDGE_CURVE('',#2599,#2600,#1601,.T.);
#3384=EDGE_CURVE('',#2599,#2601,#313,.T.);
#3385=EDGE_CURVE('',#2602,#2600,#314,.T.);
#3386=EDGE_CURVE('',#2601,#2602,#1602,.T.);
#3387=EDGE_CURVE('',#2601,#2603,#315,.T.);
#3388=EDGE_CURVE('',#2604,#2602,#316,.T.);
#3389=EDGE_CURVE('',#2603,#2604,#1603,.T.);
#3390=EDGE_CURVE('',#2603,#2605,#317,.T.);
#3391=EDGE_CURVE('',#2606,#2604,#318,.T.);
#3392=EDGE_CURVE('',#2605,#2606,#1604,.T.);
#3393=EDGE_CURVE('',#2605,#2607,#1605,.T.);
#3394=EDGE_CURVE('',#2608,#2606,#1606,.T.);
#3395=EDGE_CURVE('',#2607,#2608,#1607,.T.);
#3396=EDGE_CURVE('',#2607,#2609,#319,.T.);
#3397=EDGE_CURVE('',#2610,#2608,#320,.T.);
#3398=EDGE_CURVE('',#2609,#2610,#1608,.T.);
#3399=EDGE_CURVE('',#2609,#2611,#321,.T.);
#3400=EDGE_CURVE('',#2612,#2610,#322,.T.);
#3401=EDGE_CURVE('',#2611,#2612,#1609,.T.);
#3402=EDGE_CURVE('',#2611,#2613,#1610,.T.);
#3403=EDGE_CURVE('',#2614,#2612,#1611,.T.);
#3404=EDGE_CURVE('',#2613,#2614,#1612,.T.);
#3405=EDGE_CURVE('',#2613,#2615,#1613,.T.);
#3406=EDGE_CURVE('',#2616,#2614,#1614,.T.);
#3407=EDGE_CURVE('',#2615,#2616,#1615,.T.);
#3408=EDGE_CURVE('',#2615,#2617,#1616,.T.);
#3409=EDGE_CURVE('',#2618,#2616,#1617,.T.);
#3410=EDGE_CURVE('',#2617,#2618,#1618,.T.);
#3411=EDGE_CURVE('',#2617,#2619,#1619,.T.);
#3412=EDGE_CURVE('',#2620,#2618,#1620,.T.);
#3413=EDGE_CURVE('',#2619,#2620,#1621,.T.);
#3414=EDGE_CURVE('',#2619,#2621,#1622,.T.);
#3415=EDGE_CURVE('',#2622,#2620,#1623,.T.);
#3416=EDGE_CURVE('',#2621,#2622,#1624,.T.);
#3417=EDGE_CURVE('',#2621,#2623,#323,.T.);
#3418=EDGE_CURVE('',#2624,#2622,#324,.T.);
#3419=EDGE_CURVE('',#2623,#2624,#1625,.T.);
#3420=EDGE_CURVE('',#2623,#2625,#1626,.T.);
#3421=EDGE_CURVE('',#2626,#2624,#1627,.T.);
#3422=EDGE_CURVE('',#2625,#2626,#1628,.T.);
#3423=EDGE_CURVE('',#2625,#2627,#325,.T.);
#3424=EDGE_CURVE('',#2628,#2626,#326,.T.);
#3425=EDGE_CURVE('',#2627,#2628,#1629,.T.);
#3426=EDGE_CURVE('',#2627,#2629,#327,.T.);
#3427=EDGE_CURVE('',#2630,#2628,#328,.T.);
#3428=EDGE_CURVE('',#2629,#2630,#1630,.T.);
#3429=EDGE_CURVE('',#2629,#2631,#1631,.T.);
#3430=EDGE_CURVE('',#2632,#2630,#1632,.T.);
#3431=EDGE_CURVE('',#2631,#2632,#1633,.T.);
#3432=EDGE_CURVE('',#2631,#2633,#1634,.T.);
#3433=EDGE_CURVE('',#2634,#2632,#1635,.T.);
#3434=EDGE_CURVE('',#2633,#2634,#1636,.T.);
#3435=EDGE_CURVE('',#2633,#2635,#329,.T.);
#3436=EDGE_CURVE('',#2636,#2634,#330,.T.);
#3437=EDGE_CURVE('',#2635,#2636,#1637,.T.);
#3438=EDGE_CURVE('',#2635,#2637,#331,.T.);
#3439=EDGE_CURVE('',#2638,#2636,#332,.T.);
#3440=EDGE_CURVE('',#2637,#2638,#1638,.T.);
#3441=EDGE_CURVE('',#2637,#2639,#333,.T.);
#3442=EDGE_CURVE('',#2640,#2638,#334,.T.);
#3443=EDGE_CURVE('',#2639,#2640,#1639,.T.);
#3444=EDGE_CURVE('',#2639,#2641,#335,.T.);
#3445=EDGE_CURVE('',#2642,#2640,#336,.T.);
#3446=EDGE_CURVE('',#2641,#2642,#1640,.T.);
#3447=EDGE_CURVE('',#2641,#2643,#337,.T.);
#3448=EDGE_CURVE('',#2644,#2642,#338,.T.);
#3449=EDGE_CURVE('',#2643,#2644,#1641,.T.);
#3450=EDGE_CURVE('',#2643,#2645,#339,.T.);
#3451=EDGE_CURVE('',#2646,#2644,#340,.T.);
#3452=EDGE_CURVE('',#2645,#2646,#1642,.T.);
#3453=EDGE_CURVE('',#2645,#2647,#341,.T.);
#3454=EDGE_CURVE('',#2648,#2646,#342,.T.);
#3455=EDGE_CURVE('',#2647,#2648,#1643,.T.);
#3456=EDGE_CURVE('',#2647,#2649,#343,.T.);
#3457=EDGE_CURVE('',#2650,#2648,#344,.T.);
#3458=EDGE_CURVE('',#2649,#2650,#1644,.T.);
#3459=EDGE_CURVE('',#2649,#2651,#1645,.T.);
#3460=EDGE_CURVE('',#2652,#2650,#1646,.T.);
#3461=EDGE_CURVE('',#2651,#2652,#1647,.T.);
#3462=EDGE_CURVE('',#2651,#2653,#345,.T.);
#3463=EDGE_CURVE('',#2654,#2652,#346,.T.);
#3464=EDGE_CURVE('',#2653,#2654,#1648,.T.);
#3465=EDGE_CURVE('',#2653,#2655,#1649,.T.);
#3466=EDGE_CURVE('',#2656,#2654,#1650,.T.);
#3467=EDGE_CURVE('',#2655,#2656,#1651,.T.);
#3468=EDGE_CURVE('',#2655,#2657,#1652,.T.);
#3469=EDGE_CURVE('',#2658,#2656,#1653,.T.);
#3470=EDGE_CURVE('',#2657,#2658,#1654,.T.);
#3471=EDGE_CURVE('',#2657,#2659,#1655,.T.);
#3472=EDGE_CURVE('',#2660,#2658,#1656,.T.);
#3473=EDGE_CURVE('',#2659,#2660,#1657,.T.);
#3474=EDGE_CURVE('',#2659,#2661,#1658,.T.);
#3475=EDGE_CURVE('',#2662,#2660,#1659,.T.);
#3476=EDGE_CURVE('',#2661,#2662,#1660,.T.);
#3477=EDGE_CURVE('',#2661,#2663,#1661,.T.);
#3478=EDGE_CURVE('',#2664,#2662,#1662,.T.);
#3479=EDGE_CURVE('',#2663,#2664,#1663,.T.);
#3480=EDGE_CURVE('',#2663,#2665,#347,.T.);
#3481=EDGE_CURVE('',#2666,#2664,#348,.T.);
#3482=EDGE_CURVE('',#2665,#2666,#1664,.T.);
#3483=EDGE_CURVE('',#2665,#2667,#1665,.T.);
#3484=EDGE_CURVE('',#2668,#2666,#1666,.T.);
#3485=EDGE_CURVE('',#2667,#2668,#1667,.T.);
#3486=EDGE_CURVE('',#2667,#2669,#349,.T.);
#3487=EDGE_CURVE('',#2670,#2668,#350,.T.);
#3488=EDGE_CURVE('',#2669,#2670,#1668,.T.);
#3489=EDGE_CURVE('',#2669,#2671,#351,.T.);
#3490=EDGE_CURVE('',#2672,#2670,#352,.T.);
#3491=EDGE_CURVE('',#2671,#2672,#1669,.T.);
#3492=EDGE_CURVE('',#2671,#2673,#353,.T.);
#3493=EDGE_CURVE('',#2674,#2672,#354,.T.);
#3494=EDGE_CURVE('',#2673,#2674,#1670,.T.);
#3495=EDGE_CURVE('',#2673,#2581,#355,.T.);
#3496=EDGE_CURVE('',#2583,#2674,#356,.T.);
#3497=ORIENTED_EDGE('',*,*,#2675,.F.);
#3498=ORIENTED_EDGE('',*,*,#2676,.T.);
#3499=ORIENTED_EDGE('',*,*,#2677,.F.);
#3500=ORIENTED_EDGE('',*,*,#2678,.F.);
#3501=ORIENTED_EDGE('',*,*,#2679,.F.);
#3502=ORIENTED_EDGE('',*,*,#2678,.T.);
#3503=ORIENTED_EDGE('',*,*,#2680,.F.);
#3504=ORIENTED_EDGE('',*,*,#2681,.F.);
#3505=ORIENTED_EDGE('',*,*,#2677,.T.);
#3506=ORIENTED_EDGE('',*,*,#2682,.T.);
#3507=ORIENTED_EDGE('',*,*,#2683,.T.);
#3508=ORIENTED_EDGE('',*,*,#2680,.T.);
#3509=ORIENTED_EDGE('',*,*,#2684,.F.);
#3510=ORIENTED_EDGE('',*,*,#2685,.F.);
#3511=ORIENTED_EDGE('',*,*,#2686,.F.);
#3512=ORIENTED_EDGE('',*,*,#2687,.T.);
#3513=ORIENTED_EDGE('',*,*,#2682,.F.);
#3514=ORIENTED_EDGE('',*,*,#2676,.F.);
#3515=ORIENTED_EDGE('',*,*,#2688,.F.);
#3516=ORIENTED_EDGE('',*,*,#2689,.T.);
#3517=ORIENTED_EDGE('',*,*,#2690,.F.);
#3518=ORIENTED_EDGE('',*,*,#2681,.T.);
#3519=ORIENTED_EDGE('',*,*,#2683,.F.);
#3520=ORIENTED_EDGE('',*,*,#2687,.F.);
#3521=ORIENTED_EDGE('',*,*,#2691,.T.);
#3522=ORIENTED_EDGE('',*,*,#2692,.T.);
#3523=ORIENTED_EDGE('',*,*,#2693,.F.);
#3524=ORIENTED_EDGE('',*,*,#2694,.F.);
#3525=ORIENTED_EDGE('',*,*,#2695,.T.);
#3526=ORIENTED_EDGE('',*,*,#2694,.T.);
#3527=ORIENTED_EDGE('',*,*,#2696,.F.);
#3528=ORIENTED_EDGE('',*,*,#2697,.F.);
#3529=ORIENTED_EDGE('',*,*,#2698,.T.);
#3530=ORIENTED_EDGE('',*,*,#2697,.T.);
#3531=ORIENTED_EDGE('',*,*,#2699,.F.);
#3532=ORIENTED_EDGE('',*,*,#2700,.F.);
#3533=ORIENTED_EDGE('',*,*,#2701,.T.);
#3534=ORIENTED_EDGE('',*,*,#2700,.T.);
#3535=ORIENTED_EDGE('',*,*,#2702,.F.);
#3536=ORIENTED_EDGE('',*,*,#2692,.F.);
#3537=ORIENTED_EDGE('',*,*,#2703,.F.);
#3538=ORIENTED_EDGE('',*,*,#2704,.F.);
#3539=ORIENTED_EDGE('',*,*,#2705,.F.);
#3540=ORIENTED_EDGE('',*,*,#2689,.F.);
#3541=ORIENTED_EDGE('',*,*,#2679,.T.);
#3542=ORIENTED_EDGE('',*,*,#2690,.T.);
#3543=ORIENTED_EDGE('',*,*,#2705,.T.);
#3544=ORIENTED_EDGE('',*,*,#2706,.F.);
#3545=ORIENTED_EDGE('',*,*,#2684,.T.);
#3546=ORIENTED_EDGE('',*,*,#2675,.T.);
#3547=ORIENTED_EDGE('',*,*,#2702,.T.);
#3548=ORIENTED_EDGE('',*,*,#2699,.T.);
#3549=ORIENTED_EDGE('',*,*,#2696,.T.);
#3550=ORIENTED_EDGE('',*,*,#2693,.T.);
#3551=ORIENTED_EDGE('',*,*,#2707,.F.);
#3552=ORIENTED_EDGE('',*,*,#2708,.T.);
#3553=ORIENTED_EDGE('',*,*,#2709,.F.);
#3554=ORIENTED_EDGE('',*,*,#2710,.T.);
#3555=ORIENTED_EDGE('',*,*,#2711,.F.);
#3556=ORIENTED_EDGE('',*,*,#2712,.T.);
#3557=ORIENTED_EDGE('',*,*,#2713,.F.);
#3558=ORIENTED_EDGE('',*,*,#2714,.T.);
#3559=ORIENTED_EDGE('',*,*,#2715,.T.);
#3560=ORIENTED_EDGE('',*,*,#2716,.F.);
#3561=ORIENTED_EDGE('',*,*,#2717,.F.);
#3562=ORIENTED_EDGE('',*,*,#2718,.F.);
#3563=ORIENTED_EDGE('',*,*,#2719,.F.);
#3564=ORIENTED_EDGE('',*,*,#2703,.T.);
#3565=ORIENTED_EDGE('',*,*,#2688,.T.);
#3566=ORIENTED_EDGE('',*,*,#2686,.T.);
#3567=ORIENTED_EDGE('',*,*,#2720,.T.);
#3568=ORIENTED_EDGE('',*,*,#2721,.T.);
#3569=ORIENTED_EDGE('',*,*,#2722,.T.);
#3570=ORIENTED_EDGE('',*,*,#2723,.T.);
#3571=ORIENTED_EDGE('',*,*,#2724,.T.);
#3572=ORIENTED_EDGE('',*,*,#2725,.T.);
#3573=ORIENTED_EDGE('',*,*,#2726,.T.);
#3574=ORIENTED_EDGE('',*,*,#2727,.T.);
#3575=ORIENTED_EDGE('',*,*,#2728,.T.);
#3576=ORIENTED_EDGE('',*,*,#2729,.T.);
#3577=ORIENTED_EDGE('',*,*,#2730,.T.);
#3578=ORIENTED_EDGE('',*,*,#2731,.T.);
#3579=ORIENTED_EDGE('',*,*,#2721,.F.);
#3580=ORIENTED_EDGE('',*,*,#2732,.T.);
#3581=ORIENTED_EDGE('',*,*,#2733,.F.);
#3582=ORIENTED_EDGE('',*,*,#2734,.F.);
#3583=ORIENTED_EDGE('',*,*,#2722,.F.);
#3584=ORIENTED_EDGE('',*,*,#2734,.T.);
#3585=ORIENTED_EDGE('',*,*,#2735,.F.);
#3586=ORIENTED_EDGE('',*,*,#2736,.F.);
#3587=ORIENTED_EDGE('',*,*,#2723,.F.);
#3588=ORIENTED_EDGE('',*,*,#2736,.T.);
#3589=ORIENTED_EDGE('',*,*,#2737,.F.);
#3590=ORIENTED_EDGE('',*,*,#2738,.F.);
#3591=ORIENTED_EDGE('',*,*,#2724,.F.);
#3592=ORIENTED_EDGE('',*,*,#2738,.T.);
#3593=ORIENTED_EDGE('',*,*,#2739,.F.);
#3594=ORIENTED_EDGE('',*,*,#2740,.F.);
#3595=ORIENTED_EDGE('',*,*,#2728,.F.);
#3596=ORIENTED_EDGE('',*,*,#2741,.T.);
#3597=ORIENTED_EDGE('',*,*,#2742,.F.);
#3598=ORIENTED_EDGE('',*,*,#2743,.F.);
#3599=ORIENTED_EDGE('',*,*,#2729,.F.);
#3600=ORIENTED_EDGE('',*,*,#2743,.T.);
#3601=ORIENTED_EDGE('',*,*,#2744,.F.);
#3602=ORIENTED_EDGE('',*,*,#2745,.F.);
#3603=ORIENTED_EDGE('',*,*,#2730,.F.);
#3604=ORIENTED_EDGE('',*,*,#2745,.T.);
#3605=ORIENTED_EDGE('',*,*,#2746,.F.);
#3606=ORIENTED_EDGE('',*,*,#2747,.F.);
#3607=ORIENTED_EDGE('',*,*,#2704,.T.);
#3608=ORIENTED_EDGE('',*,*,#2731,.F.);
#3609=ORIENTED_EDGE('',*,*,#2747,.T.);
#3610=ORIENTED_EDGE('',*,*,#2748,.F.);
#3611=ORIENTED_EDGE('',*,*,#2732,.F.);
#3612=ORIENTED_EDGE('',*,*,#2720,.F.);
#3613=ORIENTED_EDGE('',*,*,#2685,.T.);
#3614=ORIENTED_EDGE('',*,*,#2706,.T.);
#3615=ORIENTED_EDGE('',*,*,#2748,.T.);
#3616=ORIENTED_EDGE('',*,*,#2746,.T.);
#3617=ORIENTED_EDGE('',*,*,#2744,.T.);
#3618=ORIENTED_EDGE('',*,*,#2742,.T.);
#3619=ORIENTED_EDGE('',*,*,#2749,.T.);
#3620=ORIENTED_EDGE('',*,*,#2750,.T.);
#3621=ORIENTED_EDGE('',*,*,#2739,.T.);
#3622=ORIENTED_EDGE('',*,*,#2737,.T.);
#3623=ORIENTED_EDGE('',*,*,#2735,.T.);
#3624=ORIENTED_EDGE('',*,*,#2733,.T.);
#3625=ORIENTED_EDGE('',*,*,#2751,.T.);
#3626=ORIENTED_EDGE('',*,*,#2752,.T.);
#3627=ORIENTED_EDGE('',*,*,#2698,.F.);
#3628=ORIENTED_EDGE('',*,*,#2753,.T.);
#3629=ORIENTED_EDGE('',*,*,#2691,.F.);
#3630=ORIENTED_EDGE('',*,*,#2754,.T.);
#3631=ORIENTED_EDGE('',*,*,#2755,.T.);
#3632=ORIENTED_EDGE('',*,*,#2756,.F.);
#3633=ORIENTED_EDGE('',*,*,#2757,.T.);
#3634=ORIENTED_EDGE('',*,*,#2754,.F.);
#3635=ORIENTED_EDGE('',*,*,#2695,.F.);
#3636=ORIENTED_EDGE('',*,*,#2752,.F.);
#3637=ORIENTED_EDGE('',*,*,#2758,.T.);
#3638=ORIENTED_EDGE('',*,*,#2753,.F.);
#3639=ORIENTED_EDGE('',*,*,#2701,.F.);
#3640=ORIENTED_EDGE('',*,*,#2756,.T.);
#3641=ORIENTED_EDGE('',*,*,#2759,.F.);
#3642=ORIENTED_EDGE('',*,*,#2760,.T.);
#3643=ORIENTED_EDGE('',*,*,#2761,.F.);
#3644=ORIENTED_EDGE('',*,*,#2762,.T.);
#3645=ORIENTED_EDGE('',*,*,#2763,.F.);
#3646=ORIENTED_EDGE('',*,*,#2764,.T.);
#3647=ORIENTED_EDGE('',*,*,#2765,.F.);
#3648=ORIENTED_EDGE('',*,*,#2766,.T.);
#3649=ORIENTED_EDGE('',*,*,#2767,.T.);
#3650=ORIENTED_EDGE('',*,*,#2768,.T.);
#3651=ORIENTED_EDGE('',*,*,#2769,.T.);
#3652=ORIENTED_EDGE('',*,*,#2770,.T.);
#3653=ORIENTED_EDGE('',*,*,#2771,.T.);
#3654=ORIENTED_EDGE('',*,*,#2772,.T.);
#3655=ORIENTED_EDGE('',*,*,#2773,.T.);
#3656=ORIENTED_EDGE('',*,*,#2774,.T.);
#3657=ORIENTED_EDGE('',*,*,#2775,.F.);
#3658=ORIENTED_EDGE('',*,*,#2755,.F.);
#3659=ORIENTED_EDGE('',*,*,#2757,.F.);
#3660=ORIENTED_EDGE('',*,*,#2751,.F.);
#3661=ORIENTED_EDGE('',*,*,#2758,.F.);
#3662=ORIENTED_EDGE('',*,*,#2727,.F.);
#3663=ORIENTED_EDGE('',*,*,#2776,.F.);
#3664=ORIENTED_EDGE('',*,*,#2769,.F.);
#3665=ORIENTED_EDGE('',*,*,#2777,.T.);
#3666=ORIENTED_EDGE('',*,*,#2777,.F.);
#3667=ORIENTED_EDGE('',*,*,#2768,.F.);
#3668=ORIENTED_EDGE('',*,*,#2778,.T.);
#3669=ORIENTED_EDGE('',*,*,#2749,.F.);
#3670=ORIENTED_EDGE('',*,*,#2741,.F.);
#3671=ORIENTED_EDGE('',*,*,#2778,.F.);
#3672=ORIENTED_EDGE('',*,*,#2767,.F.);
#3673=ORIENTED_EDGE('',*,*,#2779,.T.);
#3674=ORIENTED_EDGE('',*,*,#2725,.F.);
#3675=ORIENTED_EDGE('',*,*,#2740,.T.);
#3676=ORIENTED_EDGE('',*,*,#2750,.F.);
#3677=ORIENTED_EDGE('',*,*,#2726,.F.);
#3678=ORIENTED_EDGE('',*,*,#2779,.F.);
#3679=ORIENTED_EDGE('',*,*,#2770,.F.);
#3680=ORIENTED_EDGE('',*,*,#2776,.T.);
#3681=ORIENTED_EDGE('',*,*,#2759,.T.);
#3682=ORIENTED_EDGE('',*,*,#2780,.T.);
#3683=ORIENTED_EDGE('',*,*,#2707,.T.);
#3684=ORIENTED_EDGE('',*,*,#2781,.T.);
#3685=ORIENTED_EDGE('',*,*,#2781,.F.);
#3686=ORIENTED_EDGE('',*,*,#2714,.F.);
#3687=ORIENTED_EDGE('',*,*,#2782,.F.);
#3688=ORIENTED_EDGE('',*,*,#2760,.F.);
#3689=ORIENTED_EDGE('',*,*,#2761,.T.);
#3690=ORIENTED_EDGE('',*,*,#2782,.T.);
#3691=ORIENTED_EDGE('',*,*,#2713,.T.);
#3692=ORIENTED_EDGE('',*,*,#2783,.T.);
#3693=ORIENTED_EDGE('',*,*,#2763,.T.);
#3694=ORIENTED_EDGE('',*,*,#2784,.T.);
#3695=ORIENTED_EDGE('',*,*,#2711,.T.);
#3696=ORIENTED_EDGE('',*,*,#2785,.T.);
#3697=ORIENTED_EDGE('',*,*,#2785,.F.);
#3698=ORIENTED_EDGE('',*,*,#2710,.F.);
#3699=ORIENTED_EDGE('',*,*,#2786,.F.);
#3700=ORIENTED_EDGE('',*,*,#2764,.F.);
#3701=ORIENTED_EDGE('',*,*,#2765,.T.);
#3702=ORIENTED_EDGE('',*,*,#2786,.T.);
#3703=ORIENTED_EDGE('',*,*,#2709,.T.);
#3704=ORIENTED_EDGE('',*,*,#2787,.T.);
#3705=ORIENTED_EDGE('',*,*,#2775,.T.);
#3706=ORIENTED_EDGE('',*,*,#2788,.T.);
#3707=ORIENTED_EDGE('',*,*,#2789,.T.);
#3708=ORIENTED_EDGE('',*,*,#2788,.F.);
#3709=ORIENTED_EDGE('',*,*,#2789,.F.);
#3710=ORIENTED_EDGE('',*,*,#2790,.T.);
#3711=ORIENTED_EDGE('',*,*,#2715,.F.);
#3712=ORIENTED_EDGE('',*,*,#2790,.F.);
#3713=ORIENTED_EDGE('',*,*,#2716,.T.);
#3714=ORIENTED_EDGE('',*,*,#2791,.T.);
#3715=ORIENTED_EDGE('',*,*,#2774,.F.);
#3716=ORIENTED_EDGE('',*,*,#2791,.F.);
#3717=ORIENTED_EDGE('',*,*,#2717,.T.);
#3718=ORIENTED_EDGE('',*,*,#2792,.T.);
#3719=ORIENTED_EDGE('',*,*,#2773,.F.);
#3720=ORIENTED_EDGE('',*,*,#2792,.F.);
#3721=ORIENTED_EDGE('',*,*,#2718,.T.);
#3722=ORIENTED_EDGE('',*,*,#2793,.T.);
#3723=ORIENTED_EDGE('',*,*,#2772,.F.);
#3724=ORIENTED_EDGE('',*,*,#2793,.F.);
#3725=ORIENTED_EDGE('',*,*,#2719,.T.);
#3726=ORIENTED_EDGE('',*,*,#2794,.T.);
#3727=ORIENTED_EDGE('',*,*,#2771,.F.);
#3728=ORIENTED_EDGE('',*,*,#2794,.F.);
#3729=ORIENTED_EDGE('',*,*,#2780,.F.);
#3730=ORIENTED_EDGE('',*,*,#2766,.F.);
#3731=ORIENTED_EDGE('',*,*,#2787,.F.);
#3732=ORIENTED_EDGE('',*,*,#2708,.F.);
#3733=ORIENTED_EDGE('',*,*,#2783,.F.);
#3734=ORIENTED_EDGE('',*,*,#2712,.F.);
#3735=ORIENTED_EDGE('',*,*,#2784,.F.);
#3736=ORIENTED_EDGE('',*,*,#2762,.F.);
#3737=ORIENTED_EDGE('',*,*,#2795,.F.);
#3738=ORIENTED_EDGE('',*,*,#2796,.T.);
#3739=ORIENTED_EDGE('',*,*,#2797,.F.);
#3740=ORIENTED_EDGE('',*,*,#2798,.F.);
#3741=ORIENTED_EDGE('',*,*,#2799,.F.);
#3742=ORIENTED_EDGE('',*,*,#2798,.T.);
#3743=ORIENTED_EDGE('',*,*,#2800,.F.);
#3744=ORIENTED_EDGE('',*,*,#2801,.F.);
#3745=ORIENTED_EDGE('',*,*,#2802,.F.);
#3746=ORIENTED_EDGE('',*,*,#2801,.T.);
#3747=ORIENTED_EDGE('',*,*,#2803,.F.);
#3748=ORIENTED_EDGE('',*,*,#2804,.F.);
#3749=ORIENTED_EDGE('',*,*,#2805,.F.);
#3750=ORIENTED_EDGE('',*,*,#2804,.T.);
#3751=ORIENTED_EDGE('',*,*,#2806,.F.);
#3752=ORIENTED_EDGE('',*,*,#2807,.F.);
#3753=ORIENTED_EDGE('',*,*,#2808,.F.);
#3754=ORIENTED_EDGE('',*,*,#2807,.T.);
#3755=ORIENTED_EDGE('',*,*,#2809,.F.);
#3756=ORIENTED_EDGE('',*,*,#2810,.F.);
#3757=ORIENTED_EDGE('',*,*,#2811,.F.);
#3758=ORIENTED_EDGE('',*,*,#2810,.T.);
#3759=ORIENTED_EDGE('',*,*,#2812,.F.);
#3760=ORIENTED_EDGE('',*,*,#2813,.F.);
#3761=ORIENTED_EDGE('',*,*,#2814,.F.);
#3762=ORIENTED_EDGE('',*,*,#2813,.T.);
#3763=ORIENTED_EDGE('',*,*,#2815,.F.);
#3764=ORIENTED_EDGE('',*,*,#2796,.F.);
#3765=ORIENTED_EDGE('',*,*,#2816,.F.);
#3766=ORIENTED_EDGE('',*,*,#2817,.T.);
#3767=ORIENTED_EDGE('',*,*,#2818,.F.);
#3768=ORIENTED_EDGE('',*,*,#2819,.F.);
#3769=ORIENTED_EDGE('',*,*,#2820,.F.);
#3770=ORIENTED_EDGE('',*,*,#2819,.T.);
#3771=ORIENTED_EDGE('',*,*,#2821,.F.);
#3772=ORIENTED_EDGE('',*,*,#2822,.F.);
#3773=ORIENTED_EDGE('',*,*,#2823,.F.);
#3774=ORIENTED_EDGE('',*,*,#2822,.T.);
#3775=ORIENTED_EDGE('',*,*,#2824,.F.);
#3776=ORIENTED_EDGE('',*,*,#2825,.F.);
#3777=ORIENTED_EDGE('',*,*,#2826,.F.);
#3778=ORIENTED_EDGE('',*,*,#2825,.T.);
#3779=ORIENTED_EDGE('',*,*,#2827,.F.);
#3780=ORIENTED_EDGE('',*,*,#2828,.F.);
#3781=ORIENTED_EDGE('',*,*,#2829,.F.);
#3782=ORIENTED_EDGE('',*,*,#2828,.T.);
#3783=ORIENTED_EDGE('',*,*,#2830,.F.);
#3784=ORIENTED_EDGE('',*,*,#2831,.F.);
#3785=ORIENTED_EDGE('',*,*,#2832,.F.);
#3786=ORIENTED_EDGE('',*,*,#2831,.T.);
#3787=ORIENTED_EDGE('',*,*,#2833,.F.);
#3788=ORIENTED_EDGE('',*,*,#2834,.F.);
#3789=ORIENTED_EDGE('',*,*,#2835,.F.);
#3790=ORIENTED_EDGE('',*,*,#2834,.T.);
#3791=ORIENTED_EDGE('',*,*,#2836,.F.);
#3792=ORIENTED_EDGE('',*,*,#2837,.F.);
#3793=ORIENTED_EDGE('',*,*,#2838,.F.);
#3794=ORIENTED_EDGE('',*,*,#2837,.T.);
#3795=ORIENTED_EDGE('',*,*,#2839,.F.);
#3796=ORIENTED_EDGE('',*,*,#2840,.F.);
#3797=ORIENTED_EDGE('',*,*,#2841,.F.);
#3798=ORIENTED_EDGE('',*,*,#2840,.T.);
#3799=ORIENTED_EDGE('',*,*,#2842,.F.);
#3800=ORIENTED_EDGE('',*,*,#2843,.F.);
#3801=ORIENTED_EDGE('',*,*,#2844,.F.);
#3802=ORIENTED_EDGE('',*,*,#2843,.T.);
#3803=ORIENTED_EDGE('',*,*,#2845,.F.);
#3804=ORIENTED_EDGE('',*,*,#2846,.F.);
#3805=ORIENTED_EDGE('',*,*,#2847,.F.);
#3806=ORIENTED_EDGE('',*,*,#2846,.T.);
#3807=ORIENTED_EDGE('',*,*,#2848,.F.);
#3808=ORIENTED_EDGE('',*,*,#2849,.F.);
#3809=ORIENTED_EDGE('',*,*,#2850,.F.);
#3810=ORIENTED_EDGE('',*,*,#2849,.T.);
#3811=ORIENTED_EDGE('',*,*,#2851,.F.);
#3812=ORIENTED_EDGE('',*,*,#2852,.F.);
#3813=ORIENTED_EDGE('',*,*,#2853,.F.);
#3814=ORIENTED_EDGE('',*,*,#2852,.T.);
#3815=ORIENTED_EDGE('',*,*,#2854,.F.);
#3816=ORIENTED_EDGE('',*,*,#2855,.F.);
#3817=ORIENTED_EDGE('',*,*,#2856,.F.);
#3818=ORIENTED_EDGE('',*,*,#2855,.T.);
#3819=ORIENTED_EDGE('',*,*,#2857,.F.);
#3820=ORIENTED_EDGE('',*,*,#2858,.F.);
#3821=ORIENTED_EDGE('',*,*,#2859,.F.);
#3822=ORIENTED_EDGE('',*,*,#2858,.T.);
#3823=ORIENTED_EDGE('',*,*,#2860,.F.);
#3824=ORIENTED_EDGE('',*,*,#2861,.F.);
#3825=ORIENTED_EDGE('',*,*,#2862,.F.);
#3826=ORIENTED_EDGE('',*,*,#2861,.T.);
#3827=ORIENTED_EDGE('',*,*,#2863,.F.);
#3828=ORIENTED_EDGE('',*,*,#2864,.F.);
#3829=ORIENTED_EDGE('',*,*,#2865,.F.);
#3830=ORIENTED_EDGE('',*,*,#2864,.T.);
#3831=ORIENTED_EDGE('',*,*,#2866,.F.);
#3832=ORIENTED_EDGE('',*,*,#2867,.F.);
#3833=ORIENTED_EDGE('',*,*,#2868,.F.);
#3834=ORIENTED_EDGE('',*,*,#2867,.T.);
#3835=ORIENTED_EDGE('',*,*,#2869,.F.);
#3836=ORIENTED_EDGE('',*,*,#2870,.F.);
#3837=ORIENTED_EDGE('',*,*,#2871,.F.);
#3838=ORIENTED_EDGE('',*,*,#2870,.T.);
#3839=ORIENTED_EDGE('',*,*,#2872,.F.);
#3840=ORIENTED_EDGE('',*,*,#2873,.F.);
#3841=ORIENTED_EDGE('',*,*,#2874,.F.);
#3842=ORIENTED_EDGE('',*,*,#2873,.T.);
#3843=ORIENTED_EDGE('',*,*,#2875,.F.);
#3844=ORIENTED_EDGE('',*,*,#2876,.F.);
#3845=ORIENTED_EDGE('',*,*,#2877,.F.);
#3846=ORIENTED_EDGE('',*,*,#2876,.T.);
#3847=ORIENTED_EDGE('',*,*,#2878,.F.);
#3848=ORIENTED_EDGE('',*,*,#2879,.F.);
#3849=ORIENTED_EDGE('',*,*,#2880,.F.);
#3850=ORIENTED_EDGE('',*,*,#2879,.T.);
#3851=ORIENTED_EDGE('',*,*,#2881,.F.);
#3852=ORIENTED_EDGE('',*,*,#2882,.F.);
#3853=ORIENTED_EDGE('',*,*,#2883,.F.);
#3854=ORIENTED_EDGE('',*,*,#2882,.T.);
#3855=ORIENTED_EDGE('',*,*,#2884,.F.);
#3856=ORIENTED_EDGE('',*,*,#2885,.F.);
#3857=ORIENTED_EDGE('',*,*,#2886,.F.);
#3858=ORIENTED_EDGE('',*,*,#2885,.T.);
#3859=ORIENTED_EDGE('',*,*,#2887,.F.);
#3860=ORIENTED_EDGE('',*,*,#2888,.F.);
#3861=ORIENTED_EDGE('',*,*,#2889,.F.);
#3862=ORIENTED_EDGE('',*,*,#2888,.T.);
#3863=ORIENTED_EDGE('',*,*,#2890,.F.);
#3864=ORIENTED_EDGE('',*,*,#2891,.F.);
#3865=ORIENTED_EDGE('',*,*,#2892,.F.);
#3866=ORIENTED_EDGE('',*,*,#2891,.T.);
#3867=ORIENTED_EDGE('',*,*,#2893,.F.);
#3868=ORIENTED_EDGE('',*,*,#2894,.F.);
#3869=ORIENTED_EDGE('',*,*,#2895,.F.);
#3870=ORIENTED_EDGE('',*,*,#2894,.T.);
#3871=ORIENTED_EDGE('',*,*,#2896,.F.);
#3872=ORIENTED_EDGE('',*,*,#2817,.F.);
#3873=ORIENTED_EDGE('',*,*,#2896,.T.);
#3874=ORIENTED_EDGE('',*,*,#2893,.T.);
#3875=ORIENTED_EDGE('',*,*,#2890,.T.);
#3876=ORIENTED_EDGE('',*,*,#2887,.T.);
#3877=ORIENTED_EDGE('',*,*,#2884,.T.);
#3878=ORIENTED_EDGE('',*,*,#2881,.T.);
#3879=ORIENTED_EDGE('',*,*,#2878,.T.);
#3880=ORIENTED_EDGE('',*,*,#2875,.T.);
#3881=ORIENTED_EDGE('',*,*,#2872,.T.);
#3882=ORIENTED_EDGE('',*,*,#2869,.T.);
#3883=ORIENTED_EDGE('',*,*,#2866,.T.);
#3884=ORIENTED_EDGE('',*,*,#2863,.T.);
#3885=ORIENTED_EDGE('',*,*,#2860,.T.);
#3886=ORIENTED_EDGE('',*,*,#2857,.T.);
#3887=ORIENTED_EDGE('',*,*,#2854,.T.);
#3888=ORIENTED_EDGE('',*,*,#2851,.T.);
#3889=ORIENTED_EDGE('',*,*,#2848,.T.);
#3890=ORIENTED_EDGE('',*,*,#2845,.T.);
#3891=ORIENTED_EDGE('',*,*,#2842,.T.);
#3892=ORIENTED_EDGE('',*,*,#2839,.T.);
#3893=ORIENTED_EDGE('',*,*,#2836,.T.);
#3894=ORIENTED_EDGE('',*,*,#2833,.T.);
#3895=ORIENTED_EDGE('',*,*,#2830,.T.);
#3896=ORIENTED_EDGE('',*,*,#2827,.T.);
#3897=ORIENTED_EDGE('',*,*,#2824,.T.);
#3898=ORIENTED_EDGE('',*,*,#2821,.T.);
#3899=ORIENTED_EDGE('',*,*,#2818,.T.);
#3900=ORIENTED_EDGE('',*,*,#2815,.T.);
#3901=ORIENTED_EDGE('',*,*,#2812,.T.);
#3902=ORIENTED_EDGE('',*,*,#2809,.T.);
#3903=ORIENTED_EDGE('',*,*,#2806,.T.);
#3904=ORIENTED_EDGE('',*,*,#2803,.T.);
#3905=ORIENTED_EDGE('',*,*,#2800,.T.);
#3906=ORIENTED_EDGE('',*,*,#2797,.T.);
#3907=ORIENTED_EDGE('',*,*,#2895,.T.);
#3908=ORIENTED_EDGE('',*,*,#2816,.T.);
#3909=ORIENTED_EDGE('',*,*,#2820,.T.);
#3910=ORIENTED_EDGE('',*,*,#2823,.T.);
#3911=ORIENTED_EDGE('',*,*,#2826,.T.);
#3912=ORIENTED_EDGE('',*,*,#2829,.T.);
#3913=ORIENTED_EDGE('',*,*,#2832,.T.);
#3914=ORIENTED_EDGE('',*,*,#2835,.T.);
#3915=ORIENTED_EDGE('',*,*,#2838,.T.);
#3916=ORIENTED_EDGE('',*,*,#2841,.T.);
#3917=ORIENTED_EDGE('',*,*,#2844,.T.);
#3918=ORIENTED_EDGE('',*,*,#2847,.T.);
#3919=ORIENTED_EDGE('',*,*,#2850,.T.);
#3920=ORIENTED_EDGE('',*,*,#2853,.T.);
#3921=ORIENTED_EDGE('',*,*,#2856,.T.);
#3922=ORIENTED_EDGE('',*,*,#2859,.T.);
#3923=ORIENTED_EDGE('',*,*,#2862,.T.);
#3924=ORIENTED_EDGE('',*,*,#2865,.T.);
#3925=ORIENTED_EDGE('',*,*,#2868,.T.);
#3926=ORIENTED_EDGE('',*,*,#2871,.T.);
#3927=ORIENTED_EDGE('',*,*,#2874,.T.);
#3928=ORIENTED_EDGE('',*,*,#2877,.T.);
#3929=ORIENTED_EDGE('',*,*,#2880,.T.);
#3930=ORIENTED_EDGE('',*,*,#2883,.T.);
#3931=ORIENTED_EDGE('',*,*,#2886,.T.);
#3932=ORIENTED_EDGE('',*,*,#2889,.T.);
#3933=ORIENTED_EDGE('',*,*,#2892,.T.);
#3934=ORIENTED_EDGE('',*,*,#2814,.T.);
#3935=ORIENTED_EDGE('',*,*,#2795,.T.);
#3936=ORIENTED_EDGE('',*,*,#2799,.T.);
#3937=ORIENTED_EDGE('',*,*,#2802,.T.);
#3938=ORIENTED_EDGE('',*,*,#2805,.T.);
#3939=ORIENTED_EDGE('',*,*,#2808,.T.);
#3940=ORIENTED_EDGE('',*,*,#2811,.T.);
#3941=ORIENTED_EDGE('',*,*,#2897,.F.);
#3942=ORIENTED_EDGE('',*,*,#2898,.T.);
#3943=ORIENTED_EDGE('',*,*,#2899,.F.);
#3944=ORIENTED_EDGE('',*,*,#2900,.F.);
#3945=ORIENTED_EDGE('',*,*,#2901,.F.);
#3946=ORIENTED_EDGE('',*,*,#2900,.T.);
#3947=ORIENTED_EDGE('',*,*,#2902,.F.);
#3948=ORIENTED_EDGE('',*,*,#2903,.F.);
#3949=ORIENTED_EDGE('',*,*,#2904,.F.);
#3950=ORIENTED_EDGE('',*,*,#2903,.T.);
#3951=ORIENTED_EDGE('',*,*,#2905,.F.);
#3952=ORIENTED_EDGE('',*,*,#2906,.F.);
#3953=ORIENTED_EDGE('',*,*,#2907,.F.);
#3954=ORIENTED_EDGE('',*,*,#2906,.T.);
#3955=ORIENTED_EDGE('',*,*,#2908,.F.);
#3956=ORIENTED_EDGE('',*,*,#2909,.F.);
#3957=ORIENTED_EDGE('',*,*,#2910,.F.);
#3958=ORIENTED_EDGE('',*,*,#2909,.T.);
#3959=ORIENTED_EDGE('',*,*,#2911,.F.);
#3960=ORIENTED_EDGE('',*,*,#2912,.F.);
#3961=ORIENTED_EDGE('',*,*,#2913,.F.);
#3962=ORIENTED_EDGE('',*,*,#2912,.T.);
#3963=ORIENTED_EDGE('',*,*,#2914,.F.);
#3964=ORIENTED_EDGE('',*,*,#2915,.F.);
#3965=ORIENTED_EDGE('',*,*,#2916,.F.);
#3966=ORIENTED_EDGE('',*,*,#2915,.T.);
#3967=ORIENTED_EDGE('',*,*,#2917,.F.);
#3968=ORIENTED_EDGE('',*,*,#2918,.F.);
#3969=ORIENTED_EDGE('',*,*,#2919,.F.);
#3970=ORIENTED_EDGE('',*,*,#2918,.T.);
#3971=ORIENTED_EDGE('',*,*,#2920,.F.);
#3972=ORIENTED_EDGE('',*,*,#2921,.F.);
#3973=ORIENTED_EDGE('',*,*,#2922,.F.);
#3974=ORIENTED_EDGE('',*,*,#2921,.T.);
#3975=ORIENTED_EDGE('',*,*,#2923,.F.);
#3976=ORIENTED_EDGE('',*,*,#2924,.F.);
#3977=ORIENTED_EDGE('',*,*,#2925,.F.);
#3978=ORIENTED_EDGE('',*,*,#2924,.T.);
#3979=ORIENTED_EDGE('',*,*,#2926,.F.);
#3980=ORIENTED_EDGE('',*,*,#2927,.F.);
#3981=ORIENTED_EDGE('',*,*,#2928,.F.);
#3982=ORIENTED_EDGE('',*,*,#2927,.T.);
#3983=ORIENTED_EDGE('',*,*,#2929,.F.);
#3984=ORIENTED_EDGE('',*,*,#2930,.F.);
#3985=ORIENTED_EDGE('',*,*,#2931,.F.);
#3986=ORIENTED_EDGE('',*,*,#2930,.T.);
#3987=ORIENTED_EDGE('',*,*,#2932,.F.);
#3988=ORIENTED_EDGE('',*,*,#2933,.F.);
#3989=ORIENTED_EDGE('',*,*,#2934,.F.);
#3990=ORIENTED_EDGE('',*,*,#2933,.T.);
#3991=ORIENTED_EDGE('',*,*,#2935,.F.);
#3992=ORIENTED_EDGE('',*,*,#2936,.F.);
#3993=ORIENTED_EDGE('',*,*,#2937,.F.);
#3994=ORIENTED_EDGE('',*,*,#2936,.T.);
#3995=ORIENTED_EDGE('',*,*,#2938,.F.);
#3996=ORIENTED_EDGE('',*,*,#2939,.F.);
#3997=ORIENTED_EDGE('',*,*,#2940,.F.);
#3998=ORIENTED_EDGE('',*,*,#2939,.T.);
#3999=ORIENTED_EDGE('',*,*,#2941,.F.);
#4000=ORIENTED_EDGE('',*,*,#2942,.F.);
#4001=ORIENTED_EDGE('',*,*,#2943,.F.);
#4002=ORIENTED_EDGE('',*,*,#2942,.T.);
#4003=ORIENTED_EDGE('',*,*,#2944,.F.);
#4004=ORIENTED_EDGE('',*,*,#2945,.F.);
#4005=ORIENTED_EDGE('',*,*,#2946,.F.);
#4006=ORIENTED_EDGE('',*,*,#2945,.T.);
#4007=ORIENTED_EDGE('',*,*,#2947,.F.);
#4008=ORIENTED_EDGE('',*,*,#2948,.F.);
#4009=ORIENTED_EDGE('',*,*,#2949,.F.);
#4010=ORIENTED_EDGE('',*,*,#2948,.T.);
#4011=ORIENTED_EDGE('',*,*,#2950,.F.);
#4012=ORIENTED_EDGE('',*,*,#2951,.F.);
#4013=ORIENTED_EDGE('',*,*,#2952,.F.);
#4014=ORIENTED_EDGE('',*,*,#2951,.T.);
#4015=ORIENTED_EDGE('',*,*,#2953,.F.);
#4016=ORIENTED_EDGE('',*,*,#2954,.F.);
#4017=ORIENTED_EDGE('',*,*,#2955,.F.);
#4018=ORIENTED_EDGE('',*,*,#2954,.T.);
#4019=ORIENTED_EDGE('',*,*,#2956,.F.);
#4020=ORIENTED_EDGE('',*,*,#2957,.F.);
#4021=ORIENTED_EDGE('',*,*,#2958,.F.);
#4022=ORIENTED_EDGE('',*,*,#2957,.T.);
#4023=ORIENTED_EDGE('',*,*,#2959,.F.);
#4024=ORIENTED_EDGE('',*,*,#2960,.F.);
#4025=ORIENTED_EDGE('',*,*,#2961,.F.);
#4026=ORIENTED_EDGE('',*,*,#2960,.T.);
#4027=ORIENTED_EDGE('',*,*,#2962,.F.);
#4028=ORIENTED_EDGE('',*,*,#2963,.F.);
#4029=ORIENTED_EDGE('',*,*,#2964,.F.);
#4030=ORIENTED_EDGE('',*,*,#2963,.T.);
#4031=ORIENTED_EDGE('',*,*,#2965,.F.);
#4032=ORIENTED_EDGE('',*,*,#2966,.F.);
#4033=ORIENTED_EDGE('',*,*,#2967,.F.);
#4034=ORIENTED_EDGE('',*,*,#2966,.T.);
#4035=ORIENTED_EDGE('',*,*,#2968,.F.);
#4036=ORIENTED_EDGE('',*,*,#2969,.F.);
#4037=ORIENTED_EDGE('',*,*,#2970,.F.);
#4038=ORIENTED_EDGE('',*,*,#2969,.T.);
#4039=ORIENTED_EDGE('',*,*,#2971,.F.);
#4040=ORIENTED_EDGE('',*,*,#2972,.F.);
#4041=ORIENTED_EDGE('',*,*,#2973,.F.);
#4042=ORIENTED_EDGE('',*,*,#2972,.T.);
#4043=ORIENTED_EDGE('',*,*,#2974,.F.);
#4044=ORIENTED_EDGE('',*,*,#2975,.F.);
#4045=ORIENTED_EDGE('',*,*,#2976,.F.);
#4046=ORIENTED_EDGE('',*,*,#2975,.T.);
#4047=ORIENTED_EDGE('',*,*,#2977,.F.);
#4048=ORIENTED_EDGE('',*,*,#2978,.F.);
#4049=ORIENTED_EDGE('',*,*,#2979,.F.);
#4050=ORIENTED_EDGE('',*,*,#2978,.T.);
#4051=ORIENTED_EDGE('',*,*,#2980,.F.);
#4052=ORIENTED_EDGE('',*,*,#2898,.F.);
#4053=ORIENTED_EDGE('',*,*,#2980,.T.);
#4054=ORIENTED_EDGE('',*,*,#2977,.T.);
#4055=ORIENTED_EDGE('',*,*,#2974,.T.);
#4056=ORIENTED_EDGE('',*,*,#2971,.T.);
#4057=ORIENTED_EDGE('',*,*,#2968,.T.);
#4058=ORIENTED_EDGE('',*,*,#2965,.T.);
#4059=ORIENTED_EDGE('',*,*,#2962,.T.);
#4060=ORIENTED_EDGE('',*,*,#2959,.T.);
#4061=ORIENTED_EDGE('',*,*,#2956,.T.);
#4062=ORIENTED_EDGE('',*,*,#2953,.T.);
#4063=ORIENTED_EDGE('',*,*,#2950,.T.);
#4064=ORIENTED_EDGE('',*,*,#2947,.T.);
#4065=ORIENTED_EDGE('',*,*,#2944,.T.);
#4066=ORIENTED_EDGE('',*,*,#2941,.T.);
#4067=ORIENTED_EDGE('',*,*,#2938,.T.);
#4068=ORIENTED_EDGE('',*,*,#2935,.T.);
#4069=ORIENTED_EDGE('',*,*,#2932,.T.);
#4070=ORIENTED_EDGE('',*,*,#2929,.T.);
#4071=ORIENTED_EDGE('',*,*,#2926,.T.);
#4072=ORIENTED_EDGE('',*,*,#2923,.T.);
#4073=ORIENTED_EDGE('',*,*,#2920,.T.);
#4074=ORIENTED_EDGE('',*,*,#2917,.T.);
#4075=ORIENTED_EDGE('',*,*,#2914,.T.);
#4076=ORIENTED_EDGE('',*,*,#2911,.T.);
#4077=ORIENTED_EDGE('',*,*,#2908,.T.);
#4078=ORIENTED_EDGE('',*,*,#2905,.T.);
#4079=ORIENTED_EDGE('',*,*,#2902,.T.);
#4080=ORIENTED_EDGE('',*,*,#2899,.T.);
#4081=ORIENTED_EDGE('',*,*,#2979,.T.);
#4082=ORIENTED_EDGE('',*,*,#2897,.T.);
#4083=ORIENTED_EDGE('',*,*,#2901,.T.);
#4084=ORIENTED_EDGE('',*,*,#2904,.T.);
#4085=ORIENTED_EDGE('',*,*,#2907,.T.);
#4086=ORIENTED_EDGE('',*,*,#2910,.T.);
#4087=ORIENTED_EDGE('',*,*,#2913,.T.);
#4088=ORIENTED_EDGE('',*,*,#2916,.T.);
#4089=ORIENTED_EDGE('',*,*,#2919,.T.);
#4090=ORIENTED_EDGE('',*,*,#2922,.T.);
#4091=ORIENTED_EDGE('',*,*,#2925,.T.);
#4092=ORIENTED_EDGE('',*,*,#2928,.T.);
#4093=ORIENTED_EDGE('',*,*,#2931,.T.);
#4094=ORIENTED_EDGE('',*,*,#2934,.T.);
#4095=ORIENTED_EDGE('',*,*,#2937,.T.);
#4096=ORIENTED_EDGE('',*,*,#2940,.T.);
#4097=ORIENTED_EDGE('',*,*,#2943,.T.);
#4098=ORIENTED_EDGE('',*,*,#2946,.T.);
#4099=ORIENTED_EDGE('',*,*,#2949,.T.);
#4100=ORIENTED_EDGE('',*,*,#2952,.T.);
#4101=ORIENTED_EDGE('',*,*,#2955,.T.);
#4102=ORIENTED_EDGE('',*,*,#2958,.T.);
#4103=ORIENTED_EDGE('',*,*,#2961,.T.);
#4104=ORIENTED_EDGE('',*,*,#2964,.T.);
#4105=ORIENTED_EDGE('',*,*,#2967,.T.);
#4106=ORIENTED_EDGE('',*,*,#2970,.T.);
#4107=ORIENTED_EDGE('',*,*,#2973,.T.);
#4108=ORIENTED_EDGE('',*,*,#2976,.T.);
#4109=ORIENTED_EDGE('',*,*,#2981,.F.);
#4110=ORIENTED_EDGE('',*,*,#2982,.T.);
#4111=ORIENTED_EDGE('',*,*,#2983,.F.);
#4112=ORIENTED_EDGE('',*,*,#2984,.F.);
#4113=ORIENTED_EDGE('',*,*,#2985,.F.);
#4114=ORIENTED_EDGE('',*,*,#2984,.T.);
#4115=ORIENTED_EDGE('',*,*,#2986,.F.);
#4116=ORIENTED_EDGE('',*,*,#2987,.F.);
#4117=ORIENTED_EDGE('',*,*,#2988,.F.);
#4118=ORIENTED_EDGE('',*,*,#2987,.T.);
#4119=ORIENTED_EDGE('',*,*,#2989,.F.);
#4120=ORIENTED_EDGE('',*,*,#2990,.F.);
#4121=ORIENTED_EDGE('',*,*,#2991,.F.);
#4122=ORIENTED_EDGE('',*,*,#2990,.T.);
#4123=ORIENTED_EDGE('',*,*,#2992,.F.);
#4124=ORIENTED_EDGE('',*,*,#2993,.F.);
#4125=ORIENTED_EDGE('',*,*,#2994,.F.);
#4126=ORIENTED_EDGE('',*,*,#2993,.T.);
#4127=ORIENTED_EDGE('',*,*,#2995,.F.);
#4128=ORIENTED_EDGE('',*,*,#2996,.F.);
#4129=ORIENTED_EDGE('',*,*,#2997,.F.);
#4130=ORIENTED_EDGE('',*,*,#2996,.T.);
#4131=ORIENTED_EDGE('',*,*,#2998,.F.);
#4132=ORIENTED_EDGE('',*,*,#2999,.F.);
#4133=ORIENTED_EDGE('',*,*,#3000,.F.);
#4134=ORIENTED_EDGE('',*,*,#2999,.T.);
#4135=ORIENTED_EDGE('',*,*,#3001,.F.);
#4136=ORIENTED_EDGE('',*,*,#3002,.F.);
#4137=ORIENTED_EDGE('',*,*,#3003,.F.);
#4138=ORIENTED_EDGE('',*,*,#3002,.T.);
#4139=ORIENTED_EDGE('',*,*,#3004,.F.);
#4140=ORIENTED_EDGE('',*,*,#2982,.F.);
#4141=ORIENTED_EDGE('',*,*,#3005,.F.);
#4142=ORIENTED_EDGE('',*,*,#3006,.T.);
#4143=ORIENTED_EDGE('',*,*,#3007,.F.);
#4144=ORIENTED_EDGE('',*,*,#3008,.F.);
#4145=ORIENTED_EDGE('',*,*,#3009,.F.);
#4146=ORIENTED_EDGE('',*,*,#3008,.T.);
#4147=ORIENTED_EDGE('',*,*,#3010,.F.);
#4148=ORIENTED_EDGE('',*,*,#3011,.F.);
#4149=ORIENTED_EDGE('',*,*,#3012,.F.);
#4150=ORIENTED_EDGE('',*,*,#3011,.T.);
#4151=ORIENTED_EDGE('',*,*,#3013,.F.);
#4152=ORIENTED_EDGE('',*,*,#3014,.F.);
#4153=ORIENTED_EDGE('',*,*,#3015,.F.);
#4154=ORIENTED_EDGE('',*,*,#3014,.T.);
#4155=ORIENTED_EDGE('',*,*,#3016,.F.);
#4156=ORIENTED_EDGE('',*,*,#3017,.F.);
#4157=ORIENTED_EDGE('',*,*,#3018,.F.);
#4158=ORIENTED_EDGE('',*,*,#3017,.T.);
#4159=ORIENTED_EDGE('',*,*,#3019,.F.);
#4160=ORIENTED_EDGE('',*,*,#3020,.F.);
#4161=ORIENTED_EDGE('',*,*,#3021,.F.);
#4162=ORIENTED_EDGE('',*,*,#3020,.T.);
#4163=ORIENTED_EDGE('',*,*,#3022,.F.);
#4164=ORIENTED_EDGE('',*,*,#3023,.F.);
#4165=ORIENTED_EDGE('',*,*,#3024,.F.);
#4166=ORIENTED_EDGE('',*,*,#3023,.T.);
#4167=ORIENTED_EDGE('',*,*,#3025,.F.);
#4168=ORIENTED_EDGE('',*,*,#3026,.F.);
#4169=ORIENTED_EDGE('',*,*,#3027,.F.);
#4170=ORIENTED_EDGE('',*,*,#3026,.T.);
#4171=ORIENTED_EDGE('',*,*,#3028,.F.);
#4172=ORIENTED_EDGE('',*,*,#3006,.F.);
#4173=ORIENTED_EDGE('',*,*,#3028,.T.);
#4174=ORIENTED_EDGE('',*,*,#3025,.T.);
#4175=ORIENTED_EDGE('',*,*,#3022,.T.);
#4176=ORIENTED_EDGE('',*,*,#3019,.T.);
#4177=ORIENTED_EDGE('',*,*,#3016,.T.);
#4178=ORIENTED_EDGE('',*,*,#3013,.T.);
#4179=ORIENTED_EDGE('',*,*,#3010,.T.);
#4180=ORIENTED_EDGE('',*,*,#3007,.T.);
#4181=ORIENTED_EDGE('',*,*,#3004,.T.);
#4182=ORIENTED_EDGE('',*,*,#3001,.T.);
#4183=ORIENTED_EDGE('',*,*,#2998,.T.);
#4184=ORIENTED_EDGE('',*,*,#2995,.T.);
#4185=ORIENTED_EDGE('',*,*,#2992,.T.);
#4186=ORIENTED_EDGE('',*,*,#2989,.T.);
#4187=ORIENTED_EDGE('',*,*,#2986,.T.);
#4188=ORIENTED_EDGE('',*,*,#2983,.T.);
#4189=ORIENTED_EDGE('',*,*,#3027,.T.);
#4190=ORIENTED_EDGE('',*,*,#3005,.T.);
#4191=ORIENTED_EDGE('',*,*,#3009,.T.);
#4192=ORIENTED_EDGE('',*,*,#3012,.T.);
#4193=ORIENTED_EDGE('',*,*,#3015,.T.);
#4194=ORIENTED_EDGE('',*,*,#3018,.T.);
#4195=ORIENTED_EDGE('',*,*,#3021,.T.);
#4196=ORIENTED_EDGE('',*,*,#3024,.T.);
#4197=ORIENTED_EDGE('',*,*,#3003,.T.);
#4198=ORIENTED_EDGE('',*,*,#2981,.T.);
#4199=ORIENTED_EDGE('',*,*,#2985,.T.);
#4200=ORIENTED_EDGE('',*,*,#2988,.T.);
#4201=ORIENTED_EDGE('',*,*,#2991,.T.);
#4202=ORIENTED_EDGE('',*,*,#2994,.T.);
#4203=ORIENTED_EDGE('',*,*,#2997,.T.);
#4204=ORIENTED_EDGE('',*,*,#3000,.T.);
#4205=ORIENTED_EDGE('',*,*,#3029,.F.);
#4206=ORIENTED_EDGE('',*,*,#3030,.T.);
#4207=ORIENTED_EDGE('',*,*,#3031,.F.);
#4208=ORIENTED_EDGE('',*,*,#3032,.F.);
#4209=ORIENTED_EDGE('',*,*,#3033,.F.);
#4210=ORIENTED_EDGE('',*,*,#3032,.T.);
#4211=ORIENTED_EDGE('',*,*,#3034,.F.);
#4212=ORIENTED_EDGE('',*,*,#3035,.F.);
#4213=ORIENTED_EDGE('',*,*,#3036,.F.);
#4214=ORIENTED_EDGE('',*,*,#3035,.T.);
#4215=ORIENTED_EDGE('',*,*,#3037,.F.);
#4216=ORIENTED_EDGE('',*,*,#3038,.F.);
#4217=ORIENTED_EDGE('',*,*,#3039,.F.);
#4218=ORIENTED_EDGE('',*,*,#3038,.T.);
#4219=ORIENTED_EDGE('',*,*,#3040,.F.);
#4220=ORIENTED_EDGE('',*,*,#3041,.F.);
#4221=ORIENTED_EDGE('',*,*,#3042,.F.);
#4222=ORIENTED_EDGE('',*,*,#3041,.T.);
#4223=ORIENTED_EDGE('',*,*,#3043,.F.);
#4224=ORIENTED_EDGE('',*,*,#3044,.F.);
#4225=ORIENTED_EDGE('',*,*,#3045,.F.);
#4226=ORIENTED_EDGE('',*,*,#3044,.T.);
#4227=ORIENTED_EDGE('',*,*,#3046,.F.);
#4228=ORIENTED_EDGE('',*,*,#3047,.F.);
#4229=ORIENTED_EDGE('',*,*,#3048,.F.);
#4230=ORIENTED_EDGE('',*,*,#3047,.T.);
#4231=ORIENTED_EDGE('',*,*,#3049,.F.);
#4232=ORIENTED_EDGE('',*,*,#3030,.F.);
#4233=ORIENTED_EDGE('',*,*,#3050,.F.);
#4234=ORIENTED_EDGE('',*,*,#3051,.T.);
#4235=ORIENTED_EDGE('',*,*,#3052,.F.);
#4236=ORIENTED_EDGE('',*,*,#3053,.F.);
#4237=ORIENTED_EDGE('',*,*,#3054,.F.);
#4238=ORIENTED_EDGE('',*,*,#3053,.T.);
#4239=ORIENTED_EDGE('',*,*,#3055,.F.);
#4240=ORIENTED_EDGE('',*,*,#3056,.F.);
#4241=ORIENTED_EDGE('',*,*,#3057,.F.);
#4242=ORIENTED_EDGE('',*,*,#3056,.T.);
#4243=ORIENTED_EDGE('',*,*,#3058,.F.);
#4244=ORIENTED_EDGE('',*,*,#3059,.F.);
#4245=ORIENTED_EDGE('',*,*,#3060,.F.);
#4246=ORIENTED_EDGE('',*,*,#3059,.T.);
#4247=ORIENTED_EDGE('',*,*,#3061,.F.);
#4248=ORIENTED_EDGE('',*,*,#3062,.F.);
#4249=ORIENTED_EDGE('',*,*,#3063,.F.);
#4250=ORIENTED_EDGE('',*,*,#3062,.T.);
#4251=ORIENTED_EDGE('',*,*,#3064,.F.);
#4252=ORIENTED_EDGE('',*,*,#3065,.F.);
#4253=ORIENTED_EDGE('',*,*,#3066,.F.);
#4254=ORIENTED_EDGE('',*,*,#3065,.T.);
#4255=ORIENTED_EDGE('',*,*,#3067,.F.);
#4256=ORIENTED_EDGE('',*,*,#3068,.F.);
#4257=ORIENTED_EDGE('',*,*,#3069,.F.);
#4258=ORIENTED_EDGE('',*,*,#3068,.T.);
#4259=ORIENTED_EDGE('',*,*,#3070,.F.);
#4260=ORIENTED_EDGE('',*,*,#3071,.F.);
#4261=ORIENTED_EDGE('',*,*,#3072,.F.);
#4262=ORIENTED_EDGE('',*,*,#3071,.T.);
#4263=ORIENTED_EDGE('',*,*,#3073,.F.);
#4264=ORIENTED_EDGE('',*,*,#3074,.F.);
#4265=ORIENTED_EDGE('',*,*,#3075,.F.);
#4266=ORIENTED_EDGE('',*,*,#3074,.T.);
#4267=ORIENTED_EDGE('',*,*,#3076,.F.);
#4268=ORIENTED_EDGE('',*,*,#3077,.F.);
#4269=ORIENTED_EDGE('',*,*,#3078,.F.);
#4270=ORIENTED_EDGE('',*,*,#3077,.T.);
#4271=ORIENTED_EDGE('',*,*,#3079,.F.);
#4272=ORIENTED_EDGE('',*,*,#3080,.F.);
#4273=ORIENTED_EDGE('',*,*,#3081,.F.);
#4274=ORIENTED_EDGE('',*,*,#3080,.T.);
#4275=ORIENTED_EDGE('',*,*,#3082,.F.);
#4276=ORIENTED_EDGE('',*,*,#3083,.F.);
#4277=ORIENTED_EDGE('',*,*,#3084,.F.);
#4278=ORIENTED_EDGE('',*,*,#3083,.T.);
#4279=ORIENTED_EDGE('',*,*,#3085,.F.);
#4280=ORIENTED_EDGE('',*,*,#3086,.F.);
#4281=ORIENTED_EDGE('',*,*,#3087,.F.);
#4282=ORIENTED_EDGE('',*,*,#3086,.T.);
#4283=ORIENTED_EDGE('',*,*,#3088,.F.);
#4284=ORIENTED_EDGE('',*,*,#3089,.F.);
#4285=ORIENTED_EDGE('',*,*,#3090,.F.);
#4286=ORIENTED_EDGE('',*,*,#3089,.T.);
#4287=ORIENTED_EDGE('',*,*,#3091,.F.);
#4288=ORIENTED_EDGE('',*,*,#3092,.F.);
#4289=ORIENTED_EDGE('',*,*,#3093,.F.);
#4290=ORIENTED_EDGE('',*,*,#3092,.T.);
#4291=ORIENTED_EDGE('',*,*,#3094,.F.);
#4292=ORIENTED_EDGE('',*,*,#3095,.F.);
#4293=ORIENTED_EDGE('',*,*,#3096,.F.);
#4294=ORIENTED_EDGE('',*,*,#3095,.T.);
#4295=ORIENTED_EDGE('',*,*,#3097,.F.);
#4296=ORIENTED_EDGE('',*,*,#3098,.F.);
#4297=ORIENTED_EDGE('',*,*,#3099,.F.);
#4298=ORIENTED_EDGE('',*,*,#3098,.T.);
#4299=ORIENTED_EDGE('',*,*,#3100,.F.);
#4300=ORIENTED_EDGE('',*,*,#3101,.F.);
#4301=ORIENTED_EDGE('',*,*,#3102,.F.);
#4302=ORIENTED_EDGE('',*,*,#3101,.T.);
#4303=ORIENTED_EDGE('',*,*,#3103,.F.);
#4304=ORIENTED_EDGE('',*,*,#3104,.F.);
#4305=ORIENTED_EDGE('',*,*,#3105,.F.);
#4306=ORIENTED_EDGE('',*,*,#3104,.T.);
#4307=ORIENTED_EDGE('',*,*,#3106,.F.);
#4308=ORIENTED_EDGE('',*,*,#3107,.F.);
#4309=ORIENTED_EDGE('',*,*,#3108,.F.);
#4310=ORIENTED_EDGE('',*,*,#3107,.T.);
#4311=ORIENTED_EDGE('',*,*,#3109,.F.);
#4312=ORIENTED_EDGE('',*,*,#3110,.F.);
#4313=ORIENTED_EDGE('',*,*,#3111,.F.);
#4314=ORIENTED_EDGE('',*,*,#3110,.T.);
#4315=ORIENTED_EDGE('',*,*,#3112,.F.);
#4316=ORIENTED_EDGE('',*,*,#3113,.F.);
#4317=ORIENTED_EDGE('',*,*,#3114,.F.);
#4318=ORIENTED_EDGE('',*,*,#3113,.T.);
#4319=ORIENTED_EDGE('',*,*,#3115,.F.);
#4320=ORIENTED_EDGE('',*,*,#3116,.F.);
#4321=ORIENTED_EDGE('',*,*,#3117,.F.);
#4322=ORIENTED_EDGE('',*,*,#3116,.T.);
#4323=ORIENTED_EDGE('',*,*,#3118,.F.);
#4324=ORIENTED_EDGE('',*,*,#3119,.F.);
#4325=ORIENTED_EDGE('',*,*,#3120,.F.);
#4326=ORIENTED_EDGE('',*,*,#3119,.T.);
#4327=ORIENTED_EDGE('',*,*,#3121,.F.);
#4328=ORIENTED_EDGE('',*,*,#3122,.F.);
#4329=ORIENTED_EDGE('',*,*,#3123,.F.);
#4330=ORIENTED_EDGE('',*,*,#3122,.T.);
#4331=ORIENTED_EDGE('',*,*,#3124,.F.);
#4332=ORIENTED_EDGE('',*,*,#3125,.F.);
#4333=ORIENTED_EDGE('',*,*,#3126,.F.);
#4334=ORIENTED_EDGE('',*,*,#3125,.T.);
#4335=ORIENTED_EDGE('',*,*,#3127,.F.);
#4336=ORIENTED_EDGE('',*,*,#3128,.F.);
#4337=ORIENTED_EDGE('',*,*,#3129,.F.);
#4338=ORIENTED_EDGE('',*,*,#3128,.T.);
#4339=ORIENTED_EDGE('',*,*,#3130,.F.);
#4340=ORIENTED_EDGE('',*,*,#3051,.F.);
#4341=ORIENTED_EDGE('',*,*,#3130,.T.);
#4342=ORIENTED_EDGE('',*,*,#3127,.T.);
#4343=ORIENTED_EDGE('',*,*,#3124,.T.);
#4344=ORIENTED_EDGE('',*,*,#3121,.T.);
#4345=ORIENTED_EDGE('',*,*,#3118,.T.);
#4346=ORIENTED_EDGE('',*,*,#3115,.T.);
#4347=ORIENTED_EDGE('',*,*,#3112,.T.);
#4348=ORIENTED_EDGE('',*,*,#3109,.T.);
#4349=ORIENTED_EDGE('',*,*,#3106,.T.);
#4350=ORIENTED_EDGE('',*,*,#3103,.T.);
#4351=ORIENTED_EDGE('',*,*,#3100,.T.);
#4352=ORIENTED_EDGE('',*,*,#3097,.T.);
#4353=ORIENTED_EDGE('',*,*,#3094,.T.);
#4354=ORIENTED_EDGE('',*,*,#3091,.T.);
#4355=ORIENTED_EDGE('',*,*,#3088,.T.);
#4356=ORIENTED_EDGE('',*,*,#3085,.T.);
#4357=ORIENTED_EDGE('',*,*,#3082,.T.);
#4358=ORIENTED_EDGE('',*,*,#3079,.T.);
#4359=ORIENTED_EDGE('',*,*,#3076,.T.);
#4360=ORIENTED_EDGE('',*,*,#3073,.T.);
#4361=ORIENTED_EDGE('',*,*,#3070,.T.);
#4362=ORIENTED_EDGE('',*,*,#3067,.T.);
#4363=ORIENTED_EDGE('',*,*,#3064,.T.);
#4364=ORIENTED_EDGE('',*,*,#3061,.T.);
#4365=ORIENTED_EDGE('',*,*,#3058,.T.);
#4366=ORIENTED_EDGE('',*,*,#3055,.T.);
#4367=ORIENTED_EDGE('',*,*,#3052,.T.);
#4368=ORIENTED_EDGE('',*,*,#3049,.T.);
#4369=ORIENTED_EDGE('',*,*,#3046,.T.);
#4370=ORIENTED_EDGE('',*,*,#3043,.T.);
#4371=ORIENTED_EDGE('',*,*,#3040,.T.);
#4372=ORIENTED_EDGE('',*,*,#3037,.T.);
#4373=ORIENTED_EDGE('',*,*,#3034,.T.);
#4374=ORIENTED_EDGE('',*,*,#3031,.T.);
#4375=ORIENTED_EDGE('',*,*,#3129,.T.);
#4376=ORIENTED_EDGE('',*,*,#3050,.T.);
#4377=ORIENTED_EDGE('',*,*,#3054,.T.);
#4378=ORIENTED_EDGE('',*,*,#3057,.T.);
#4379=ORIENTED_EDGE('',*,*,#3060,.T.);
#4380=ORIENTED_EDGE('',*,*,#3063,.T.);
#4381=ORIENTED_EDGE('',*,*,#3066,.T.);
#4382=ORIENTED_EDGE('',*,*,#3069,.T.);
#4383=ORIENTED_EDGE('',*,*,#3072,.T.);
#4384=ORIENTED_EDGE('',*,*,#3075,.T.);
#4385=ORIENTED_EDGE('',*,*,#3078,.T.);
#4386=ORIENTED_EDGE('',*,*,#3081,.T.);
#4387=ORIENTED_EDGE('',*,*,#3084,.T.);
#4388=ORIENTED_EDGE('',*,*,#3087,.T.);
#4389=ORIENTED_EDGE('',*,*,#3090,.T.);
#4390=ORIENTED_EDGE('',*,*,#3093,.T.);
#4391=ORIENTED_EDGE('',*,*,#3096,.T.);
#4392=ORIENTED_EDGE('',*,*,#3099,.T.);
#4393=ORIENTED_EDGE('',*,*,#3102,.T.);
#4394=ORIENTED_EDGE('',*,*,#3105,.T.);
#4395=ORIENTED_EDGE('',*,*,#3108,.T.);
#4396=ORIENTED_EDGE('',*,*,#3111,.T.);
#4397=ORIENTED_EDGE('',*,*,#3114,.T.);
#4398=ORIENTED_EDGE('',*,*,#3117,.T.);
#4399=ORIENTED_EDGE('',*,*,#3120,.T.);
#4400=ORIENTED_EDGE('',*,*,#3123,.T.);
#4401=ORIENTED_EDGE('',*,*,#3126,.T.);
#4402=ORIENTED_EDGE('',*,*,#3048,.T.);
#4403=ORIENTED_EDGE('',*,*,#3029,.T.);
#4404=ORIENTED_EDGE('',*,*,#3033,.T.);
#4405=ORIENTED_EDGE('',*,*,#3036,.T.);
#4406=ORIENTED_EDGE('',*,*,#3039,.T.);
#4407=ORIENTED_EDGE('',*,*,#3042,.T.);
#4408=ORIENTED_EDGE('',*,*,#3045,.T.);
#4409=ORIENTED_EDGE('',*,*,#3131,.F.);
#4410=ORIENTED_EDGE('',*,*,#3132,.T.);
#4411=ORIENTED_EDGE('',*,*,#3133,.F.);
#4412=ORIENTED_EDGE('',*,*,#3134,.F.);
#4413=ORIENTED_EDGE('',*,*,#3135,.F.);
#4414=ORIENTED_EDGE('',*,*,#3134,.T.);
#4415=ORIENTED_EDGE('',*,*,#3136,.F.);
#4416=ORIENTED_EDGE('',*,*,#3137,.F.);
#4417=ORIENTED_EDGE('',*,*,#3138,.F.);
#4418=ORIENTED_EDGE('',*,*,#3137,.T.);
#4419=ORIENTED_EDGE('',*,*,#3139,.F.);
#4420=ORIENTED_EDGE('',*,*,#3140,.F.);
#4421=ORIENTED_EDGE('',*,*,#3141,.F.);
#4422=ORIENTED_EDGE('',*,*,#3140,.T.);
#4423=ORIENTED_EDGE('',*,*,#3142,.F.);
#4424=ORIENTED_EDGE('',*,*,#3143,.F.);
#4425=ORIENTED_EDGE('',*,*,#3144,.F.);
#4426=ORIENTED_EDGE('',*,*,#3143,.T.);
#4427=ORIENTED_EDGE('',*,*,#3145,.F.);
#4428=ORIENTED_EDGE('',*,*,#3146,.F.);
#4429=ORIENTED_EDGE('',*,*,#3147,.F.);
#4430=ORIENTED_EDGE('',*,*,#3146,.T.);
#4431=ORIENTED_EDGE('',*,*,#3148,.F.);
#4432=ORIENTED_EDGE('',*,*,#3149,.F.);
#4433=ORIENTED_EDGE('',*,*,#3150,.F.);
#4434=ORIENTED_EDGE('',*,*,#3149,.T.);
#4435=ORIENTED_EDGE('',*,*,#3151,.F.);
#4436=ORIENTED_EDGE('',*,*,#3132,.F.);
#4437=ORIENTED_EDGE('',*,*,#3152,.F.);
#4438=ORIENTED_EDGE('',*,*,#3153,.T.);
#4439=ORIENTED_EDGE('',*,*,#3154,.F.);
#4440=ORIENTED_EDGE('',*,*,#3155,.F.);
#4441=ORIENTED_EDGE('',*,*,#3156,.F.);
#4442=ORIENTED_EDGE('',*,*,#3155,.T.);
#4443=ORIENTED_EDGE('',*,*,#3157,.F.);
#4444=ORIENTED_EDGE('',*,*,#3158,.F.);
#4445=ORIENTED_EDGE('',*,*,#3159,.F.);
#4446=ORIENTED_EDGE('',*,*,#3158,.T.);
#4447=ORIENTED_EDGE('',*,*,#3160,.F.);
#4448=ORIENTED_EDGE('',*,*,#3161,.F.);
#4449=ORIENTED_EDGE('',*,*,#3162,.F.);
#4450=ORIENTED_EDGE('',*,*,#3161,.T.);
#4451=ORIENTED_EDGE('',*,*,#3163,.F.);
#4452=ORIENTED_EDGE('',*,*,#3164,.F.);
#4453=ORIENTED_EDGE('',*,*,#3165,.F.);
#4454=ORIENTED_EDGE('',*,*,#3164,.T.);
#4455=ORIENTED_EDGE('',*,*,#3166,.F.);
#4456=ORIENTED_EDGE('',*,*,#3167,.F.);
#4457=ORIENTED_EDGE('',*,*,#3168,.F.);
#4458=ORIENTED_EDGE('',*,*,#3167,.T.);
#4459=ORIENTED_EDGE('',*,*,#3169,.F.);
#4460=ORIENTED_EDGE('',*,*,#3170,.F.);
#4461=ORIENTED_EDGE('',*,*,#3171,.F.);
#4462=ORIENTED_EDGE('',*,*,#3170,.T.);
#4463=ORIENTED_EDGE('',*,*,#3172,.F.);
#4464=ORIENTED_EDGE('',*,*,#3173,.F.);
#4465=ORIENTED_EDGE('',*,*,#3174,.F.);
#4466=ORIENTED_EDGE('',*,*,#3173,.T.);
#4467=ORIENTED_EDGE('',*,*,#3175,.F.);
#4468=ORIENTED_EDGE('',*,*,#3176,.F.);
#4469=ORIENTED_EDGE('',*,*,#3177,.F.);
#4470=ORIENTED_EDGE('',*,*,#3176,.T.);
#4471=ORIENTED_EDGE('',*,*,#3178,.F.);
#4472=ORIENTED_EDGE('',*,*,#3179,.F.);
#4473=ORIENTED_EDGE('',*,*,#3180,.F.);
#4474=ORIENTED_EDGE('',*,*,#3179,.T.);
#4475=ORIENTED_EDGE('',*,*,#3181,.F.);
#4476=ORIENTED_EDGE('',*,*,#3182,.F.);
#4477=ORIENTED_EDGE('',*,*,#3183,.F.);
#4478=ORIENTED_EDGE('',*,*,#3182,.T.);
#4479=ORIENTED_EDGE('',*,*,#3184,.F.);
#4480=ORIENTED_EDGE('',*,*,#3185,.F.);
#4481=ORIENTED_EDGE('',*,*,#3186,.F.);
#4482=ORIENTED_EDGE('',*,*,#3185,.T.);
#4483=ORIENTED_EDGE('',*,*,#3187,.F.);
#4484=ORIENTED_EDGE('',*,*,#3188,.F.);
#4485=ORIENTED_EDGE('',*,*,#3189,.F.);
#4486=ORIENTED_EDGE('',*,*,#3188,.T.);
#4487=ORIENTED_EDGE('',*,*,#3190,.F.);
#4488=ORIENTED_EDGE('',*,*,#3191,.F.);
#4489=ORIENTED_EDGE('',*,*,#3192,.F.);
#4490=ORIENTED_EDGE('',*,*,#3191,.T.);
#4491=ORIENTED_EDGE('',*,*,#3193,.F.);
#4492=ORIENTED_EDGE('',*,*,#3194,.F.);
#4493=ORIENTED_EDGE('',*,*,#3195,.F.);
#4494=ORIENTED_EDGE('',*,*,#3194,.T.);
#4495=ORIENTED_EDGE('',*,*,#3196,.F.);
#4496=ORIENTED_EDGE('',*,*,#3197,.F.);
#4497=ORIENTED_EDGE('',*,*,#3198,.F.);
#4498=ORIENTED_EDGE('',*,*,#3197,.T.);
#4499=ORIENTED_EDGE('',*,*,#3199,.F.);
#4500=ORIENTED_EDGE('',*,*,#3200,.F.);
#4501=ORIENTED_EDGE('',*,*,#3201,.F.);
#4502=ORIENTED_EDGE('',*,*,#3200,.T.);
#4503=ORIENTED_EDGE('',*,*,#3202,.F.);
#4504=ORIENTED_EDGE('',*,*,#3203,.F.);
#4505=ORIENTED_EDGE('',*,*,#3204,.F.);
#4506=ORIENTED_EDGE('',*,*,#3203,.T.);
#4507=ORIENTED_EDGE('',*,*,#3205,.F.);
#4508=ORIENTED_EDGE('',*,*,#3206,.F.);
#4509=ORIENTED_EDGE('',*,*,#3207,.F.);
#4510=ORIENTED_EDGE('',*,*,#3206,.T.);
#4511=ORIENTED_EDGE('',*,*,#3208,.F.);
#4512=ORIENTED_EDGE('',*,*,#3209,.F.);
#4513=ORIENTED_EDGE('',*,*,#3210,.F.);
#4514=ORIENTED_EDGE('',*,*,#3209,.T.);
#4515=ORIENTED_EDGE('',*,*,#3211,.F.);
#4516=ORIENTED_EDGE('',*,*,#3212,.F.);
#4517=ORIENTED_EDGE('',*,*,#3213,.F.);
#4518=ORIENTED_EDGE('',*,*,#3212,.T.);
#4519=ORIENTED_EDGE('',*,*,#3214,.F.);
#4520=ORIENTED_EDGE('',*,*,#3215,.F.);
#4521=ORIENTED_EDGE('',*,*,#3216,.F.);
#4522=ORIENTED_EDGE('',*,*,#3215,.T.);
#4523=ORIENTED_EDGE('',*,*,#3217,.F.);
#4524=ORIENTED_EDGE('',*,*,#3153,.F.);
#4525=ORIENTED_EDGE('',*,*,#3217,.T.);
#4526=ORIENTED_EDGE('',*,*,#3214,.T.);
#4527=ORIENTED_EDGE('',*,*,#3211,.T.);
#4528=ORIENTED_EDGE('',*,*,#3208,.T.);
#4529=ORIENTED_EDGE('',*,*,#3205,.T.);
#4530=ORIENTED_EDGE('',*,*,#3202,.T.);
#4531=ORIENTED_EDGE('',*,*,#3199,.T.);
#4532=ORIENTED_EDGE('',*,*,#3196,.T.);
#4533=ORIENTED_EDGE('',*,*,#3193,.T.);
#4534=ORIENTED_EDGE('',*,*,#3190,.T.);
#4535=ORIENTED_EDGE('',*,*,#3187,.T.);
#4536=ORIENTED_EDGE('',*,*,#3184,.T.);
#4537=ORIENTED_EDGE('',*,*,#3181,.T.);
#4538=ORIENTED_EDGE('',*,*,#3178,.T.);
#4539=ORIENTED_EDGE('',*,*,#3175,.T.);
#4540=ORIENTED_EDGE('',*,*,#3172,.T.);
#4541=ORIENTED_EDGE('',*,*,#3169,.T.);
#4542=ORIENTED_EDGE('',*,*,#3166,.T.);
#4543=ORIENTED_EDGE('',*,*,#3163,.T.);
#4544=ORIENTED_EDGE('',*,*,#3160,.T.);
#4545=ORIENTED_EDGE('',*,*,#3157,.T.);
#4546=ORIENTED_EDGE('',*,*,#3154,.T.);
#4547=ORIENTED_EDGE('',*,*,#3151,.T.);
#4548=ORIENTED_EDGE('',*,*,#3148,.T.);
#4549=ORIENTED_EDGE('',*,*,#3145,.T.);
#4550=ORIENTED_EDGE('',*,*,#3142,.T.);
#4551=ORIENTED_EDGE('',*,*,#3139,.T.);
#4552=ORIENTED_EDGE('',*,*,#3136,.T.);
#4553=ORIENTED_EDGE('',*,*,#3133,.T.);
#4554=ORIENTED_EDGE('',*,*,#3216,.T.);
#4555=ORIENTED_EDGE('',*,*,#3152,.T.);
#4556=ORIENTED_EDGE('',*,*,#3156,.T.);
#4557=ORIENTED_EDGE('',*,*,#3159,.T.);
#4558=ORIENTED_EDGE('',*,*,#3162,.T.);
#4559=ORIENTED_EDGE('',*,*,#3165,.T.);
#4560=ORIENTED_EDGE('',*,*,#3168,.T.);
#4561=ORIENTED_EDGE('',*,*,#3171,.T.);
#4562=ORIENTED_EDGE('',*,*,#3174,.T.);
#4563=ORIENTED_EDGE('',*,*,#3177,.T.);
#4564=ORIENTED_EDGE('',*,*,#3180,.T.);
#4565=ORIENTED_EDGE('',*,*,#3183,.T.);
#4566=ORIENTED_EDGE('',*,*,#3186,.T.);
#4567=ORIENTED_EDGE('',*,*,#3189,.T.);
#4568=ORIENTED_EDGE('',*,*,#3192,.T.);
#4569=ORIENTED_EDGE('',*,*,#3195,.T.);
#4570=ORIENTED_EDGE('',*,*,#3198,.T.);
#4571=ORIENTED_EDGE('',*,*,#3201,.T.);
#4572=ORIENTED_EDGE('',*,*,#3204,.T.);
#4573=ORIENTED_EDGE('',*,*,#3207,.T.);
#4574=ORIENTED_EDGE('',*,*,#3210,.T.);
#4575=ORIENTED_EDGE('',*,*,#3213,.T.);
#4576=ORIENTED_EDGE('',*,*,#3150,.T.);
#4577=ORIENTED_EDGE('',*,*,#3131,.T.);
#4578=ORIENTED_EDGE('',*,*,#3135,.T.);
#4579=ORIENTED_EDGE('',*,*,#3138,.T.);
#4580=ORIENTED_EDGE('',*,*,#3141,.T.);
#4581=ORIENTED_EDGE('',*,*,#3144,.T.);
#4582=ORIENTED_EDGE('',*,*,#3147,.T.);
#4583=ORIENTED_EDGE('',*,*,#3218,.F.);
#4584=ORIENTED_EDGE('',*,*,#3219,.T.);
#4585=ORIENTED_EDGE('',*,*,#3220,.F.);
#4586=ORIENTED_EDGE('',*,*,#3221,.F.);
#4587=ORIENTED_EDGE('',*,*,#3222,.F.);
#4588=ORIENTED_EDGE('',*,*,#3221,.T.);
#4589=ORIENTED_EDGE('',*,*,#3223,.F.);
#4590=ORIENTED_EDGE('',*,*,#3224,.F.);
#4591=ORIENTED_EDGE('',*,*,#3225,.F.);
#4592=ORIENTED_EDGE('',*,*,#3224,.T.);
#4593=ORIENTED_EDGE('',*,*,#3226,.F.);
#4594=ORIENTED_EDGE('',*,*,#3227,.F.);
#4595=ORIENTED_EDGE('',*,*,#3228,.F.);
#4596=ORIENTED_EDGE('',*,*,#3227,.T.);
#4597=ORIENTED_EDGE('',*,*,#3229,.F.);
#4598=ORIENTED_EDGE('',*,*,#3230,.F.);
#4599=ORIENTED_EDGE('',*,*,#3231,.F.);
#4600=ORIENTED_EDGE('',*,*,#3230,.T.);
#4601=ORIENTED_EDGE('',*,*,#3232,.F.);
#4602=ORIENTED_EDGE('',*,*,#3233,.F.);
#4603=ORIENTED_EDGE('',*,*,#3234,.F.);
#4604=ORIENTED_EDGE('',*,*,#3233,.T.);
#4605=ORIENTED_EDGE('',*,*,#3235,.F.);
#4606=ORIENTED_EDGE('',*,*,#3219,.F.);
#4607=ORIENTED_EDGE('',*,*,#3236,.F.);
#4608=ORIENTED_EDGE('',*,*,#3237,.T.);
#4609=ORIENTED_EDGE('',*,*,#3238,.F.);
#4610=ORIENTED_EDGE('',*,*,#3239,.F.);
#4611=ORIENTED_EDGE('',*,*,#3240,.F.);
#4612=ORIENTED_EDGE('',*,*,#3239,.T.);
#4613=ORIENTED_EDGE('',*,*,#3241,.F.);
#4614=ORIENTED_EDGE('',*,*,#3242,.F.);
#4615=ORIENTED_EDGE('',*,*,#3243,.F.);
#4616=ORIENTED_EDGE('',*,*,#3242,.T.);
#4617=ORIENTED_EDGE('',*,*,#3244,.F.);
#4618=ORIENTED_EDGE('',*,*,#3245,.F.);
#4619=ORIENTED_EDGE('',*,*,#3246,.F.);
#4620=ORIENTED_EDGE('',*,*,#3245,.T.);
#4621=ORIENTED_EDGE('',*,*,#3247,.F.);
#4622=ORIENTED_EDGE('',*,*,#3248,.F.);
#4623=ORIENTED_EDGE('',*,*,#3249,.F.);
#4624=ORIENTED_EDGE('',*,*,#3248,.T.);
#4625=ORIENTED_EDGE('',*,*,#3250,.F.);
#4626=ORIENTED_EDGE('',*,*,#3251,.F.);
#4627=ORIENTED_EDGE('',*,*,#3252,.F.);
#4628=ORIENTED_EDGE('',*,*,#3251,.T.);
#4629=ORIENTED_EDGE('',*,*,#3253,.F.);
#4630=ORIENTED_EDGE('',*,*,#3254,.F.);
#4631=ORIENTED_EDGE('',*,*,#3255,.F.);
#4632=ORIENTED_EDGE('',*,*,#3254,.T.);
#4633=ORIENTED_EDGE('',*,*,#3256,.F.);
#4634=ORIENTED_EDGE('',*,*,#3257,.F.);
#4635=ORIENTED_EDGE('',*,*,#3258,.F.);
#4636=ORIENTED_EDGE('',*,*,#3257,.T.);
#4637=ORIENTED_EDGE('',*,*,#3259,.F.);
#4638=ORIENTED_EDGE('',*,*,#3260,.F.);
#4639=ORIENTED_EDGE('',*,*,#3261,.F.);
#4640=ORIENTED_EDGE('',*,*,#3260,.T.);
#4641=ORIENTED_EDGE('',*,*,#3262,.F.);
#4642=ORIENTED_EDGE('',*,*,#3263,.F.);
#4643=ORIENTED_EDGE('',*,*,#3264,.F.);
#4644=ORIENTED_EDGE('',*,*,#3263,.T.);
#4645=ORIENTED_EDGE('',*,*,#3265,.F.);
#4646=ORIENTED_EDGE('',*,*,#3266,.F.);
#4647=ORIENTED_EDGE('',*,*,#3267,.F.);
#4648=ORIENTED_EDGE('',*,*,#3266,.T.);
#4649=ORIENTED_EDGE('',*,*,#3268,.F.);
#4650=ORIENTED_EDGE('',*,*,#3269,.F.);
#4651=ORIENTED_EDGE('',*,*,#3270,.F.);
#4652=ORIENTED_EDGE('',*,*,#3269,.T.);
#4653=ORIENTED_EDGE('',*,*,#3271,.F.);
#4654=ORIENTED_EDGE('',*,*,#3272,.F.);
#4655=ORIENTED_EDGE('',*,*,#3273,.F.);
#4656=ORIENTED_EDGE('',*,*,#3272,.T.);
#4657=ORIENTED_EDGE('',*,*,#3274,.F.);
#4658=ORIENTED_EDGE('',*,*,#3275,.F.);
#4659=ORIENTED_EDGE('',*,*,#3276,.F.);
#4660=ORIENTED_EDGE('',*,*,#3275,.T.);
#4661=ORIENTED_EDGE('',*,*,#3277,.F.);
#4662=ORIENTED_EDGE('',*,*,#3278,.F.);
#4663=ORIENTED_EDGE('',*,*,#3279,.F.);
#4664=ORIENTED_EDGE('',*,*,#3278,.T.);
#4665=ORIENTED_EDGE('',*,*,#3280,.F.);
#4666=ORIENTED_EDGE('',*,*,#3281,.F.);
#4667=ORIENTED_EDGE('',*,*,#3282,.F.);
#4668=ORIENTED_EDGE('',*,*,#3281,.T.);
#4669=ORIENTED_EDGE('',*,*,#3283,.F.);
#4670=ORIENTED_EDGE('',*,*,#3284,.F.);
#4671=ORIENTED_EDGE('',*,*,#3285,.F.);
#4672=ORIENTED_EDGE('',*,*,#3284,.T.);
#4673=ORIENTED_EDGE('',*,*,#3286,.F.);
#4674=ORIENTED_EDGE('',*,*,#3237,.F.);
#4675=ORIENTED_EDGE('',*,*,#3286,.T.);
#4676=ORIENTED_EDGE('',*,*,#3283,.T.);
#4677=ORIENTED_EDGE('',*,*,#3280,.T.);
#4678=ORIENTED_EDGE('',*,*,#3277,.T.);
#4679=ORIENTED_EDGE('',*,*,#3274,.T.);
#4680=ORIENTED_EDGE('',*,*,#3271,.T.);
#4681=ORIENTED_EDGE('',*,*,#3268,.T.);
#4682=ORIENTED_EDGE('',*,*,#3265,.T.);
#4683=ORIENTED_EDGE('',*,*,#3262,.T.);
#4684=ORIENTED_EDGE('',*,*,#3259,.T.);
#4685=ORIENTED_EDGE('',*,*,#3256,.T.);
#4686=ORIENTED_EDGE('',*,*,#3253,.T.);
#4687=ORIENTED_EDGE('',*,*,#3250,.T.);
#4688=ORIENTED_EDGE('',*,*,#3247,.T.);
#4689=ORIENTED_EDGE('',*,*,#3244,.T.);
#4690=ORIENTED_EDGE('',*,*,#3241,.T.);
#4691=ORIENTED_EDGE('',*,*,#3238,.T.);
#4692=ORIENTED_EDGE('',*,*,#3235,.T.);
#4693=ORIENTED_EDGE('',*,*,#3232,.T.);
#4694=ORIENTED_EDGE('',*,*,#3229,.T.);
#4695=ORIENTED_EDGE('',*,*,#3226,.T.);
#4696=ORIENTED_EDGE('',*,*,#3223,.T.);
#4697=ORIENTED_EDGE('',*,*,#3220,.T.);
#4698=ORIENTED_EDGE('',*,*,#3285,.T.);
#4699=ORIENTED_EDGE('',*,*,#3236,.T.);
#4700=ORIENTED_EDGE('',*,*,#3240,.T.);
#4701=ORIENTED_EDGE('',*,*,#3243,.T.);
#4702=ORIENTED_EDGE('',*,*,#3246,.T.);
#4703=ORIENTED_EDGE('',*,*,#3249,.T.);
#4704=ORIENTED_EDGE('',*,*,#3252,.T.);
#4705=ORIENTED_EDGE('',*,*,#3255,.T.);
#4706=ORIENTED_EDGE('',*,*,#3258,.T.);
#4707=ORIENTED_EDGE('',*,*,#3261,.T.);
#4708=ORIENTED_EDGE('',*,*,#3264,.T.);
#4709=ORIENTED_EDGE('',*,*,#3267,.T.);
#4710=ORIENTED_EDGE('',*,*,#3270,.T.);
#4711=ORIENTED_EDGE('',*,*,#3273,.T.);
#4712=ORIENTED_EDGE('',*,*,#3276,.T.);
#4713=ORIENTED_EDGE('',*,*,#3279,.T.);
#4714=ORIENTED_EDGE('',*,*,#3282,.T.);
#4715=ORIENTED_EDGE('',*,*,#3234,.T.);
#4716=ORIENTED_EDGE('',*,*,#3218,.T.);
#4717=ORIENTED_EDGE('',*,*,#3222,.T.);
#4718=ORIENTED_EDGE('',*,*,#3225,.T.);
#4719=ORIENTED_EDGE('',*,*,#3228,.T.);
#4720=ORIENTED_EDGE('',*,*,#3231,.T.);
#4721=ORIENTED_EDGE('',*,*,#3287,.F.);
#4722=ORIENTED_EDGE('',*,*,#3288,.T.);
#4723=ORIENTED_EDGE('',*,*,#3289,.F.);
#4724=ORIENTED_EDGE('',*,*,#3290,.F.);
#4725=ORIENTED_EDGE('',*,*,#3291,.F.);
#4726=ORIENTED_EDGE('',*,*,#3290,.T.);
#4727=ORIENTED_EDGE('',*,*,#3292,.F.);
#4728=ORIENTED_EDGE('',*,*,#3293,.F.);
#4729=ORIENTED_EDGE('',*,*,#3294,.F.);
#4730=ORIENTED_EDGE('',*,*,#3293,.T.);
#4731=ORIENTED_EDGE('',*,*,#3295,.F.);
#4732=ORIENTED_EDGE('',*,*,#3296,.F.);
#4733=ORIENTED_EDGE('',*,*,#3297,.F.);
#4734=ORIENTED_EDGE('',*,*,#3296,.T.);
#4735=ORIENTED_EDGE('',*,*,#3298,.F.);
#4736=ORIENTED_EDGE('',*,*,#3299,.F.);
#4737=ORIENTED_EDGE('',*,*,#3300,.F.);
#4738=ORIENTED_EDGE('',*,*,#3299,.T.);
#4739=ORIENTED_EDGE('',*,*,#3301,.F.);
#4740=ORIENTED_EDGE('',*,*,#3302,.F.);
#4741=ORIENTED_EDGE('',*,*,#3303,.F.);
#4742=ORIENTED_EDGE('',*,*,#3302,.T.);
#4743=ORIENTED_EDGE('',*,*,#3304,.F.);
#4744=ORIENTED_EDGE('',*,*,#3305,.F.);
#4745=ORIENTED_EDGE('',*,*,#3306,.F.);
#4746=ORIENTED_EDGE('',*,*,#3305,.T.);
#4747=ORIENTED_EDGE('',*,*,#3307,.F.);
#4748=ORIENTED_EDGE('',*,*,#3308,.F.);
#4749=ORIENTED_EDGE('',*,*,#3309,.F.);
#4750=ORIENTED_EDGE('',*,*,#3308,.T.);
#4751=ORIENTED_EDGE('',*,*,#3310,.F.);
#4752=ORIENTED_EDGE('',*,*,#3311,.F.);
#4753=ORIENTED_EDGE('',*,*,#3312,.F.);
#4754=ORIENTED_EDGE('',*,*,#3311,.T.);
#4755=ORIENTED_EDGE('',*,*,#3313,.F.);
#4756=ORIENTED_EDGE('',*,*,#3314,.F.);
#4757=ORIENTED_EDGE('',*,*,#3315,.F.);
#4758=ORIENTED_EDGE('',*,*,#3314,.T.);
#4759=ORIENTED_EDGE('',*,*,#3316,.F.);
#4760=ORIENTED_EDGE('',*,*,#3317,.F.);
#4761=ORIENTED_EDGE('',*,*,#3318,.F.);
#4762=ORIENTED_EDGE('',*,*,#3317,.T.);
#4763=ORIENTED_EDGE('',*,*,#3319,.F.);
#4764=ORIENTED_EDGE('',*,*,#3320,.F.);
#4765=ORIENTED_EDGE('',*,*,#3321,.F.);
#4766=ORIENTED_EDGE('',*,*,#3320,.T.);
#4767=ORIENTED_EDGE('',*,*,#3322,.F.);
#4768=ORIENTED_EDGE('',*,*,#3323,.F.);
#4769=ORIENTED_EDGE('',*,*,#3324,.F.);
#4770=ORIENTED_EDGE('',*,*,#3323,.T.);
#4771=ORIENTED_EDGE('',*,*,#3325,.F.);
#4772=ORIENTED_EDGE('',*,*,#3326,.F.);
#4773=ORIENTED_EDGE('',*,*,#3327,.F.);
#4774=ORIENTED_EDGE('',*,*,#3326,.T.);
#4775=ORIENTED_EDGE('',*,*,#3328,.F.);
#4776=ORIENTED_EDGE('',*,*,#3329,.F.);
#4777=ORIENTED_EDGE('',*,*,#3330,.F.);
#4778=ORIENTED_EDGE('',*,*,#3329,.T.);
#4779=ORIENTED_EDGE('',*,*,#3331,.F.);
#4780=ORIENTED_EDGE('',*,*,#3332,.F.);
#4781=ORIENTED_EDGE('',*,*,#3333,.F.);
#4782=ORIENTED_EDGE('',*,*,#3332,.T.);
#4783=ORIENTED_EDGE('',*,*,#3334,.F.);
#4784=ORIENTED_EDGE('',*,*,#3335,.F.);
#4785=ORIENTED_EDGE('',*,*,#3336,.F.);
#4786=ORIENTED_EDGE('',*,*,#3335,.T.);
#4787=ORIENTED_EDGE('',*,*,#3337,.F.);
#4788=ORIENTED_EDGE('',*,*,#3338,.F.);
#4789=ORIENTED_EDGE('',*,*,#3339,.F.);
#4790=ORIENTED_EDGE('',*,*,#3338,.T.);
#4791=ORIENTED_EDGE('',*,*,#3340,.F.);
#4792=ORIENTED_EDGE('',*,*,#3341,.F.);
#4793=ORIENTED_EDGE('',*,*,#3342,.F.);
#4794=ORIENTED_EDGE('',*,*,#3341,.T.);
#4795=ORIENTED_EDGE('',*,*,#3343,.F.);
#4796=ORIENTED_EDGE('',*,*,#3344,.F.);
#4797=ORIENTED_EDGE('',*,*,#3345,.F.);
#4798=ORIENTED_EDGE('',*,*,#3344,.T.);
#4799=ORIENTED_EDGE('',*,*,#3346,.F.);
#4800=ORIENTED_EDGE('',*,*,#3347,.F.);
#4801=ORIENTED_EDGE('',*,*,#3348,.F.);
#4802=ORIENTED_EDGE('',*,*,#3347,.T.);
#4803=ORIENTED_EDGE('',*,*,#3349,.F.);
#4804=ORIENTED_EDGE('',*,*,#3350,.F.);
#4805=ORIENTED_EDGE('',*,*,#3351,.F.);
#4806=ORIENTED_EDGE('',*,*,#3350,.T.);
#4807=ORIENTED_EDGE('',*,*,#3352,.F.);
#4808=ORIENTED_EDGE('',*,*,#3353,.F.);
#4809=ORIENTED_EDGE('',*,*,#3354,.F.);
#4810=ORIENTED_EDGE('',*,*,#3353,.T.);
#4811=ORIENTED_EDGE('',*,*,#3355,.F.);
#4812=ORIENTED_EDGE('',*,*,#3288,.F.);
#4813=ORIENTED_EDGE('',*,*,#3355,.T.);
#4814=ORIENTED_EDGE('',*,*,#3352,.T.);
#4815=ORIENTED_EDGE('',*,*,#3349,.T.);
#4816=ORIENTED_EDGE('',*,*,#3346,.T.);
#4817=ORIENTED_EDGE('',*,*,#3343,.T.);
#4818=ORIENTED_EDGE('',*,*,#3340,.T.);
#4819=ORIENTED_EDGE('',*,*,#3337,.T.);
#4820=ORIENTED_EDGE('',*,*,#3334,.T.);
#4821=ORIENTED_EDGE('',*,*,#3331,.T.);
#4822=ORIENTED_EDGE('',*,*,#3328,.T.);
#4823=ORIENTED_EDGE('',*,*,#3325,.T.);
#4824=ORIENTED_EDGE('',*,*,#3322,.T.);
#4825=ORIENTED_EDGE('',*,*,#3319,.T.);
#4826=ORIENTED_EDGE('',*,*,#3316,.T.);
#4827=ORIENTED_EDGE('',*,*,#3313,.T.);
#4828=ORIENTED_EDGE('',*,*,#3310,.T.);
#4829=ORIENTED_EDGE('',*,*,#3307,.T.);
#4830=ORIENTED_EDGE('',*,*,#3304,.T.);
#4831=ORIENTED_EDGE('',*,*,#3301,.T.);
#4832=ORIENTED_EDGE('',*,*,#3298,.T.);
#4833=ORIENTED_EDGE('',*,*,#3295,.T.);
#4834=ORIENTED_EDGE('',*,*,#3292,.T.);
#4835=ORIENTED_EDGE('',*,*,#3289,.T.);
#4836=ORIENTED_EDGE('',*,*,#3354,.T.);
#4837=ORIENTED_EDGE('',*,*,#3287,.T.);
#4838=ORIENTED_EDGE('',*,*,#3291,.T.);
#4839=ORIENTED_EDGE('',*,*,#3294,.T.);
#4840=ORIENTED_EDGE('',*,*,#3297,.T.);
#4841=ORIENTED_EDGE('',*,*,#3300,.T.);
#4842=ORIENTED_EDGE('',*,*,#3303,.T.);
#4843=ORIENTED_EDGE('',*,*,#3306,.T.);
#4844=ORIENTED_EDGE('',*,*,#3309,.T.);
#4845=ORIENTED_EDGE('',*,*,#3312,.T.);
#4846=ORIENTED_EDGE('',*,*,#3315,.T.);
#4847=ORIENTED_EDGE('',*,*,#3318,.T.);
#4848=ORIENTED_EDGE('',*,*,#3321,.T.);
#4849=ORIENTED_EDGE('',*,*,#3324,.T.);
#4850=ORIENTED_EDGE('',*,*,#3327,.T.);
#4851=ORIENTED_EDGE('',*,*,#3330,.T.);
#4852=ORIENTED_EDGE('',*,*,#3333,.T.);
#4853=ORIENTED_EDGE('',*,*,#3336,.T.);
#4854=ORIENTED_EDGE('',*,*,#3339,.T.);
#4855=ORIENTED_EDGE('',*,*,#3342,.T.);
#4856=ORIENTED_EDGE('',*,*,#3345,.T.);
#4857=ORIENTED_EDGE('',*,*,#3348,.T.);
#4858=ORIENTED_EDGE('',*,*,#3351,.T.);
#4859=ORIENTED_EDGE('',*,*,#3356,.F.);
#4860=ORIENTED_EDGE('',*,*,#3357,.T.);
#4861=ORIENTED_EDGE('',*,*,#3358,.F.);
#4862=ORIENTED_EDGE('',*,*,#3359,.F.);
#4863=ORIENTED_EDGE('',*,*,#3360,.F.);
#4864=ORIENTED_EDGE('',*,*,#3359,.T.);
#4865=ORIENTED_EDGE('',*,*,#3361,.F.);
#4866=ORIENTED_EDGE('',*,*,#3362,.F.);
#4867=ORIENTED_EDGE('',*,*,#3363,.F.);
#4868=ORIENTED_EDGE('',*,*,#3362,.T.);
#4869=ORIENTED_EDGE('',*,*,#3364,.F.);
#4870=ORIENTED_EDGE('',*,*,#3365,.F.);
#4871=ORIENTED_EDGE('',*,*,#3366,.F.);
#4872=ORIENTED_EDGE('',*,*,#3365,.T.);
#4873=ORIENTED_EDGE('',*,*,#3367,.F.);
#4874=ORIENTED_EDGE('',*,*,#3368,.F.);
#4875=ORIENTED_EDGE('',*,*,#3369,.F.);
#4876=ORIENTED_EDGE('',*,*,#3368,.T.);
#4877=ORIENTED_EDGE('',*,*,#3370,.F.);
#4878=ORIENTED_EDGE('',*,*,#3371,.F.);
#4879=ORIENTED_EDGE('',*,*,#3372,.F.);
#4880=ORIENTED_EDGE('',*,*,#3371,.T.);
#4881=ORIENTED_EDGE('',*,*,#3373,.F.);
#4882=ORIENTED_EDGE('',*,*,#3374,.F.);
#4883=ORIENTED_EDGE('',*,*,#3375,.F.);
#4884=ORIENTED_EDGE('',*,*,#3374,.T.);
#4885=ORIENTED_EDGE('',*,*,#3376,.F.);
#4886=ORIENTED_EDGE('',*,*,#3377,.F.);
#4887=ORIENTED_EDGE('',*,*,#3378,.F.);
#4888=ORIENTED_EDGE('',*,*,#3377,.T.);
#4889=ORIENTED_EDGE('',*,*,#3379,.F.);
#4890=ORIENTED_EDGE('',*,*,#3380,.F.);
#4891=ORIENTED_EDGE('',*,*,#3381,.F.);
#4892=ORIENTED_EDGE('',*,*,#3380,.T.);
#4893=ORIENTED_EDGE('',*,*,#3382,.F.);
#4894=ORIENTED_EDGE('',*,*,#3383,.F.);
#4895=ORIENTED_EDGE('',*,*,#3384,.F.);
#4896=ORIENTED_EDGE('',*,*,#3383,.T.);
#4897=ORIENTED_EDGE('',*,*,#3385,.F.);
#4898=ORIENTED_EDGE('',*,*,#3386,.F.);
#4899=ORIENTED_EDGE('',*,*,#3387,.F.);
#4900=ORIENTED_EDGE('',*,*,#3386,.T.);
#4901=ORIENTED_EDGE('',*,*,#3388,.F.);
#4902=ORIENTED_EDGE('',*,*,#3389,.F.);
#4903=ORIENTED_EDGE('',*,*,#3390,.F.);
#4904=ORIENTED_EDGE('',*,*,#3389,.T.);
#4905=ORIENTED_EDGE('',*,*,#3391,.F.);
#4906=ORIENTED_EDGE('',*,*,#3392,.F.);
#4907=ORIENTED_EDGE('',*,*,#3393,.F.);
#4908=ORIENTED_EDGE('',*,*,#3392,.T.);
#4909=ORIENTED_EDGE('',*,*,#3394,.F.);
#4910=ORIENTED_EDGE('',*,*,#3395,.F.);
#4911=ORIENTED_EDGE('',*,*,#3396,.F.);
#4912=ORIENTED_EDGE('',*,*,#3395,.T.);
#4913=ORIENTED_EDGE('',*,*,#3397,.F.);
#4914=ORIENTED_EDGE('',*,*,#3398,.F.);
#4915=ORIENTED_EDGE('',*,*,#3399,.F.);
#4916=ORIENTED_EDGE('',*,*,#3398,.T.);
#4917=ORIENTED_EDGE('',*,*,#3400,.F.);
#4918=ORIENTED_EDGE('',*,*,#3401,.F.);
#4919=ORIENTED_EDGE('',*,*,#3402,.F.);
#4920=ORIENTED_EDGE('',*,*,#3401,.T.);
#4921=ORIENTED_EDGE('',*,*,#3403,.F.);
#4922=ORIENTED_EDGE('',*,*,#3404,.F.);
#4923=ORIENTED_EDGE('',*,*,#3405,.F.);
#4924=ORIENTED_EDGE('',*,*,#3404,.T.);
#4925=ORIENTED_EDGE('',*,*,#3406,.F.);
#4926=ORIENTED_EDGE('',*,*,#3407,.F.);
#4927=ORIENTED_EDGE('',*,*,#3408,.F.);
#4928=ORIENTED_EDGE('',*,*,#3407,.T.);
#4929=ORIENTED_EDGE('',*,*,#3409,.F.);
#4930=ORIENTED_EDGE('',*,*,#3410,.F.);
#4931=ORIENTED_EDGE('',*,*,#3411,.F.);
#4932=ORIENTED_EDGE('',*,*,#3410,.T.);
#4933=ORIENTED_EDGE('',*,*,#3412,.F.);
#4934=ORIENTED_EDGE('',*,*,#3413,.F.);
#4935=ORIENTED_EDGE('',*,*,#3414,.F.);
#4936=ORIENTED_EDGE('',*,*,#3413,.T.);
#4937=ORIENTED_EDGE('',*,*,#3415,.F.);
#4938=ORIENTED_EDGE('',*,*,#3416,.F.);
#4939=ORIENTED_EDGE('',*,*,#3417,.F.);
#4940=ORIENTED_EDGE('',*,*,#3416,.T.);
#4941=ORIENTED_EDGE('',*,*,#3418,.F.);
#4942=ORIENTED_EDGE('',*,*,#3419,.F.);
#4943=ORIENTED_EDGE('',*,*,#3420,.F.);
#4944=ORIENTED_EDGE('',*,*,#3419,.T.);
#4945=ORIENTED_EDGE('',*,*,#3421,.F.);
#4946=ORIENTED_EDGE('',*,*,#3422,.F.);
#4947=ORIENTED_EDGE('',*,*,#3423,.F.);
#4948=ORIENTED_EDGE('',*,*,#3422,.T.);
#4949=ORIENTED_EDGE('',*,*,#3424,.F.);
#4950=ORIENTED_EDGE('',*,*,#3425,.F.);
#4951=ORIENTED_EDGE('',*,*,#3426,.F.);
#4952=ORIENTED_EDGE('',*,*,#3425,.T.);
#4953=ORIENTED_EDGE('',*,*,#3427,.F.);
#4954=ORIENTED_EDGE('',*,*,#3428,.F.);
#4955=ORIENTED_EDGE('',*,*,#3429,.F.);
#4956=ORIENTED_EDGE('',*,*,#3428,.T.);
#4957=ORIENTED_EDGE('',*,*,#3430,.F.);
#4958=ORIENTED_EDGE('',*,*,#3431,.F.);
#4959=ORIENTED_EDGE('',*,*,#3432,.F.);
#4960=ORIENTED_EDGE('',*,*,#3431,.T.);
#4961=ORIENTED_EDGE('',*,*,#3433,.F.);
#4962=ORIENTED_EDGE('',*,*,#3434,.F.);
#4963=ORIENTED_EDGE('',*,*,#3435,.F.);
#4964=ORIENTED_EDGE('',*,*,#3434,.T.);
#4965=ORIENTED_EDGE('',*,*,#3436,.F.);
#4966=ORIENTED_EDGE('',*,*,#3437,.F.);
#4967=ORIENTED_EDGE('',*,*,#3438,.F.);
#4968=ORIENTED_EDGE('',*,*,#3437,.T.);
#4969=ORIENTED_EDGE('',*,*,#3439,.F.);
#4970=ORIENTED_EDGE('',*,*,#3440,.F.);
#4971=ORIENTED_EDGE('',*,*,#3441,.F.);
#4972=ORIENTED_EDGE('',*,*,#3440,.T.);
#4973=ORIENTED_EDGE('',*,*,#3442,.F.);
#4974=ORIENTED_EDGE('',*,*,#3443,.F.);
#4975=ORIENTED_EDGE('',*,*,#3444,.F.);
#4976=ORIENTED_EDGE('',*,*,#3443,.T.);
#4977=ORIENTED_EDGE('',*,*,#3445,.F.);
#4978=ORIENTED_EDGE('',*,*,#3446,.F.);
#4979=ORIENTED_EDGE('',*,*,#3447,.F.);
#4980=ORIENTED_EDGE('',*,*,#3446,.T.);
#4981=ORIENTED_EDGE('',*,*,#3448,.F.);
#4982=ORIENTED_EDGE('',*,*,#3449,.F.);
#4983=ORIENTED_EDGE('',*,*,#3450,.F.);
#4984=ORIENTED_EDGE('',*,*,#3449,.T.);
#4985=ORIENTED_EDGE('',*,*,#3451,.F.);
#4986=ORIENTED_EDGE('',*,*,#3452,.F.);
#4987=ORIENTED_EDGE('',*,*,#3453,.F.);
#4988=ORIENTED_EDGE('',*,*,#3452,.T.);
#4989=ORIENTED_EDGE('',*,*,#3454,.F.);
#4990=ORIENTED_EDGE('',*,*,#3455,.F.);
#4991=ORIENTED_EDGE('',*,*,#3456,.F.);
#4992=ORIENTED_EDGE('',*,*,#3455,.T.);
#4993=ORIENTED_EDGE('',*,*,#3457,.F.);
#4994=ORIENTED_EDGE('',*,*,#3458,.F.);
#4995=ORIENTED_EDGE('',*,*,#3459,.F.);
#4996=ORIENTED_EDGE('',*,*,#3458,.T.);
#4997=ORIENTED_EDGE('',*,*,#3460,.F.);
#4998=ORIENTED_EDGE('',*,*,#3461,.F.);
#4999=ORIENTED_EDGE('',*,*,#3462,.F.);
#5000=ORIENTED_EDGE('',*,*,#3461,.T.);
#5001=ORIENTED_EDGE('',*,*,#3463,.F.);
#5002=ORIENTED_EDGE('',*,*,#3464,.F.);
#5003=ORIENTED_EDGE('',*,*,#3465,.F.);
#5004=ORIENTED_EDGE('',*,*,#3464,.T.);
#5005=ORIENTED_EDGE('',*,*,#3466,.F.);
#5006=ORIENTED_EDGE('',*,*,#3467,.F.);
#5007=ORIENTED_EDGE('',*,*,#3468,.F.);
#5008=ORIENTED_EDGE('',*,*,#3467,.T.);
#5009=ORIENTED_EDGE('',*,*,#3469,.F.);
#5010=ORIENTED_EDGE('',*,*,#3470,.F.);
#5011=ORIENTED_EDGE('',*,*,#3471,.F.);
#5012=ORIENTED_EDGE('',*,*,#3470,.T.);
#5013=ORIENTED_EDGE('',*,*,#3472,.F.);
#5014=ORIENTED_EDGE('',*,*,#3473,.F.);
#5015=ORIENTED_EDGE('',*,*,#3474,.F.);
#5016=ORIENTED_EDGE('',*,*,#3473,.T.);
#5017=ORIENTED_EDGE('',*,*,#3475,.F.);
#5018=ORIENTED_EDGE('',*,*,#3476,.F.);
#5019=ORIENTED_EDGE('',*,*,#3477,.F.);
#5020=ORIENTED_EDGE('',*,*,#3476,.T.);
#5021=ORIENTED_EDGE('',*,*,#3478,.F.);
#5022=ORIENTED_EDGE('',*,*,#3479,.F.);
#5023=ORIENTED_EDGE('',*,*,#3480,.F.);
#5024=ORIENTED_EDGE('',*,*,#3479,.T.);
#5025=ORIENTED_EDGE('',*,*,#3481,.F.);
#5026=ORIENTED_EDGE('',*,*,#3482,.F.);
#5027=ORIENTED_EDGE('',*,*,#3483,.F.);
#5028=ORIENTED_EDGE('',*,*,#3482,.T.);
#5029=ORIENTED_EDGE('',*,*,#3484,.F.);
#5030=ORIENTED_EDGE('',*,*,#3485,.F.);
#5031=ORIENTED_EDGE('',*,*,#3486,.F.);
#5032=ORIENTED_EDGE('',*,*,#3485,.T.);
#5033=ORIENTED_EDGE('',*,*,#3487,.F.);
#5034=ORIENTED_EDGE('',*,*,#3488,.F.);
#5035=ORIENTED_EDGE('',*,*,#3489,.F.);
#5036=ORIENTED_EDGE('',*,*,#3488,.T.);
#5037=ORIENTED_EDGE('',*,*,#3490,.F.);
#5038=ORIENTED_EDGE('',*,*,#3491,.F.);
#5039=ORIENTED_EDGE('',*,*,#3492,.F.);
#5040=ORIENTED_EDGE('',*,*,#3491,.T.);
#5041=ORIENTED_EDGE('',*,*,#3493,.F.);
#5042=ORIENTED_EDGE('',*,*,#3494,.F.);
#5043=ORIENTED_EDGE('',*,*,#3495,.F.);
#5044=ORIENTED_EDGE('',*,*,#3494,.T.);
#5045=ORIENTED_EDGE('',*,*,#3496,.F.);
#5046=ORIENTED_EDGE('',*,*,#3357,.F.);
#5047=ORIENTED_EDGE('',*,*,#3496,.T.);
#5048=ORIENTED_EDGE('',*,*,#3493,.T.);
#5049=ORIENTED_EDGE('',*,*,#3490,.T.);
#5050=ORIENTED_EDGE('',*,*,#3487,.T.);
#5051=ORIENTED_EDGE('',*,*,#3484,.T.);
#5052=ORIENTED_EDGE('',*,*,#3481,.T.);
#5053=ORIENTED_EDGE('',*,*,#3478,.T.);
#5054=ORIENTED_EDGE('',*,*,#3475,.T.);
#5055=ORIENTED_EDGE('',*,*,#3472,.T.);
#5056=ORIENTED_EDGE('',*,*,#3469,.T.);
#5057=ORIENTED_EDGE('',*,*,#3466,.T.);
#5058=ORIENTED_EDGE('',*,*,#3463,.T.);
#5059=ORIENTED_EDGE('',*,*,#3460,.T.);
#5060=ORIENTED_EDGE('',*,*,#3457,.T.);
#5061=ORIENTED_EDGE('',*,*,#3454,.T.);
#5062=ORIENTED_EDGE('',*,*,#3451,.T.);
#5063=ORIENTED_EDGE('',*,*,#3448,.T.);
#5064=ORIENTED_EDGE('',*,*,#3445,.T.);
#5065=ORIENTED_EDGE('',*,*,#3442,.T.);
#5066=ORIENTED_EDGE('',*,*,#3439,.T.);
#5067=ORIENTED_EDGE('',*,*,#3436,.T.);
#5068=ORIENTED_EDGE('',*,*,#3433,.T.);
#5069=ORIENTED_EDGE('',*,*,#3430,.T.);
#5070=ORIENTED_EDGE('',*,*,#3427,.T.);
#5071=ORIENTED_EDGE('',*,*,#3424,.T.);
#5072=ORIENTED_EDGE('',*,*,#3421,.T.);
#5073=ORIENTED_EDGE('',*,*,#3418,.T.);
#5074=ORIENTED_EDGE('',*,*,#3415,.T.);
#5075=ORIENTED_EDGE('',*,*,#3412,.T.);
#5076=ORIENTED_EDGE('',*,*,#3409,.T.);
#5077=ORIENTED_EDGE('',*,*,#3406,.T.);
#5078=ORIENTED_EDGE('',*,*,#3403,.T.);
#5079=ORIENTED_EDGE('',*,*,#3400,.T.);
#5080=ORIENTED_EDGE('',*,*,#3397,.T.);
#5081=ORIENTED_EDGE('',*,*,#3394,.T.);
#5082=ORIENTED_EDGE('',*,*,#3391,.T.);
#5083=ORIENTED_EDGE('',*,*,#3388,.T.);
#5084=ORIENTED_EDGE('',*,*,#3385,.T.);
#5085=ORIENTED_EDGE('',*,*,#3382,.T.);
#5086=ORIENTED_EDGE('',*,*,#3379,.T.);
#5087=ORIENTED_EDGE('',*,*,#3376,.T.);
#5088=ORIENTED_EDGE('',*,*,#3373,.T.);
#5089=ORIENTED_EDGE('',*,*,#3370,.T.);
#5090=ORIENTED_EDGE('',*,*,#3367,.T.);
#5091=ORIENTED_EDGE('',*,*,#3364,.T.);
#5092=ORIENTED_EDGE('',*,*,#3361,.T.);
#5093=ORIENTED_EDGE('',*,*,#3358,.T.);
#5094=ORIENTED_EDGE('',*,*,#3495,.T.);
#5095=ORIENTED_EDGE('',*,*,#3356,.T.);
#5096=ORIENTED_EDGE('',*,*,#3360,.T.);
#5097=ORIENTED_EDGE('',*,*,#3363,.T.);
#5098=ORIENTED_EDGE('',*,*,#3366,.T.);
#5099=ORIENTED_EDGE('',*,*,#3369,.T.);
#5100=ORIENTED_EDGE('',*,*,#3372,.T.);
#5101=ORIENTED_EDGE('',*,*,#3375,.T.);
#5102=ORIENTED_EDGE('',*,*,#3378,.T.);
#5103=ORIENTED_EDGE('',*,*,#3381,.T.);
#5104=ORIENTED_EDGE('',*,*,#3384,.T.);
#5105=ORIENTED_EDGE('',*,*,#3387,.T.);
#5106=ORIENTED_EDGE('',*,*,#3390,.T.);
#5107=ORIENTED_EDGE('',*,*,#3393,.T.);
#5108=ORIENTED_EDGE('',*,*,#3396,.T.);
#5109=ORIENTED_EDGE('',*,*,#3399,.T.);
#5110=ORIENTED_EDGE('',*,*,#3402,.T.);
#5111=ORIENTED_EDGE('',*,*,#3405,.T.);
#5112=ORIENTED_EDGE('',*,*,#3408,.T.);
#5113=ORIENTED_EDGE('',*,*,#3411,.T.);
#5114=ORIENTED_EDGE('',*,*,#3414,.T.);
#5115=ORIENTED_EDGE('',*,*,#3417,.T.);
#5116=ORIENTED_EDGE('',*,*,#3420,.T.);
#5117=ORIENTED_EDGE('',*,*,#3423,.T.);
#5118=ORIENTED_EDGE('',*,*,#3426,.T.);
#5119=ORIENTED_EDGE('',*,*,#3429,.T.);
#5120=ORIENTED_EDGE('',*,*,#3432,.T.);
#5121=ORIENTED_EDGE('',*,*,#3435,.T.);
#5122=ORIENTED_EDGE('',*,*,#3438,.T.);
#5123=ORIENTED_EDGE('',*,*,#3441,.T.);
#5124=ORIENTED_EDGE('',*,*,#3444,.T.);
#5125=ORIENTED_EDGE('',*,*,#3447,.T.);
#5126=ORIENTED_EDGE('',*,*,#3450,.T.);
#5127=ORIENTED_EDGE('',*,*,#3453,.T.);
#5128=ORIENTED_EDGE('',*,*,#3456,.T.);
#5129=ORIENTED_EDGE('',*,*,#3459,.T.);
#5130=ORIENTED_EDGE('',*,*,#3462,.T.);
#5131=ORIENTED_EDGE('',*,*,#3465,.T.);
#5132=ORIENTED_EDGE('',*,*,#3468,.T.);
#5133=ORIENTED_EDGE('',*,*,#3471,.T.);
#5134=ORIENTED_EDGE('',*,*,#3474,.T.);
#5135=ORIENTED_EDGE('',*,*,#3477,.T.);
#5136=ORIENTED_EDGE('',*,*,#3480,.T.);
#5137=ORIENTED_EDGE('',*,*,#3483,.T.);
#5138=ORIENTED_EDGE('',*,*,#3486,.T.);
#5139=ORIENTED_EDGE('',*,*,#3489,.T.);
#5140=ORIENTED_EDGE('',*,*,#3492,.T.);
#5141=PLANE('',#5569);
#5142=PLANE('',#5570);
#5143=PLANE('',#5571);
#5144=PLANE('',#5572);
#5145=PLANE('',#5573);
#5146=PLANE('',#5574);
#5147=PLANE('',#5575);
#5148=PLANE('',#5576);
#5149=PLANE('',#5577);
#5150=PLANE('',#5578);
#5151=PLANE('',#5579);
#5152=PLANE('',#5580);
#5153=PLANE('',#5590);
#5154=PLANE('',#5591);
#5155=PLANE('',#5592);
#5156=PLANE('',#5593);
#5157=PLANE('',#5594);
#5158=PLANE('',#5595);
#5159=PLANE('',#5596);
#5160=PLANE('',#5597);
#5161=PLANE('',#5598);
#5162=PLANE('',#5599);
#5163=PLANE('',#5600);
#5164=PLANE('',#5601);
#5165=PLANE('',#5602);
#5166=PLANE('',#5603);
#5167=PLANE('',#5613);
#5168=PLANE('',#5614);
#5169=PLANE('',#5615);
#5170=PLANE('',#5616);
#5171=PLANE('',#5618);
#5172=PLANE('',#5621);
#5173=PLANE('',#5631);
#5174=PLANE('',#5632);
#5175=PLANE('',#5633);
#5176=PLANE('',#5634);
#5177=PLANE('',#5635);
#5178=PLANE('',#5636);
#5179=PLANE('',#5637);
#5180=PLANE('',#5638);
#5181=PLANE('',#5639);
#5182=PLANE('',#5640);
#5183=PLANE('',#5641);
#5184=PLANE('',#5642);
#5185=PLANE('',#5643);
#5186=PLANE('',#5644);
#5187=PLANE('',#5645);
#5188=PLANE('',#5646);
#5189=PLANE('',#5647);
#5190=PLANE('',#5648);
#5191=PLANE('',#5649);
#5192=PLANE('',#5650);
#5193=PLANE('',#5651);
#5194=PLANE('',#5652);
#5195=PLANE('',#5653);
#5196=PLANE('',#5654);
#5197=PLANE('',#5655);
#5198=PLANE('',#5656);
#5199=PLANE('',#5657);
#5200=PLANE('',#5658);
#5201=PLANE('',#5659);
#5202=PLANE('',#5660);
#5203=PLANE('',#5661);
#5204=PLANE('',#5662);
#5205=PLANE('',#5663);
#5206=PLANE('',#5664);
#5207=PLANE('',#5665);
#5208=PLANE('',#5666);
#5209=PLANE('',#5667);
#5210=PLANE('',#5668);
#5211=PLANE('',#5669);
#5212=PLANE('',#5670);
#5213=PLANE('',#5671);
#5214=PLANE('',#5672);
#5215=PLANE('',#5673);
#5216=PLANE('',#5674);
#5217=PLANE('',#5675);
#5218=PLANE('',#5676);
#5219=PLANE('',#5677);
#5220=PLANE('',#5678);
#5221=PLANE('',#5679);
#5222=PLANE('',#5680);
#5223=PLANE('',#5681);
#5224=PLANE('',#5682);
#5225=PLANE('',#5683);
#5226=PLANE('',#5684);
#5227=PLANE('',#5685);
#5228=PLANE('',#5686);
#5229=PLANE('',#5687);
#5230=PLANE('',#5688);
#5231=PLANE('',#5689);
#5232=PLANE('',#5690);
#5233=PLANE('',#5691);
#5234=PLANE('',#5692);
#5235=PLANE('',#5693);
#5236=PLANE('',#5694);
#5237=PLANE('',#5695);
#5238=PLANE('',#5696);
#5239=PLANE('',#5697);
#5240=PLANE('',#5698);
#5241=PLANE('',#5699);
#5242=PLANE('',#5700);
#5243=PLANE('',#5701);
#5244=PLANE('',#5702);
#5245=PLANE('',#5703);
#5246=PLANE('',#5704);
#5247=PLANE('',#5705);
#5248=PLANE('',#5706);
#5249=PLANE('',#5707);
#5250=PLANE('',#5708);
#5251=PLANE('',#5709);
#5252=PLANE('',#5710);
#5253=ADVANCED_FACE('',(#601),#5141,.T.);
#5254=ADVANCED_FACE('',(#602),#5142,.T.);
#5255=ADVANCED_FACE('',(#603),#5143,.T.);
#5256=ADVANCED_FACE('',(#604),#5144,.T.);
#5257=ADVANCED_FACE('',(#605),#5145,.T.);
#5258=ADVANCED_FACE('',(#606),#5146,.T.);
#5259=ADVANCED_FACE('',(#607),#5147,.T.);
#5260=ADVANCED_FACE('',(#608),#5148,.T.);
#5261=ADVANCED_FACE('',(#609),#5149,.T.);
#5262=ADVANCED_FACE('',(#610),#5150,.T.);
#5263=ADVANCED_FACE('',(#611,#577),#5151,.T.);
#5264=ADVANCED_FACE('',(#612,#578,#579,#580,#581,#582,#583),#5152,.F.);
#5265=ADVANCED_FACE('',(#613),#5153,.T.);
#5266=ADVANCED_FACE('',(#614),#5154,.T.);
#5267=ADVANCED_FACE('',(#615),#5155,.T.);
#5268=ADVANCED_FACE('',(#616),#5156,.T.);
#5269=ADVANCED_FACE('',(#617),#5157,.T.);
#5270=ADVANCED_FACE('',(#618),#5158,.T.);
#5271=ADVANCED_FACE('',(#619),#5159,.T.);
#5272=ADVANCED_FACE('',(#620),#5160,.T.);
#5273=ADVANCED_FACE('',(#621),#5161,.T.);
#5274=ADVANCED_FACE('',(#622),#5162,.T.);
#5275=ADVANCED_FACE('',(#623),#5163,.T.);
#5276=ADVANCED_FACE('',(#624),#5164,.T.);
#5277=ADVANCED_FACE('',(#625),#5165,.T.);
#5278=ADVANCED_FACE('',(#626,#584,#585,#586,#587,#588,#589,#590),#5166,
 .T.);
#5279=ADVANCED_FACE('',(#627),#5167,.F.);
#5280=ADVANCED_FACE('',(#628),#5168,.F.);
#5281=ADVANCED_FACE('',(#629),#5169,.F.);
#5282=ADVANCED_FACE('',(#630),#5170,.F.);
#5283=ADVANCED_FACE('',(#631),#548,.T.);
#5284=ADVANCED_FACE('',(#632),#5171,.T.);
#5285=ADVANCED_FACE('',(#633),#549,.T.);
#5286=ADVANCED_FACE('',(#634),#550,.T.);
#5287=ADVANCED_FACE('',(#635),#5172,.T.);
#5288=ADVANCED_FACE('',(#636),#551,.T.);
#5289=ADVANCED_FACE('',(#637),#547,.T.);
#5290=ADVANCED_FACE('',(#638),#552,.F.);
#5291=ADVANCED_FACE('',(#639),#553,.F.);
#5292=ADVANCED_FACE('',(#640),#554,.F.);
#5293=ADVANCED_FACE('',(#641),#555,.F.);
#5294=ADVANCED_FACE('',(#642),#556,.F.);
#5295=ADVANCED_FACE('',(#643),#5173,.T.);
#5296=ADVANCED_FACE('',(#644),#5174,.T.);
#5297=ADVANCED_FACE('',(#645),#5175,.T.);
#5298=ADVANCED_FACE('',(#646),#357,.T.);
#5299=ADVANCED_FACE('',(#647),#358,.T.);
#5300=ADVANCED_FACE('',(#648),#359,.T.);
#5301=ADVANCED_FACE('',(#649),#360,.T.);
#5302=ADVANCED_FACE('',(#650),#361,.T.);
#5303=ADVANCED_FACE('',(#651),#362,.T.);
#5304=ADVANCED_FACE('',(#652),#363,.T.);
#5305=ADVANCED_FACE('',(#653),#364,.T.);
#5306=ADVANCED_FACE('',(#654),#365,.T.);
#5307=ADVANCED_FACE('',(#655),#366,.T.);
#5308=ADVANCED_FACE('',(#656),#367,.T.);
#5309=ADVANCED_FACE('',(#657),#368,.T.);
#5310=ADVANCED_FACE('',(#658),#369,.T.);
#5311=ADVANCED_FACE('',(#659),#370,.T.);
#5312=ADVANCED_FACE('',(#660),#371,.T.);
#5313=ADVANCED_FACE('',(#661),#5176,.T.);
#5314=ADVANCED_FACE('',(#662),#372,.T.);
#5315=ADVANCED_FACE('',(#663),#373,.T.);
#5316=ADVANCED_FACE('',(#664),#374,.T.);
#5317=ADVANCED_FACE('',(#665),#5177,.T.);
#5318=ADVANCED_FACE('',(#666),#375,.T.);
#5319=ADVANCED_FACE('',(#667),#376,.T.);
#5320=ADVANCED_FACE('',(#668),#377,.T.);
#5321=ADVANCED_FACE('',(#669),#378,.T.);
#5322=ADVANCED_FACE('',(#670),#379,.T.);
#5323=ADVANCED_FACE('',(#671),#380,.T.);
#5324=ADVANCED_FACE('',(#672),#381,.T.);
#5325=ADVANCED_FACE('',(#673),#382,.T.);
#5326=ADVANCED_FACE('',(#674),#5178,.T.);
#5327=ADVANCED_FACE('',(#675),#383,.T.);
#5328=ADVANCED_FACE('',(#676),#384,.T.);
#5329=ADVANCED_FACE('',(#677),#385,.T.);
#5330=ADVANCED_FACE('',(#678),#386,.T.);
#5331=ADVANCED_FACE('',(#679,#591),#5179,.T.);
#5332=ADVANCED_FACE('',(#680,#592),#5180,.F.);
#5333=ADVANCED_FACE('',(#681),#5181,.T.);
#5334=ADVANCED_FACE('',(#682),#5182,.T.);
#5335=ADVANCED_FACE('',(#683),#5183,.T.);
#5336=ADVANCED_FACE('',(#684),#387,.T.);
#5337=ADVANCED_FACE('',(#685),#388,.T.);
#5338=ADVANCED_FACE('',(#686),#389,.T.);
#5339=ADVANCED_FACE('',(#687),#390,.T.);
#5340=ADVANCED_FACE('',(#688),#391,.T.);
#5341=ADVANCED_FACE('',(#689),#392,.T.);
#5342=ADVANCED_FACE('',(#690),#393,.T.);
#5343=ADVANCED_FACE('',(#691),#394,.T.);
#5344=ADVANCED_FACE('',(#692),#395,.T.);
#5345=ADVANCED_FACE('',(#693),#396,.T.);
#5346=ADVANCED_FACE('',(#694),#397,.T.);
#5347=ADVANCED_FACE('',(#695),#398,.T.);
#5348=ADVANCED_FACE('',(#696),#399,.T.);
#5349=ADVANCED_FACE('',(#697),#400,.T.);
#5350=ADVANCED_FACE('',(#698),#5184,.T.);
#5351=ADVANCED_FACE('',(#699),#401,.T.);
#5352=ADVANCED_FACE('',(#700),#5185,.T.);
#5353=ADVANCED_FACE('',(#701),#5186,.T.);
#5354=ADVANCED_FACE('',(#702),#5187,.T.);
#5355=ADVANCED_FACE('',(#703),#5188,.T.);
#5356=ADVANCED_FACE('',(#704),#5189,.T.);
#5357=ADVANCED_FACE('',(#705),#402,.T.);
#5358=ADVANCED_FACE('',(#706),#5190,.T.);
#5359=ADVANCED_FACE('',(#707),#403,.T.);
#5360=ADVANCED_FACE('',(#708),#5191,.T.);
#5361=ADVANCED_FACE('',(#709),#5192,.T.);
#5362=ADVANCED_FACE('',(#710),#5193,.F.);
#5363=ADVANCED_FACE('',(#711),#404,.T.);
#5364=ADVANCED_FACE('',(#712),#405,.T.);
#5365=ADVANCED_FACE('',(#713),#406,.T.);
#5366=ADVANCED_FACE('',(#714),#407,.T.);
#5367=ADVANCED_FACE('',(#715),#408,.T.);
#5368=ADVANCED_FACE('',(#716),#409,.T.);
#5369=ADVANCED_FACE('',(#717),#410,.T.);
#5370=ADVANCED_FACE('',(#718),#411,.T.);
#5371=ADVANCED_FACE('',(#719),#412,.T.);
#5372=ADVANCED_FACE('',(#720),#413,.T.);
#5373=ADVANCED_FACE('',(#721),#414,.T.);
#5374=ADVANCED_FACE('',(#722),#415,.T.);
#5375=ADVANCED_FACE('',(#723),#416,.T.);
#5376=ADVANCED_FACE('',(#724),#417,.T.);
#5377=ADVANCED_FACE('',(#725),#418,.T.);
#5378=ADVANCED_FACE('',(#726),#419,.T.);
#5379=ADVANCED_FACE('',(#727,#593),#5194,.T.);
#5380=ADVANCED_FACE('',(#728,#594),#5195,.F.);
#5381=ADVANCED_FACE('',(#729),#5196,.T.);
#5382=ADVANCED_FACE('',(#730),#420,.T.);
#5383=ADVANCED_FACE('',(#731),#421,.T.);
#5384=ADVANCED_FACE('',(#732),#422,.T.);
#5385=ADVANCED_FACE('',(#733),#423,.T.);
#5386=ADVANCED_FACE('',(#734),#424,.T.);
#5387=ADVANCED_FACE('',(#735),#425,.T.);
#5388=ADVANCED_FACE('',(#736),#426,.T.);
#5389=ADVANCED_FACE('',(#737),#427,.T.);
#5390=ADVANCED_FACE('',(#738),#428,.T.);
#5391=ADVANCED_FACE('',(#739),#429,.T.);
#5392=ADVANCED_FACE('',(#740),#430,.T.);
#5393=ADVANCED_FACE('',(#741),#431,.T.);
#5394=ADVANCED_FACE('',(#742),#432,.T.);
#5395=ADVANCED_FACE('',(#743),#433,.T.);
#5396=ADVANCED_FACE('',(#744),#434,.T.);
#5397=ADVANCED_FACE('',(#745),#5197,.T.);
#5398=ADVANCED_FACE('',(#746),#435,.T.);
#5399=ADVANCED_FACE('',(#747),#436,.T.);
#5400=ADVANCED_FACE('',(#748),#437,.T.);
#5401=ADVANCED_FACE('',(#749),#5198,.T.);
#5402=ADVANCED_FACE('',(#750),#438,.T.);
#5403=ADVANCED_FACE('',(#751),#439,.T.);
#5404=ADVANCED_FACE('',(#752),#440,.T.);
#5405=ADVANCED_FACE('',(#753),#441,.T.);
#5406=ADVANCED_FACE('',(#754),#442,.T.);
#5407=ADVANCED_FACE('',(#755),#443,.T.);
#5408=ADVANCED_FACE('',(#756),#444,.T.);
#5409=ADVANCED_FACE('',(#757),#445,.T.);
#5410=ADVANCED_FACE('',(#758),#5199,.T.);
#5411=ADVANCED_FACE('',(#759),#446,.T.);
#5412=ADVANCED_FACE('',(#760),#447,.T.);
#5413=ADVANCED_FACE('',(#761),#448,.T.);
#5414=ADVANCED_FACE('',(#762),#449,.T.);
#5415=ADVANCED_FACE('',(#763,#595),#5200,.T.);
#5416=ADVANCED_FACE('',(#764,#596),#5201,.F.);
#5417=ADVANCED_FACE('',(#765),#450,.T.);
#5418=ADVANCED_FACE('',(#766),#451,.T.);
#5419=ADVANCED_FACE('',(#767),#452,.T.);
#5420=ADVANCED_FACE('',(#768),#453,.T.);
#5421=ADVANCED_FACE('',(#769),#454,.T.);
#5422=ADVANCED_FACE('',(#770),#455,.T.);
#5423=ADVANCED_FACE('',(#771),#456,.T.);
#5424=ADVANCED_FACE('',(#772),#5202,.T.);
#5425=ADVANCED_FACE('',(#773),#457,.T.);
#5426=ADVANCED_FACE('',(#774),#458,.T.);
#5427=ADVANCED_FACE('',(#775),#459,.T.);
#5428=ADVANCED_FACE('',(#776),#460,.T.);
#5429=ADVANCED_FACE('',(#777),#461,.T.);
#5430=ADVANCED_FACE('',(#778),#462,.T.);
#5431=ADVANCED_FACE('',(#779),#463,.T.);
#5432=ADVANCED_FACE('',(#780),#464,.T.);
#5433=ADVANCED_FACE('',(#781),#465,.T.);
#5434=ADVANCED_FACE('',(#782),#5203,.T.);
#5435=ADVANCED_FACE('',(#783),#466,.T.);
#5436=ADVANCED_FACE('',(#784),#5204,.T.);
#5437=ADVANCED_FACE('',(#785),#5205,.T.);
#5438=ADVANCED_FACE('',(#786),#5206,.T.);
#5439=ADVANCED_FACE('',(#787),#5207,.T.);
#5440=ADVANCED_FACE('',(#788),#5208,.T.);
#5441=ADVANCED_FACE('',(#789),#467,.T.);
#5442=ADVANCED_FACE('',(#790),#5209,.T.);
#5443=ADVANCED_FACE('',(#791),#468,.T.);
#5444=ADVANCED_FACE('',(#792),#469,.T.);
#5445=ADVANCED_FACE('',(#793),#5210,.T.);
#5446=ADVANCED_FACE('',(#794,#597),#5211,.T.);
#5447=ADVANCED_FACE('',(#795,#598),#5212,.F.);
#5448=ADVANCED_FACE('',(#796),#470,.T.);
#5449=ADVANCED_FACE('',(#797),#471,.T.);
#5450=ADVANCED_FACE('',(#798),#472,.T.);
#5451=ADVANCED_FACE('',(#799),#473,.T.);
#5452=ADVANCED_FACE('',(#800),#474,.T.);
#5453=ADVANCED_FACE('',(#801),#475,.T.);
#5454=ADVANCED_FACE('',(#802),#5213,.T.);
#5455=ADVANCED_FACE('',(#803),#476,.T.);
#5456=ADVANCED_FACE('',(#804),#477,.T.);
#5457=ADVANCED_FACE('',(#805),#478,.T.);
#5458=ADVANCED_FACE('',(#806),#479,.T.);
#5459=ADVANCED_FACE('',(#807),#480,.T.);
#5460=ADVANCED_FACE('',(#808),#481,.T.);
#5461=ADVANCED_FACE('',(#809),#5214,.T.);
#5462=ADVANCED_FACE('',(#810),#482,.T.);
#5463=ADVANCED_FACE('',(#811),#5215,.T.);
#5464=ADVANCED_FACE('',(#812),#5216,.T.);
#5465=ADVANCED_FACE('',(#813),#5217,.T.);
#5466=ADVANCED_FACE('',(#814),#5218,.T.);
#5467=ADVANCED_FACE('',(#815),#483,.T.);
#5468=ADVANCED_FACE('',(#816),#5219,.T.);
#5469=ADVANCED_FACE('',(#817),#5220,.T.);
#5470=ADVANCED_FACE('',(#818),#5221,.T.);
#5471=ADVANCED_FACE('',(#819,#599),#5222,.T.);
#5472=ADVANCED_FACE('',(#820,#600),#5223,.F.);
#5473=ADVANCED_FACE('',(#821),#5224,.T.);
#5474=ADVANCED_FACE('',(#822),#484,.T.);
#5475=ADVANCED_FACE('',(#823),#485,.T.);
#5476=ADVANCED_FACE('',(#824),#486,.T.);
#5477=ADVANCED_FACE('',(#825),#487,.T.);
#5478=ADVANCED_FACE('',(#826),#488,.T.);
#5479=ADVANCED_FACE('',(#827),#489,.T.);
#5480=ADVANCED_FACE('',(#828),#490,.T.);
#5481=ADVANCED_FACE('',(#829),#491,.T.);
#5482=ADVANCED_FACE('',(#830),#492,.T.);
#5483=ADVANCED_FACE('',(#831),#493,.T.);
#5484=ADVANCED_FACE('',(#832),#494,.T.);
#5485=ADVANCED_FACE('',(#833),#495,.T.);
#5486=ADVANCED_FACE('',(#834),#496,.T.);
#5487=ADVANCED_FACE('',(#835),#497,.T.);
#5488=ADVANCED_FACE('',(#836),#5225,.T.);
#5489=ADVANCED_FACE('',(#837),#498,.T.);
#5490=ADVANCED_FACE('',(#838),#499,.T.);
#5491=ADVANCED_FACE('',(#839),#500,.T.);
#5492=ADVANCED_FACE('',(#840),#501,.T.);
#5493=ADVANCED_FACE('',(#841),#502,.T.);
#5494=ADVANCED_FACE('',(#842),#503,.T.);
#5495=ADVANCED_FACE('',(#843),#504,.T.);
#5496=ADVANCED_FACE('',(#844),#5226,.T.);
#5497=ADVANCED_FACE('',(#845),#5227,.F.);
#5498=ADVANCED_FACE('',(#846),#5228,.T.);
#5499=ADVANCED_FACE('',(#847),#505,.T.);
#5500=ADVANCED_FACE('',(#848),#5229,.T.);
#5501=ADVANCED_FACE('',(#849),#5230,.T.);
#5502=ADVANCED_FACE('',(#850),#5231,.T.);
#5503=ADVANCED_FACE('',(#851),#5232,.T.);
#5504=ADVANCED_FACE('',(#852),#5233,.T.);
#5505=ADVANCED_FACE('',(#853),#506,.T.);
#5506=ADVANCED_FACE('',(#854),#5234,.T.);
#5507=ADVANCED_FACE('',(#855),#507,.T.);
#5508=ADVANCED_FACE('',(#856),#508,.T.);
#5509=ADVANCED_FACE('',(#857),#509,.T.);
#5510=ADVANCED_FACE('',(#858),#5235,.T.);
#5511=ADVANCED_FACE('',(#859),#510,.T.);
#5512=ADVANCED_FACE('',(#860),#511,.T.);
#5513=ADVANCED_FACE('',(#861),#5236,.T.);
#5514=ADVANCED_FACE('',(#862),#5237,.T.);
#5515=ADVANCED_FACE('',(#863),#5238,.T.);
#5516=ADVANCED_FACE('',(#864),#5239,.T.);
#5517=ADVANCED_FACE('',(#865),#5240,.T.);
#5518=ADVANCED_FACE('',(#866),#512,.T.);
#5519=ADVANCED_FACE('',(#867),#5241,.T.);
#5520=ADVANCED_FACE('',(#868),#513,.T.);
#5521=ADVANCED_FACE('',(#869),#514,.T.);
#5522=ADVANCED_FACE('',(#870),#5242,.T.);
#5523=ADVANCED_FACE('',(#871),#5243,.T.);
#5524=ADVANCED_FACE('',(#872),#515,.T.);
#5525=ADVANCED_FACE('',(#873),#516,.T.);
#5526=ADVANCED_FACE('',(#874),#517,.T.);
#5527=ADVANCED_FACE('',(#875),#518,.T.);
#5528=ADVANCED_FACE('',(#876),#519,.T.);
#5529=ADVANCED_FACE('',(#877),#520,.T.);
#5530=ADVANCED_FACE('',(#878),#521,.T.);
#5531=ADVANCED_FACE('',(#879),#522,.T.);
#5532=ADVANCED_FACE('',(#880),#5244,.T.);
#5533=ADVANCED_FACE('',(#881),#523,.T.);
#5534=ADVANCED_FACE('',(#882),#5245,.T.);
#5535=ADVANCED_FACE('',(#883),#5246,.T.);
#5536=ADVANCED_FACE('',(#884),#5247,.T.);
#5537=ADVANCED_FACE('',(#885),#5248,.T.);
#5538=ADVANCED_FACE('',(#886),#5249,.T.);
#5539=ADVANCED_FACE('',(#887),#524,.T.);
#5540=ADVANCED_FACE('',(#888),#5250,.T.);
#5541=ADVANCED_FACE('',(#889),#525,.T.);
#5542=ADVANCED_FACE('',(#890),#526,.T.);
#5543=ADVANCED_FACE('',(#891),#527,.T.);
#5544=ADVANCED_FACE('',(#892),#528,.T.);
#5545=ADVANCED_FACE('',(#893),#5251,.T.);
#5546=ADVANCED_FACE('',(#894),#5252,.F.);
#5547=CLOSED_SHELL('',(#5253,#5254,#5255,#5256,#5257,#5258,#5259,#5260,
#5261,#5262,#5263,#5264,#5265,#5266,#5267,#5268,#5269,#5270,#5271,#5272,
#5273,#5274,#5275,#5276,#5277,#5278,#5279,#5280,#5281,#5282,#5283,#5284,
#5285,#5286,#5287,#5288,#5289,#5290,#5291,#5292,#5293,#5294,#5295,#5296));
#5548=CLOSED_SHELL('',(#5297,#5298,#5299,#5300,#5301,#5302,#5303,#5304,
#5305,#5306,#5307,#5308,#5309,#5310,#5311,#5312,#5313,#5314,#5315,#5316,
#5317,#5318,#5319,#5320,#5321,#5322,#5323,#5324,#5325,#5326,#5327,#5328,
#5329,#5330,#5331,#5332));
#5549=CLOSED_SHELL('',(#5333,#5334,#5335,#5336,#5337,#5338,#5339,#5340,
#5341,#5342,#5343,#5344,#5345,#5346,#5347,#5348,#5349,#5350,#5351,#5352,
#5353,#5354,#5355,#5356,#5357,#5358,#5359,#5360,#5361,#5362));
#5550=CLOSED_SHELL('',(#5363,#5364,#5365,#5366,#5367,#5368,#5369,#5370,
#5371,#5372,#5373,#5374,#5375,#5376,#5377,#5378,#5379,#5380));
#5551=CLOSED_SHELL('',(#5381,#5382,#5383,#5384,#5385,#5386,#5387,#5388,
#5389,#5390,#5391,#5392,#5393,#5394,#5395,#5396,#5397,#5398,#5399,#5400,
#5401,#5402,#5403,#5404,#5405,#5406,#5407,#5408,#5409,#5410,#5411,#5412,
#5413,#5414,#5415,#5416));
#5552=CLOSED_SHELL('',(#5417,#5418,#5419,#5420,#5421,#5422,#5423,#5424,
#5425,#5426,#5427,#5428,#5429,#5430,#5431,#5432,#5433,#5434,#5435,#5436,
#5437,#5438,#5439,#5440,#5441,#5442,#5443,#5444,#5445,#5446,#5447));
#5553=CLOSED_SHELL('',(#5448,#5449,#5450,#5451,#5452,#5453,#5454,#5455,
#5456,#5457,#5458,#5459,#5460,#5461,#5462,#5463,#5464,#5465,#5466,#5467,
#5468,#5469,#5470,#5471,#5472));
#5554=CLOSED_SHELL('',(#5473,#5474,#5475,#5476,#5477,#5478,#5479,#5480,
#5481,#5482,#5483,#5484,#5485,#5486,#5487,#5488,#5489,#5490,#5491,#5492,
#5493,#5494,#5495,#5496,#5497));
#5555=CLOSED_SHELL('',(#5498,#5499,#5500,#5501,#5502,#5503,#5504,#5505,
#5506,#5507,#5508,#5509,#5510,#5511,#5512,#5513,#5514,#5515,#5516,#5517,
#5518,#5519,#5520,#5521,#5522,#5523,#5524,#5525,#5526,#5527,#5528,#5529,
#5530,#5531,#5532,#5533,#5534,#5535,#5536,#5537,#5538,#5539,#5540,#5541,
#5542,#5543,#5544,#5545,#5546));
#5556=DERIVED_UNIT_ELEMENT(#5558,1.);
#5557=DERIVED_UNIT_ELEMENT(#11047,-3.);
#5558=(
MASS_UNIT()
NAMED_UNIT(*)
SI_UNIT(.KILO.,.GRAM.)
);
#5559=DERIVED_UNIT((#5556,#5557));
#5560=MEASURE_REPRESENTATION_ITEM('density measure',
POSITIVE_RATIO_MEASURE(7850.),#5559);
#5561=PROPERTY_DEFINITION_REPRESENTATION(#5566,#5563);
#5562=PROPERTY_DEFINITION_REPRESENTATION(#5567,#5564);
#5563=REPRESENTATION('material name',(#5565),#11044);
#5564=REPRESENTATION('density',(#5560),#11044);
#5565=DESCRIPTIVE_REPRESENTATION_ITEM('Steel','Steel');
#5566=PROPERTY_DEFINITION('material property','material name',#11054);
#5567=PROPERTY_DEFINITION('material property','density of part',#11054);
#5568=AXIS2_PLACEMENT_3D('',#6455,#5711,#5712);
#5569=AXIS2_PLACEMENT_3D('',#6456,#5713,#5714);
#5570=AXIS2_PLACEMENT_3D('',#6465,#5719,#5720);
#5571=AXIS2_PLACEMENT_3D('',#6471,#5724,#5725);
#5572=AXIS2_PLACEMENT_3D('',#6475,#5728,#5729);
#5573=AXIS2_PLACEMENT_3D('',#6483,#5734,#5735);
#5574=AXIS2_PLACEMENT_3D('',#6489,#5739,#5740);
#5575=AXIS2_PLACEMENT_3D('',#6498,#5745,#5746);
#5576=AXIS2_PLACEMENT_3D('',#6504,#5750,#5751);
#5577=AXIS2_PLACEMENT_3D('',#6510,#5755,#5756);
#5578=AXIS2_PLACEMENT_3D('',#6513,#5759,#5760);
#5579=AXIS2_PLACEMENT_3D('',#6519,#5764,#5765);
#5580=AXIS2_PLACEMENT_3D('',#6521,#5767,#5768);
#5581=AXIS2_PLACEMENT_3D('',#6524,#5769,#5770);
#5582=AXIS2_PLACEMENT_3D('',#6528,#5772,#5773);
#5583=AXIS2_PLACEMENT_3D('',#6532,#5775,#5776);
#5584=AXIS2_PLACEMENT_3D('',#6536,#5778,#5779);
#5585=AXIS2_PLACEMENT_3D('',#6539,#5781,#5782);
#5586=AXIS2_PLACEMENT_3D('',#6541,#5783,#5784);
#5587=AXIS2_PLACEMENT_3D('',#6543,#5785,#5786);
#5588=AXIS2_PLACEMENT_3D('',#6545,#5787,#5788);
#5589=AXIS2_PLACEMENT_3D('',#6547,#5789,#5790);
#5590=AXIS2_PLACEMENT_3D('',#6571,#5803,#5804);
#5591=AXIS2_PLACEMENT_3D('',#6577,#5808,#5809);
#5592=AXIS2_PLACEMENT_3D('',#6581,#5812,#5813);
#5593=AXIS2_PLACEMENT_3D('',#6585,#5816,#5817);
#5594=AXIS2_PLACEMENT_3D('',#6589,#5820,#5821);
#5595=AXIS2_PLACEMENT_3D('',#6595,#5825,#5826);
#5596=AXIS2_PLACEMENT_3D('',#6599,#5829,#5830);
#5597=AXIS2_PLACEMENT_3D('',#6603,#5833,#5834);
#5598=AXIS2_PLACEMENT_3D('',#6605,#5836,#5837);
#5599=AXIS2_PLACEMENT_3D('',#6609,#5840,#5841);
#5600=AXIS2_PLACEMENT_3D('',#6615,#5845,#5846);
#5601=AXIS2_PLACEMENT_3D('',#6621,#5850,#5851);
#5602=AXIS2_PLACEMENT_3D('',#6623,#5853,#5854);
#5603=AXIS2_PLACEMENT_3D('',#6625,#5856,#5857);
#5604=AXIS2_PLACEMENT_3D('',#6628,#5858,#5859);
#5605=AXIS2_PLACEMENT_3D('',#6632,#5861,#5862);
#5606=AXIS2_PLACEMENT_3D('',#6636,#5864,#5865);
#5607=AXIS2_PLACEMENT_3D('',#6640,#5867,#5868);
#5608=AXIS2_PLACEMENT_3D('',#6651,#5874,#5875);
#5609=AXIS2_PLACEMENT_3D('',#6653,#5876,#5877);
#5610=AXIS2_PLACEMENT_3D('',#6655,#5878,#5879);
#5611=AXIS2_PLACEMENT_3D('',#6657,#5880,#5881);
#5612=AXIS2_PLACEMENT_3D('',#6659,#5882,#5883);
#5613=AXIS2_PLACEMENT_3D('',#6660,#5884,#5885);
#5614=AXIS2_PLACEMENT_3D('',#6663,#5888,#5889);
#5615=AXIS2_PLACEMENT_3D('',#6665,#5891,#5892);
#5616=AXIS2_PLACEMENT_3D('',#6667,#5894,#5895);
#5617=AXIS2_PLACEMENT_3D('',#6668,#5896,#5897);
#5618=AXIS2_PLACEMENT_3D('',#6671,#5900,#5901);
#5619=AXIS2_PLACEMENT_3D('',#6673,#5903,#5904);
#5620=AXIS2_PLACEMENT_3D('',#6675,#5906,#5907);
#5621=AXIS2_PLACEMENT_3D('',#6678,#5910,#5911);
#5622=AXIS2_PLACEMENT_3D('',#6680,#5913,#5914);
#5623=AXIS2_PLACEMENT_3D('',#6682,#5916,#5917);
#5624=AXIS2_PLACEMENT_3D('',#6684,#5918,#5919);
#5625=AXIS2_PLACEMENT_3D('',#6685,#5920,#5921);
#5626=AXIS2_PLACEMENT_3D('',#6686,#5922,#5923);
#5627=AXIS2_PLACEMENT_3D('',#6688,#5925,#5926);
#5628=AXIS2_PLACEMENT_3D('',#6690,#5928,#5929);
#5629=AXIS2_PLACEMENT_3D('',#6692,#5931,#5932);
#5630=AXIS2_PLACEMENT_3D('',#6694,#5934,#5935);
#5631=AXIS2_PLACEMENT_3D('',#6696,#5937,#5938);
#5632=AXIS2_PLACEMENT_3D('',#6697,#5939,#5940);
#5633=AXIS2_PLACEMENT_3D('',#6698,#5941,#5942);
#5634=AXIS2_PLACEMENT_3D('',#7052,#5962,#5963);
#5635=AXIS2_PLACEMENT_3D('',#7127,#5970,#5971);
#5636=AXIS2_PLACEMENT_3D('',#7317,#5983,#5984);
#5637=AXIS2_PLACEMENT_3D('',#7412,#5991,#5992);
#5638=AXIS2_PLACEMENT_3D('',#7413,#5993,#5994);
#5639=AXIS2_PLACEMENT_3D('',#7414,#5995,#5996);
#5640=AXIS2_PLACEMENT_3D('',#7423,#6001,#6002);
#5641=AXIS2_PLACEMENT_3D('',#7429,#6006,#6007);
#5642=AXIS2_PLACEMENT_3D('',#7757,#6025,#6026);
#5643=AXIS2_PLACEMENT_3D('',#7786,#6031,#6032);
#5644=AXIS2_PLACEMENT_3D('',#7792,#6036,#6037);
#5645=AXIS2_PLACEMENT_3D('',#7798,#6041,#6042);
#5646=AXIS2_PLACEMENT_3D('',#7804,#6046,#6047);
#5647=AXIS2_PLACEMENT_3D('',#7810,#6051,#6052);
#5648=AXIS2_PLACEMENT_3D('',#7839,#6057,#6058);
#5649=AXIS2_PLACEMENT_3D('',#7868,#6063,#6064);
#5650=AXIS2_PLACEMENT_3D('',#7871,#6067,#6068);
#5651=AXIS2_PLACEMENT_3D('',#7872,#6069,#6070);
#5652=AXIS2_PLACEMENT_3D('',#8241,#6087,#6088);
#5653=AXIS2_PLACEMENT_3D('',#8242,#6089,#6090);
#5654=AXIS2_PLACEMENT_3D('',#8243,#6091,#6092);
#5655=AXIS2_PLACEMENT_3D('',#8597,#6112,#6113);
#5656=AXIS2_PLACEMENT_3D('',#8672,#6120,#6121);
#5657=AXIS2_PLACEMENT_3D('',#8862,#6133,#6134);
#5658=AXIS2_PLACEMENT_3D('',#8957,#6141,#6142);
#5659=AXIS2_PLACEMENT_3D('',#8958,#6143,#6144);
#5660=AXIS2_PLACEMENT_3D('',#9120,#6152,#6153);
#5661=AXIS2_PLACEMENT_3D('',#9336,#6167,#6168);
#5662=AXIS2_PLACEMENT_3D('',#9365,#6173,#6174);
#5663=AXIS2_PLACEMENT_3D('',#9371,#6178,#6179);
#5664=AXIS2_PLACEMENT_3D('',#9377,#6183,#6184);
#5665=AXIS2_PLACEMENT_3D('',#9383,#6188,#6189);
#5666=AXIS2_PLACEMENT_3D('',#9389,#6193,#6194);
#5667=AXIS2_PLACEMENT_3D('',#9418,#6199,#6200);
#5668=AXIS2_PLACEMENT_3D('',#9470,#6206,#6207);
#5669=AXIS2_PLACEMENT_3D('',#9473,#6210,#6211);
#5670=AXIS2_PLACEMENT_3D('',#9474,#6212,#6213);
#5671=AXIS2_PLACEMENT_3D('',#9613,#6220,#6221);
#5672=AXIS2_PLACEMENT_3D('',#9760,#6232,#6233);
#5673=AXIS2_PLACEMENT_3D('',#9789,#6238,#6239);
#5674=AXIS2_PLACEMENT_3D('',#9795,#6243,#6244);
#5675=AXIS2_PLACEMENT_3D('',#9801,#6248,#6249);
#5676=AXIS2_PLACEMENT_3D('',#9807,#6253,#6254);
#5677=AXIS2_PLACEMENT_3D('',#9836,#6259,#6260);
#5678=AXIS2_PLACEMENT_3D('',#9842,#6264,#6265);
#5679=AXIS2_PLACEMENT_3D('',#9848,#6269,#6270);
#5680=AXIS2_PLACEMENT_3D('',#9851,#6273,#6274);
#5681=AXIS2_PLACEMENT_3D('',#9852,#6275,#6276);
#5682=AXIS2_PLACEMENT_3D('',#9853,#6277,#6278);
#5683=AXIS2_PLACEMENT_3D('',#10184,#6297,#6298);
#5684=AXIS2_PLACEMENT_3D('',#10348,#6308,#6309);
#5685=AXIS2_PLACEMENT_3D('',#10349,#6310,#6311);
#5686=AXIS2_PLACEMENT_3D('',#10350,#6312,#6313);
#5687=AXIS2_PLACEMENT_3D('',#10382,#6319,#6320);
#5688=AXIS2_PLACEMENT_3D('',#10388,#6324,#6325);
#5689=AXIS2_PLACEMENT_3D('',#10394,#6329,#6330);
#5690=AXIS2_PLACEMENT_3D('',#10400,#6334,#6335);
#5691=AXIS2_PLACEMENT_3D('',#10406,#6339,#6340);
#5692=AXIS2_PLACEMENT_3D('',#10435,#6345,#6346);
#5693=AXIS2_PLACEMENT_3D('',#10510,#6353,#6354);
#5694=AXIS2_PLACEMENT_3D('',#10562,#6360,#6361);
#5695=AXIS2_PLACEMENT_3D('',#10568,#6365,#6366);
#5696=AXIS2_PLACEMENT_3D('',#10574,#6370,#6371);
#5697=AXIS2_PLACEMENT_3D('',#10580,#6375,#6376);
#5698=AXIS2_PLACEMENT_3D('',#10586,#6380,#6381);
#5699=AXIS2_PLACEMENT_3D('',#10615,#6386,#6387);
#5700=AXIS2_PLACEMENT_3D('',#10667,#6393,#6394);
#5701=AXIS2_PLACEMENT_3D('',#10673,#6398,#6399);
#5702=AXIS2_PLACEMENT_3D('',#10863,#6411,#6412);
#5703=AXIS2_PLACEMENT_3D('',#10892,#6417,#6418);
#5704=AXIS2_PLACEMENT_3D('',#10898,#6422,#6423);
#5705=AXIS2_PLACEMENT_3D('',#10904,#6427,#6428);
#5706=AXIS2_PLACEMENT_3D('',#10910,#6432,#6433);
#5707=AXIS2_PLACEMENT_3D('',#10916,#6437,#6438);
#5708=AXIS2_PLACEMENT_3D('',#10945,#6443,#6444);
#5709=AXIS2_PLACEMENT_3D('',#11040,#6451,#6452);
#5710=AXIS2_PLACEMENT_3D('',#11041,#6453,#6454);
#5711=DIRECTION('axis',(0.,0.,1.));
#5712=DIRECTION('refdir',(1.,0.,0.));
#5713=DIRECTION('center_axis',(0.,-1.,0.));
#5714=DIRECTION('ref_axis',(-1.,0.,0.));
#5715=DIRECTION('',(1.,0.,0.));
#5716=DIRECTION('',(0.,0.,-1.));
#5717=DIRECTION('',(-1.,0.,0.));
#5718=DIRECTION('',(0.,0.,-1.));
#5719=DIRECTION('center_axis',(1.,0.,0.));
#5720=DIRECTION('ref_axis',(0.,-1.,0.));
#5721=DIRECTION('',(0.,1.,0.));
#5722=DIRECTION('',(0.,-1.,0.));
#5723=DIRECTION('',(0.,0.,-1.));
#5724=DIRECTION('center_axis',(0.,0.,-1.));
#5725=DIRECTION('ref_axis',(-1.,0.,0.));
#5726=DIRECTION('',(0.,1.,0.));
#5727=DIRECTION('',(1.,0.,0.));
#5728=DIRECTION('center_axis',(-1.,0.,0.));
#5729=DIRECTION('ref_axis',(0.,1.,0.));
#5730=DIRECTION('',(0.,1.,0.));
#5731=DIRECTION('',(0.,0.,-1.));
#5732=DIRECTION('',(0.,-1.,0.));
#5733=DIRECTION('',(0.,0.,-1.));
#5734=DIRECTION('center_axis',(0.,1.,0.));
#5735=DIRECTION('ref_axis',(1.,0.,0.));
#5736=DIRECTION('',(-1.,0.,0.));
#5737=DIRECTION('',(0.,0.,-1.));
#5738=DIRECTION('',(1.,0.,0.));
#5739=DIRECTION('center_axis',(1.,0.,0.));
#5740=DIRECTION('ref_axis',(0.,-1.,0.));
#5741=DIRECTION('',(0.,-1.,0.));
#5742=DIRECTION('',(0.,0.,-1.));
#5743=DIRECTION('',(0.,-1.,0.));
#5744=DIRECTION('',(0.,0.,-1.));
#5745=DIRECTION('center_axis',(0.,-1.,0.));
#5746=DIRECTION('ref_axis',(-1.,0.,0.));
#5747=DIRECTION('',(-1.,0.,0.));
#5748=DIRECTION('',(-1.,0.,0.));
#5749=DIRECTION('',(0.,0.,-1.));
#5750=DIRECTION('center_axis',(-1.,0.,0.));
#5751=DIRECTION('ref_axis',(0.,1.,0.));
#5752=DIRECTION('',(0.,1.,0.));
#5753=DIRECTION('',(0.,1.,0.));
#5754=DIRECTION('',(0.,0.,-1.));
#5755=DIRECTION('center_axis',(0.,1.,0.));
#5756=DIRECTION('ref_axis',(1.,0.,0.));
#5757=DIRECTION('',(1.,0.,0.));
#5758=DIRECTION('',(1.,0.,0.));
#5759=DIRECTION('center_axis',(1.,0.,0.));
#5760=DIRECTION('ref_axis',(0.,-1.,0.));
#5761=DIRECTION('',(0.,1.,0.));
#5762=DIRECTION('',(0.,0.,1.));
#5763=DIRECTION('',(0.,-1.,0.));
#5764=DIRECTION('center_axis',(0.,0.,-1.));
#5765=DIRECTION('ref_axis',(-1.,0.,0.));
#5766=DIRECTION('',(1.,0.,0.));
#5767=DIRECTION('center_axis',(0.,0.,1.));
#5768=DIRECTION('ref_axis',(1.,0.,0.));
#5769=DIRECTION('center_axis',(0.,0.,1.));
#5770=DIRECTION('ref_axis',(-0.707106781186547,0.707106781186548,0.));
#5771=DIRECTION('',(1.,0.,0.));
#5772=DIRECTION('center_axis',(0.,0.,1.));
#5773=DIRECTION('ref_axis',(0.707106781186547,0.707106781186547,0.));
#5774=DIRECTION('',(0.,-1.,0.));
#5775=DIRECTION('center_axis',(0.,0.,1.));
#5776=DIRECTION('ref_axis',(0.707106781186547,-0.707106781186547,0.));
#5777=DIRECTION('',(-1.,0.,0.));
#5778=DIRECTION('center_axis',(0.,0.,1.));
#5779=DIRECTION('ref_axis',(-0.707106781186547,-0.707106781186548,0.));
#5780=DIRECTION('',(0.,1.,0.));
#5781=DIRECTION('center_axis',(0.,0.,1.));
#5782=DIRECTION('ref_axis',(-1.,0.,0.));
#5783=DIRECTION('center_axis',(0.,0.,-1.));
#5784=DIRECTION('ref_axis',(1.,0.,0.));
#5785=DIRECTION('center_axis',(0.,0.,-1.));
#5786=DIRECTION('ref_axis',(1.,0.,0.));
#5787=DIRECTION('center_axis',(0.,0.,-1.));
#5788=DIRECTION('ref_axis',(1.,0.,0.));
#5789=DIRECTION('center_axis',(0.,0.,-1.));
#5790=DIRECTION('ref_axis',(1.,0.,0.));
#5791=DIRECTION('',(-1.,0.,0.));
#5792=DIRECTION('',(0.,-1.,0.));
#5793=DIRECTION('',(1.,0.,0.));
#5794=DIRECTION('',(0.,1.,0.));
#5795=DIRECTION('',(1.,0.,0.));
#5796=DIRECTION('',(0.,-1.,0.));
#5797=DIRECTION('',(-1.,0.,0.));
#5798=DIRECTION('',(0.,-1.,0.));
#5799=DIRECTION('',(0.,-1.,0.));
#5800=DIRECTION('',(1.,0.,0.));
#5801=DIRECTION('',(0.,1.,0.));
#5802=DIRECTION('',(-1.,0.,0.));
#5803=DIRECTION('center_axis',(-1.,0.,0.));
#5804=DIRECTION('ref_axis',(0.,1.,0.));
#5805=DIRECTION('',(0.,0.,-1.));
#5806=DIRECTION('',(0.,1.,0.));
#5807=DIRECTION('',(0.,0.,-1.));
#5808=DIRECTION('center_axis',(0.,-1.,0.));
#5809=DIRECTION('ref_axis',(-1.,0.,0.));
#5810=DIRECTION('',(-1.,0.,0.));
#5811=DIRECTION('',(0.,0.,-1.));
#5812=DIRECTION('center_axis',(1.,0.,0.));
#5813=DIRECTION('ref_axis',(0.,-1.,0.));
#5814=DIRECTION('',(0.,-1.,0.));
#5815=DIRECTION('',(0.,0.,-1.));
#5816=DIRECTION('center_axis',(0.,-1.,0.));
#5817=DIRECTION('ref_axis',(-1.,0.,0.));
#5818=DIRECTION('',(-1.,0.,0.));
#5819=DIRECTION('',(0.,0.,-1.));
#5820=DIRECTION('center_axis',(-1.,0.,0.));
#5821=DIRECTION('ref_axis',(0.,1.,0.));
#5822=DIRECTION('',(0.,0.,-1.));
#5823=DIRECTION('',(0.,1.,0.));
#5824=DIRECTION('',(0.,0.,-1.));
#5825=DIRECTION('center_axis',(0.,-1.,0.));
#5826=DIRECTION('ref_axis',(-1.,0.,0.));
#5827=DIRECTION('',(-1.,0.,0.));
#5828=DIRECTION('',(0.,0.,-1.));
#5829=DIRECTION('center_axis',(1.,0.,0.));
#5830=DIRECTION('ref_axis',(0.,-1.,0.));
#5831=DIRECTION('',(0.,-1.,0.));
#5832=DIRECTION('',(0.,0.,-1.));
#5833=DIRECTION('center_axis',(0.,1.,0.));
#5834=DIRECTION('ref_axis',(1.,0.,0.));
#5835=DIRECTION('',(1.,0.,0.));
#5836=DIRECTION('center_axis',(0.,0.,-1.));
#5837=DIRECTION('ref_axis',(-1.,0.,0.));
#5838=DIRECTION('',(1.,0.,0.));
#5839=DIRECTION('',(0.,1.,0.));
#5840=DIRECTION('center_axis',(-0.707106781186547,0.,0.707106781186548));
#5841=DIRECTION('ref_axis',(0.707106781186548,0.,0.707106781186547));
#5842=DIRECTION('',(0.,1.,0.));
#5843=DIRECTION('',(-0.577350269189626,-0.577350269189626,-0.577350269189625));
#5844=DIRECTION('',(0.577350269189626,-0.577350269189626,0.577350269189626));
#5845=DIRECTION('center_axis',(0.707106781186547,0.,0.707106781186548));
#5846=DIRECTION('ref_axis',(0.707106781186548,0.,-0.707106781186547));
#5847=DIRECTION('',(-0.577350269189626,0.577350269189626,0.577350269189625));
#5848=DIRECTION('',(0.,-1.,0.));
#5849=DIRECTION('',(-0.577350269189626,-0.577350269189626,0.577350269189626));
#5850=DIRECTION('center_axis',(0.,-0.707106781186547,0.707106781186548));
#5851=DIRECTION('ref_axis',(1.,0.,0.));
#5852=DIRECTION('',(-1.,0.,0.));
#5853=DIRECTION('center_axis',(0.,0.707106781186548,0.707106781186547));
#5854=DIRECTION('ref_axis',(1.,0.,0.));
#5855=DIRECTION('',(1.,0.,0.));
#5856=DIRECTION('center_axis',(0.,0.,1.));
#5857=DIRECTION('ref_axis',(1.,0.,0.));
#5858=DIRECTION('center_axis',(0.,0.,-1.));
#5859=DIRECTION('ref_axis',(-0.707106781186547,0.707106781186548,0.));
#5860=DIRECTION('',(0.,-1.,0.));
#5861=DIRECTION('center_axis',(0.,0.,-1.));
#5862=DIRECTION('ref_axis',(-0.707106781186547,-0.707106781186548,0.));
#5863=DIRECTION('',(1.,0.,0.));
#5864=DIRECTION('center_axis',(0.,0.,-1.));
#5865=DIRECTION('ref_axis',(0.707106781186547,-0.707106781186547,0.));
#5866=DIRECTION('',(0.,1.,0.));
#5867=DIRECTION('center_axis',(0.,0.,-1.));
#5868=DIRECTION('ref_axis',(0.707106781186547,0.707106781186547,0.));
#5869=DIRECTION('',(-1.,0.,0.));
#5870=DIRECTION('',(1.55472767311182E-16,-1.,0.));
#5871=DIRECTION('',(-1.,0.,0.));
#5872=DIRECTION('',(0.,1.,0.));
#5873=DIRECTION('',(1.,0.,0.));
#5874=DIRECTION('center_axis',(0.,0.,-1.));
#5875=DIRECTION('ref_axis',(1.,0.,0.));
#5876=DIRECTION('center_axis',(0.,0.,-1.));
#5877=DIRECTION('ref_axis',(1.,0.,0.));
#5878=DIRECTION('center_axis',(0.,0.,-1.));
#5879=DIRECTION('ref_axis',(1.,0.,0.));
#5880=DIRECTION('center_axis',(0.,0.,-1.));
#5881=DIRECTION('ref_axis',(1.,0.,0.));
#5882=DIRECTION('center_axis',(0.,0.,1.));
#5883=DIRECTION('ref_axis',(-1.,0.,0.));
#5884=DIRECTION('center_axis',(-1.,0.,0.));
#5885=DIRECTION('ref_axis',(0.,1.,0.));
#5886=DIRECTION('',(0.,0.,-1.));
#5887=DIRECTION('',(0.,0.,-1.));
#5888=DIRECTION('center_axis',(0.,-1.,0.));
#5889=DIRECTION('ref_axis',(-1.,0.,0.));
#5890=DIRECTION('',(0.,0.,-1.));
#5891=DIRECTION('center_axis',(1.,1.55472767311182E-16,0.));
#5892=DIRECTION('ref_axis',(1.55472767311182E-16,-1.,0.));
#5893=DIRECTION('',(0.,0.,-1.));
#5894=DIRECTION('center_axis',(0.,1.,0.));
#5895=DIRECTION('ref_axis',(1.,0.,0.));
#5896=DIRECTION('center_axis',(0.,0.,1.));
#5897=DIRECTION('ref_axis',(-0.707106781186547,0.707106781186548,0.));
#5898=DIRECTION('',(0.,0.,-1.));
#5899=DIRECTION('',(0.,0.,1.));
#5900=DIRECTION('center_axis',(-1.,0.,0.));
#5901=DIRECTION('ref_axis',(0.,-1.,0.));
#5902=DIRECTION('',(0.,0.,-1.));
#5903=DIRECTION('center_axis',(0.,0.,1.));
#5904=DIRECTION('ref_axis',(-0.707106781186547,-0.707106781186548,0.));
#5905=DIRECTION('',(0.,0.,1.));
#5906=DIRECTION('center_axis',(0.,0.,1.));
#5907=DIRECTION('ref_axis',(0.707106781186547,-0.707106781186547,0.));
#5908=DIRECTION('',(0.,0.,-1.));
#5909=DIRECTION('',(0.,0.,1.));
#5910=DIRECTION('center_axis',(1.,0.,0.));
#5911=DIRECTION('ref_axis',(0.,1.,0.));
#5912=DIRECTION('',(0.,0.,-1.));
#5913=DIRECTION('center_axis',(0.,0.,1.));
#5914=DIRECTION('ref_axis',(0.707106781186547,0.707106781186547,0.));
#5915=DIRECTION('',(0.,0.,1.));
#5916=DIRECTION('center_axis',(0.,0.,-1.));
#5917=DIRECTION('ref_axis',(-1.,0.,0.));
#5918=DIRECTION('center_axis',(-2.01858731750028E-16,-1.,0.));
#5919=DIRECTION('ref_axis',(1.,-2.01858731750029E-16,0.));
#5920=DIRECTION('center_axis',(0.,0.,-1.));
#5921=DIRECTION('ref_axis',(-1.,0.,0.));
#5922=DIRECTION('center_axis',(0.,0.,-1.));
#5923=DIRECTION('ref_axis',(-1.,0.,0.));
#5924=DIRECTION('',(0.,0.,-1.));
#5925=DIRECTION('center_axis',(0.,0.,1.));
#5926=DIRECTION('ref_axis',(1.,0.,0.));
#5927=DIRECTION('',(0.,0.,1.));
#5928=DIRECTION('center_axis',(0.,0.,1.));
#5929=DIRECTION('ref_axis',(1.,0.,0.));
#5930=DIRECTION('',(0.,0.,1.));
#5931=DIRECTION('center_axis',(0.,0.,1.));
#5932=DIRECTION('ref_axis',(1.,0.,0.));
#5933=DIRECTION('',(0.,0.,1.));
#5934=DIRECTION('center_axis',(0.,0.,1.));
#5935=DIRECTION('ref_axis',(1.,0.,0.));
#5936=DIRECTION('',(0.,0.,1.));
#5937=DIRECTION('center_axis',(0.,1.,0.));
#5938=DIRECTION('ref_axis',(-1.,0.,0.));
#5939=DIRECTION('center_axis',(0.,-1.,0.));
#5940=DIRECTION('ref_axis',(1.,0.,0.));
#5941=DIRECTION('center_axis',(-0.999999895993047,-0.000456085403652917,
0.));
#5942=DIRECTION('ref_axis',(0.000456085403652917,-0.999999895993047,0.));
#5943=DIRECTION('',(-0.000456085403652917,0.999999895993047,0.));
#5944=DIRECTION('',(0.,0.,1.));
#5945=DIRECTION('',(0.000456085403652917,-0.999999895993047,0.));
#5946=DIRECTION('',(0.,0.,1.));
#5947=DIRECTION('',(0.,0.,1.));
#5948=DIRECTION('',(0.,0.,1.));
#5949=DIRECTION('',(0.,0.,1.));
#5950=DIRECTION('',(0.,0.,1.));
#5951=DIRECTION('',(0.,0.,1.));
#5952=DIRECTION('',(0.,0.,1.));
#5953=DIRECTION('',(0.,0.,1.));
#5954=DIRECTION('',(0.,0.,1.));
#5955=DIRECTION('',(0.,0.,1.));
#5956=DIRECTION('',(0.,0.,1.));
#5957=DIRECTION('',(0.,0.,1.));
#5958=DIRECTION('',(0.,0.,1.));
#5959=DIRECTION('',(0.,0.,1.));
#5960=DIRECTION('',(0.,0.,1.));
#5961=DIRECTION('',(0.,0.,1.));
#5962=DIRECTION('center_axis',(0.999999895993047,0.000456085403653817,0.));
#5963=DIRECTION('ref_axis',(-0.000456085403653817,0.999999895993047,0.));
#5964=DIRECTION('',(0.000456085403653817,-0.999999895993047,0.));
#5965=DIRECTION('',(-0.000456085403653817,0.999999895993047,0.));
#5966=DIRECTION('',(0.,0.,1.));
#5967=DIRECTION('',(0.,0.,1.));
#5968=DIRECTION('',(0.,0.,1.));
#5969=DIRECTION('',(0.,0.,1.));
#5970=DIRECTION('center_axis',(0.817543955201122,0.575866200878386,0.));
#5971=DIRECTION('ref_axis',(-0.575866200878386,0.817543955201122,0.));
#5972=DIRECTION('',(0.575866200878386,-0.817543955201122,0.));
#5973=DIRECTION('',(-0.575866200878386,0.817543955201122,0.));
#5974=DIRECTION('',(0.,0.,1.));
#5975=DIRECTION('',(0.,0.,1.));
#5976=DIRECTION('',(0.,0.,1.));
#5977=DIRECTION('',(0.,0.,1.));
#5978=DIRECTION('',(0.,0.,1.));
#5979=DIRECTION('',(0.,0.,1.));
#5980=DIRECTION('',(0.,0.,1.));
#5981=DIRECTION('',(0.,0.,1.));
#5982=DIRECTION('',(0.,0.,1.));
#5983=DIRECTION('center_axis',(-0.999999895993047,-0.000456085403652568,
0.));
#5984=DIRECTION('ref_axis',(0.000456085403652568,-0.999999895993047,0.));
#5985=DIRECTION('',(-0.000456085403652568,0.999999895993047,0.));
#5986=DIRECTION('',(0.000456085403652568,-0.999999895993047,0.));
#5987=DIRECTION('',(0.,0.,1.));
#5988=DIRECTION('',(0.,0.,1.));
#5989=DIRECTION('',(0.,0.,1.));
#5990=DIRECTION('',(0.,0.,1.));
#5991=DIRECTION('center_axis',(0.,0.,1.));
#5992=DIRECTION('ref_axis',(-1.,0.,0.));
#5993=DIRECTION('center_axis',(0.,0.,1.));
#5994=DIRECTION('ref_axis',(-1.,0.,0.));
#5995=DIRECTION('center_axis',(-0.999999895993047,-0.000456085403656212,
0.));
#5996=DIRECTION('ref_axis',(0.000456085403656212,-0.999999895993047,0.));
#5997=DIRECTION('',(-0.000456085403656212,0.999999895993047,0.));
#5998=DIRECTION('',(0.,0.,1.));
#5999=DIRECTION('',(0.000456085403656212,-0.999999895993047,0.));
#6000=DIRECTION('',(0.,0.,1.));
#6001=DIRECTION('center_axis',(-0.0480207644940899,0.998846337620258,0.));
#6002=DIRECTION('ref_axis',(-0.998846337620258,-0.0480207644940899,0.));
#6003=DIRECTION('',(0.998846337620258,0.0480207644940899,0.));
#6004=DIRECTION('',(-0.998846337620258,-0.0480207644940899,0.));
#6005=DIRECTION('',(0.,0.,1.));
#6006=DIRECTION('center_axis',(0.999999895993047,0.000456085403654331,0.));
#6007=DIRECTION('ref_axis',(-0.000456085403654331,0.999999895993047,0.));
#6008=DIRECTION('',(0.000456085403654331,-0.999999895993047,0.));
#6009=DIRECTION('',(-0.000456085403654331,0.999999895993047,0.));
#6010=DIRECTION('',(0.,0.,1.));
#6011=DIRECTION('',(0.,0.,1.));
#6012=DIRECTION('',(0.,0.,1.));
#6013=DIRECTION('',(0.,0.,1.));
#6014=DIRECTION('',(0.,0.,1.));
#6015=DIRECTION('',(0.,0.,1.));
#6016=DIRECTION('',(0.,0.,1.));
#6017=DIRECTION('',(0.,0.,1.));
#6018=DIRECTION('',(0.,0.,1.));
#6019=DIRECTION('',(0.,0.,1.));
#6020=DIRECTION('',(0.,0.,1.));
#6021=DIRECTION('',(0.,0.,1.));
#6022=DIRECTION('',(0.,0.,1.));
#6023=DIRECTION('',(0.,0.,1.));
#6024=DIRECTION('',(0.,0.,1.));
#6025=DIRECTION('center_axis',(0.999999895993047,0.000456085403653519,0.));
#6026=DIRECTION('ref_axis',(-0.000456085403653519,0.999999895993047,0.));
#6027=DIRECTION('',(0.000456085403653519,-0.999999895993047,0.));
#6028=DIRECTION('',(-0.000456085403653519,0.999999895993047,0.));
#6029=DIRECTION('',(0.,0.,1.));
#6030=DIRECTION('',(0.,0.,1.));
#6031=DIRECTION('center_axis',(-0.000456085403650225,0.999999895993047,
0.));
#6032=DIRECTION('ref_axis',(-0.999999895993047,-0.000456085403650225,0.));
#6033=DIRECTION('',(0.999999895993047,0.000456085403650225,0.));
#6034=DIRECTION('',(-0.999999895993047,-0.000456085403650225,0.));
#6035=DIRECTION('',(0.,0.,1.));
#6036=DIRECTION('center_axis',(0.999999895993047,0.000456085403651923,0.));
#6037=DIRECTION('ref_axis',(-0.000456085403651923,0.999999895993047,0.));
#6038=DIRECTION('',(0.000456085403651923,-0.999999895993047,0.));
#6039=DIRECTION('',(-0.000456085403651923,0.999999895993047,0.));
#6040=DIRECTION('',(0.,0.,1.));
#6041=DIRECTION('center_axis',(0.000456085403651784,-0.999999895993047,
0.));
#6042=DIRECTION('ref_axis',(0.999999895993047,0.000456085403651784,0.));
#6043=DIRECTION('',(-0.999999895993047,-0.000456085403651784,0.));
#6044=DIRECTION('',(0.999999895993047,0.000456085403651784,0.));
#6045=DIRECTION('',(0.,0.,1.));
#6046=DIRECTION('center_axis',(-0.999999895993047,-0.000456085403651923,
0.));
#6047=DIRECTION('ref_axis',(0.000456085403651923,-0.999999895993047,0.));
#6048=DIRECTION('',(-0.000456085403651923,0.999999895993047,0.));
#6049=DIRECTION('',(0.000456085403651923,-0.999999895993047,0.));
#6050=DIRECTION('',(0.,0.,1.));
#6051=DIRECTION('center_axis',(-0.000456085403653079,0.999999895993047,
0.));
#6052=DIRECTION('ref_axis',(-0.999999895993047,-0.000456085403653079,0.));
#6053=DIRECTION('',(0.999999895993047,0.000456085403653079,0.));
#6054=DIRECTION('',(-0.999999895993047,-0.000456085403653079,0.));
#6055=DIRECTION('',(0.,0.,1.));
#6056=DIRECTION('',(0.,0.,1.));
#6057=DIRECTION('center_axis',(-0.999999895993047,-0.000456085403653763,
0.));
#6058=DIRECTION('ref_axis',(0.000456085403653763,-0.999999895993047,0.));
#6059=DIRECTION('',(-0.000456085403653763,0.999999895993047,0.));
#6060=DIRECTION('',(0.000456085403653763,-0.999999895993047,0.));
#6061=DIRECTION('',(0.,0.,1.));
#6062=DIRECTION('',(0.,0.,1.));
#6063=DIRECTION('center_axis',(0.000456085403653417,-0.999999895993047,
0.));
#6064=DIRECTION('ref_axis',(0.999999895993047,0.000456085403653417,0.));
#6065=DIRECTION('',(-0.999999895993047,-0.000456085403653417,0.));
#6066=DIRECTION('',(0.999999895993047,0.000456085403653417,0.));
#6067=DIRECTION('center_axis',(0.,0.,1.));
#6068=DIRECTION('ref_axis',(-1.,0.,0.));
#6069=DIRECTION('center_axis',(0.,0.,1.));
#6070=DIRECTION('ref_axis',(-1.,0.,0.));
#6071=DIRECTION('',(0.,0.,1.));
#6072=DIRECTION('',(0.,0.,1.));
#6073=DIRECTION('',(0.,0.,1.));
#6074=DIRECTION('',(0.,0.,1.));
#6075=DIRECTION('',(0.,0.,1.));
#6076=DIRECTION('',(0.,0.,1.));
#6077=DIRECTION('',(0.,0.,1.));
#6078=DIRECTION('',(0.,0.,1.));
#6079=DIRECTION('',(0.,0.,1.));
#6080=DIRECTION('',(0.,0.,1.));
#6081=DIRECTION('',(0.,0.,1.));
#6082=DIRECTION('',(0.,0.,1.));
#6083=DIRECTION('',(0.,0.,1.));
#6084=DIRECTION('',(0.,0.,1.));
#6085=DIRECTION('',(0.,0.,1.));
#6086=DIRECTION('',(0.,0.,1.));
#6087=DIRECTION('center_axis',(0.,0.,1.));
#6088=DIRECTION('ref_axis',(-1.,0.,0.));
#6089=DIRECTION('center_axis',(0.,0.,1.));
#6090=DIRECTION('ref_axis',(-1.,0.,0.));
#6091=DIRECTION('center_axis',(-0.999999895993047,-0.000456085403657921,
0.));
#6092=DIRECTION('ref_axis',(0.000456085403657921,-0.999999895993047,0.));
#6093=DIRECTION('',(-0.000456085403657921,0.999999895993047,0.));
#6094=DIRECTION('',(0.,0.,1.));
#6095=DIRECTION('',(0.000456085403657921,-0.999999895993047,0.));
#6096=DIRECTION('',(0.,0.,1.));
#6097=DIRECTION('',(0.,0.,1.));
#6098=DIRECTION('',(0.,0.,1.));
#6099=DIRECTION('',(0.,0.,1.));
#6100=DIRECTION('',(0.,0.,1.));
#6101=DIRECTION('',(0.,0.,1.));
#6102=DIRECTION('',(0.,0.,1.));
#6103=DIRECTION('',(0.,0.,1.));
#6104=DIRECTION('',(0.,0.,1.));
#6105=DIRECTION('',(0.,0.,1.));
#6106=DIRECTION('',(0.,0.,1.));
#6107=DIRECTION('',(0.,0.,1.));
#6108=DIRECTION('',(0.,0.,1.));
#6109=DIRECTION('',(0.,0.,1.));
#6110=DIRECTION('',(0.,0.,1.));
#6111=DIRECTION('',(0.,0.,1.));
#6112=DIRECTION('center_axis',(0.999999895993047,0.000456085403653817,0.));
#6113=DIRECTION('ref_axis',(-0.000456085403653817,0.999999895993047,0.));
#6114=DIRECTION('',(0.000456085403653817,-0.999999895993047,0.));
#6115=DIRECTION('',(-0.000456085403653817,0.999999895993047,0.));
#6116=DIRECTION('',(0.,0.,1.));
#6117=DIRECTION('',(0.,0.,1.));
#6118=DIRECTION('',(0.,0.,1.));
#6119=DIRECTION('',(0.,0.,1.));
#6120=DIRECTION('center_axis',(0.81754395520112,0.575866200878389,0.));
#6121=DIRECTION('ref_axis',(-0.575866200878389,0.81754395520112,0.));
#6122=DIRECTION('',(0.575866200878389,-0.81754395520112,0.));
#6123=DIRECTION('',(-0.575866200878389,0.81754395520112,0.));
#6124=DIRECTION('',(0.,0.,1.));
#6125=DIRECTION('',(0.,0.,1.));
#6126=DIRECTION('',(0.,0.,1.));
#6127=DIRECTION('',(0.,0.,1.));
#6128=DIRECTION('',(0.,0.,1.));
#6129=DIRECTION('',(0.,0.,1.));
#6130=DIRECTION('',(0.,0.,1.));
#6131=DIRECTION('',(0.,0.,1.));
#6132=DIRECTION('',(0.,0.,1.));
#6133=DIRECTION('center_axis',(-0.999999895993047,-0.000456085403650173,
0.));
#6134=DIRECTION('ref_axis',(0.000456085403650173,-0.999999895993047,0.));
#6135=DIRECTION('',(-0.000456085403650173,0.999999895993047,0.));
#6136=DIRECTION('',(0.000456085403650173,-0.999999895993047,0.));
#6137=DIRECTION('',(0.,0.,1.));
#6138=DIRECTION('',(0.,0.,1.));
#6139=DIRECTION('',(0.,0.,1.));
#6140=DIRECTION('',(0.,0.,1.));
#6141=DIRECTION('center_axis',(0.,0.,1.));
#6142=DIRECTION('ref_axis',(-1.,0.,0.));
#6143=DIRECTION('center_axis',(0.,0.,1.));
#6144=DIRECTION('ref_axis',(-1.,0.,0.));
#6145=DIRECTION('',(0.,0.,1.));
#6146=DIRECTION('',(0.,0.,1.));
#6147=DIRECTION('',(0.,0.,1.));
#6148=DIRECTION('',(0.,0.,1.));
#6149=DIRECTION('',(0.,0.,1.));
#6150=DIRECTION('',(0.,0.,1.));
#6151=DIRECTION('',(0.,0.,1.));
#6152=DIRECTION('center_axis',(-0.0533614142555643,0.998575264799127,0.));
#6153=DIRECTION('ref_axis',(-0.998575264799127,-0.0533614142555643,0.));
#6154=DIRECTION('',(0.998575264799127,0.0533614142555643,0.));
#6155=DIRECTION('',(0.,0.,1.));
#6156=DIRECTION('',(-0.998575264799127,-0.0533614142555643,0.));
#6157=DIRECTION('',(0.,0.,1.));
#6158=DIRECTION('',(0.,0.,1.));
#6159=DIRECTION('',(0.,0.,1.));
#6160=DIRECTION('',(0.,0.,1.));
#6161=DIRECTION('',(0.,0.,1.));
#6162=DIRECTION('',(0.,0.,1.));
#6163=DIRECTION('',(0.,0.,1.));
#6164=DIRECTION('',(0.,0.,1.));
#6165=DIRECTION('',(0.,0.,1.));
#6166=DIRECTION('',(0.,0.,1.));
#6167=DIRECTION('center_axis',(0.999999895993047,0.000456085403653497,0.));
#6168=DIRECTION('ref_axis',(-0.000456085403653497,0.999999895993047,0.));
#6169=DIRECTION('',(0.000456085403653497,-0.999999895993047,0.));
#6170=DIRECTION('',(-0.000456085403653497,0.999999895993047,0.));
#6171=DIRECTION('',(0.,0.,1.));
#6172=DIRECTION('',(0.,0.,1.));
#6173=DIRECTION('center_axis',(-0.000456085403650044,0.999999895993047,
0.));
#6174=DIRECTION('ref_axis',(-0.999999895993047,-0.000456085403650044,0.));
#6175=DIRECTION('',(0.999999895993047,0.000456085403650044,0.));
#6176=DIRECTION('',(-0.999999895993047,-0.000456085403650044,0.));
#6177=DIRECTION('',(0.,0.,1.));
#6178=DIRECTION('center_axis',(0.999999895993047,0.000456085403651923,0.));
#6179=DIRECTION('ref_axis',(-0.000456085403651923,0.999999895993047,0.));
#6180=DIRECTION('',(0.000456085403651923,-0.999999895993047,0.));
#6181=DIRECTION('',(-0.000456085403651923,0.999999895993047,0.));
#6182=DIRECTION('',(0.,0.,1.));
#6183=DIRECTION('center_axis',(0.000456085403651498,-0.999999895993047,
0.));
#6184=DIRECTION('ref_axis',(0.999999895993047,0.000456085403651498,0.));
#6185=DIRECTION('',(-0.999999895993047,-0.000456085403651498,0.));
#6186=DIRECTION('',(0.999999895993047,0.000456085403651498,0.));
#6187=DIRECTION('',(0.,0.,1.));
#6188=DIRECTION('center_axis',(-0.999999895993047,-0.000456085403651923,
0.));
#6189=DIRECTION('ref_axis',(0.000456085403651923,-0.999999895993047,0.));
#6190=DIRECTION('',(-0.000456085403651923,0.999999895993047,0.));
#6191=DIRECTION('',(0.000456085403651923,-0.999999895993047,0.));
#6192=DIRECTION('',(0.,0.,1.));
#6193=DIRECTION('center_axis',(-0.000456085403650173,0.999999895993047,
0.));
#6194=DIRECTION('ref_axis',(-0.999999895993047,-0.000456085403650173,0.));
#6195=DIRECTION('',(0.999999895993047,0.000456085403650173,0.));
#6196=DIRECTION('',(-0.999999895993047,-0.000456085403650173,0.));
#6197=DIRECTION('',(0.,0.,1.));
#6198=DIRECTION('',(0.,0.,1.));
#6199=DIRECTION('center_axis',(-0.999999895993047,-0.000456085403653625,
0.));
#6200=DIRECTION('ref_axis',(0.000456085403653625,-0.999999895993047,0.));
#6201=DIRECTION('',(-0.000456085403653625,0.999999895993047,0.));
#6202=DIRECTION('',(0.000456085403653625,-0.999999895993047,0.));
#6203=DIRECTION('',(0.,0.,1.));
#6204=DIRECTION('',(0.,0.,1.));
#6205=DIRECTION('',(0.,0.,1.));
#6206=DIRECTION('center_axis',(-0.999999895993047,-0.000456085403651141,
0.));
#6207=DIRECTION('ref_axis',(0.000456085403651141,-0.999999895993047,0.));
#6208=DIRECTION('',(-0.000456085403651141,0.999999895993047,0.));
#6209=DIRECTION('',(0.000456085403651141,-0.999999895993047,0.));
#6210=DIRECTION('center_axis',(0.,0.,1.));
#6211=DIRECTION('ref_axis',(-1.,0.,0.));
#6212=DIRECTION('center_axis',(0.,0.,1.));
#6213=DIRECTION('ref_axis',(-1.,0.,0.));
#6214=DIRECTION('',(0.,0.,1.));
#6215=DIRECTION('',(0.,0.,1.));
#6216=DIRECTION('',(0.,0.,1.));
#6217=DIRECTION('',(0.,0.,1.));
#6218=DIRECTION('',(0.,0.,1.));
#6219=DIRECTION('',(0.,0.,1.));
#6220=DIRECTION('center_axis',(-0.992059216597916,-0.125771661208434,0.));
#6221=DIRECTION('ref_axis',(0.125771661208434,-0.992059216597916,0.));
#6222=DIRECTION('',(-0.125771661208434,0.992059216597916,0.));
#6223=DIRECTION('',(0.,0.,1.));
#6224=DIRECTION('',(0.125771661208434,-0.992059216597916,0.));
#6225=DIRECTION('',(0.,0.,1.));
#6226=DIRECTION('',(0.,0.,1.));
#6227=DIRECTION('',(0.,0.,1.));
#6228=DIRECTION('',(0.,0.,1.));
#6229=DIRECTION('',(0.,0.,1.));
#6230=DIRECTION('',(0.,0.,1.));
#6231=DIRECTION('',(0.,0.,1.));
#6232=DIRECTION('center_axis',(-0.999999895993047,-0.000456085403653151,
0.));
#6233=DIRECTION('ref_axis',(0.000456085403653151,-0.999999895993047,0.));
#6234=DIRECTION('',(-0.000456085403653151,0.999999895993047,0.));
#6235=DIRECTION('',(0.000456085403653151,-0.999999895993047,0.));
#6236=DIRECTION('',(0.,0.,1.));
#6237=DIRECTION('',(0.,0.,1.));
#6238=DIRECTION('center_axis',(0.000456085403648095,-0.999999895993047,
0.));
#6239=DIRECTION('ref_axis',(0.999999895993047,0.000456085403648095,0.));
#6240=DIRECTION('',(-0.999999895993047,-0.000456085403648094,0.));
#6241=DIRECTION('',(0.999999895993047,0.000456085403648094,0.));
#6242=DIRECTION('',(0.,0.,1.));
#6243=DIRECTION('center_axis',(-0.999999895993047,-0.000456085403655156,
0.));
#6244=DIRECTION('ref_axis',(0.000456085403655156,-0.999999895993047,0.));
#6245=DIRECTION('',(-0.000456085403655156,0.999999895993047,0.));
#6246=DIRECTION('',(0.000456085403655156,-0.999999895993047,0.));
#6247=DIRECTION('',(0.,0.,1.));
#6248=DIRECTION('center_axis',(-0.0550187850355893,0.998485319518123,0.));
#6249=DIRECTION('ref_axis',(-0.998485319518123,-0.0550187850355893,0.));
#6250=DIRECTION('',(0.998485319518123,0.0550187850355893,0.));
#6251=DIRECTION('',(-0.998485319518123,-0.0550187850355893,0.));
#6252=DIRECTION('',(0.,0.,1.));
#6253=DIRECTION('center_axis',(0.999999895993047,0.000456085403653122,0.));
#6254=DIRECTION('ref_axis',(-0.000456085403653122,0.999999895993047,0.));
#6255=DIRECTION('',(0.000456085403653122,-0.999999895993047,0.));
#6256=DIRECTION('',(-0.000456085403653122,0.999999895993047,0.));
#6257=DIRECTION('',(0.,0.,1.));
#6258=DIRECTION('',(0.,0.,1.));
#6259=DIRECTION('center_axis',(-0.000456085403652309,0.999999895993047,
0.));
#6260=DIRECTION('ref_axis',(-0.999999895993047,-0.000456085403652309,0.));
#6261=DIRECTION('',(0.999999895993047,0.000456085403652309,0.));
#6262=DIRECTION('',(-0.999999895993047,-0.000456085403652309,0.));
#6263=DIRECTION('',(0.,0.,1.));
#6264=DIRECTION('center_axis',(0.999999895993047,0.000456085403660746,0.));
#6265=DIRECTION('ref_axis',(-0.000456085403660746,0.999999895993047,0.));
#6266=DIRECTION('',(0.000456085403660746,-0.999999895993047,0.));
#6267=DIRECTION('',(-0.000456085403660746,0.999999895993047,0.));
#6268=DIRECTION('',(0.,0.,1.));
#6269=DIRECTION('center_axis',(0.000456085403652284,-0.999999895993047,
0.));
#6270=DIRECTION('ref_axis',(0.999999895993047,0.000456085403652284,0.));
#6271=DIRECTION('',(-0.999999895993047,-0.000456085403652284,0.));
#6272=DIRECTION('',(0.999999895993047,0.000456085403652284,0.));
#6273=DIRECTION('center_axis',(0.,0.,1.));
#6274=DIRECTION('ref_axis',(-1.,0.,0.));
#6275=DIRECTION('center_axis',(0.,0.,1.));
#6276=DIRECTION('ref_axis',(-1.,0.,0.));
#6277=DIRECTION('center_axis',(0.270308536608372,0.962773750699842,0.));
#6278=DIRECTION('ref_axis',(-0.962773750699842,0.270308536608372,0.));
#6279=DIRECTION('',(0.962773750699842,-0.270308536608372,0.));
#6280=DIRECTION('',(0.,0.,1.));
#6281=DIRECTION('',(-0.962773750699842,0.270308536608372,0.));
#6282=DIRECTION('',(0.,0.,1.));
#6283=DIRECTION('',(0.,0.,1.));
#6284=DIRECTION('',(0.,0.,1.));
#6285=DIRECTION('',(0.,0.,1.));
#6286=DIRECTION('',(0.,0.,1.));
#6287=DIRECTION('',(0.,0.,1.));
#6288=DIRECTION('',(0.,0.,1.));
#6289=DIRECTION('',(0.,0.,1.));
#6290=DIRECTION('',(0.,0.,1.));
#6291=DIRECTION('',(0.,0.,1.));
#6292=DIRECTION('',(0.,0.,1.));
#6293=DIRECTION('',(0.,0.,1.));
#6294=DIRECTION('',(0.,0.,1.));
#6295=DIRECTION('',(0.,0.,1.));
#6296=DIRECTION('',(0.,0.,1.));
#6297=DIRECTION('center_axis',(-0.970246607348803,0.242118815725126,0.));
#6298=DIRECTION('ref_axis',(-0.242118815725126,-0.970246607348803,0.));
#6299=DIRECTION('',(0.242118815725126,0.970246607348803,0.));
#6300=DIRECTION('',(-0.242118815725126,-0.970246607348803,0.));
#6301=DIRECTION('',(0.,0.,1.));
#6302=DIRECTION('',(0.,0.,1.));
#6303=DIRECTION('',(0.,0.,1.));
#6304=DIRECTION('',(0.,0.,1.));
#6305=DIRECTION('',(0.,0.,1.));
#6306=DIRECTION('',(0.,0.,1.));
#6307=DIRECTION('',(0.,0.,1.));
#6308=DIRECTION('center_axis',(0.,0.,1.));
#6309=DIRECTION('ref_axis',(-1.,0.,0.));
#6310=DIRECTION('center_axis',(0.,0.,1.));
#6311=DIRECTION('ref_axis',(-1.,0.,0.));
#6312=DIRECTION('center_axis',(0.999999895993047,0.000456085403653327,0.));
#6313=DIRECTION('ref_axis',(-0.000456085403653327,0.999999895993047,0.));
#6314=DIRECTION('',(0.000456085403653327,-0.999999895993047,0.));
#6315=DIRECTION('',(0.,0.,1.));
#6316=DIRECTION('',(-0.000456085403653327,0.999999895993047,0.));
#6317=DIRECTION('',(0.,0.,1.));
#6318=DIRECTION('',(0.,0.,1.));
#6319=DIRECTION('center_axis',(-0.000456085403648093,0.999999895993047,
0.));
#6320=DIRECTION('ref_axis',(-0.999999895993047,-0.000456085403648093,0.));
#6321=DIRECTION('',(0.999999895993047,0.000456085403648093,0.));
#6322=DIRECTION('',(-0.999999895993047,-0.000456085403648093,0.));
#6323=DIRECTION('',(0.,0.,1.));
#6324=DIRECTION('center_axis',(0.999999895993047,0.000456085403654129,0.));
#6325=DIRECTION('ref_axis',(-0.000456085403654129,0.999999895993047,0.));
#6326=DIRECTION('',(0.000456085403654129,-0.999999895993047,0.));
#6327=DIRECTION('',(-0.000456085403654129,0.999999895993047,0.));
#6328=DIRECTION('',(0.,0.,1.));
#6329=DIRECTION('center_axis',(0.000456085403651473,-0.999999895993047,
0.));
#6330=DIRECTION('ref_axis',(0.999999895993047,0.000456085403651473,0.));
#6331=DIRECTION('',(-0.999999895993047,-0.000456085403651473,0.));
#6332=DIRECTION('',(0.999999895993047,0.000456085403651473,0.));
#6333=DIRECTION('',(0.,0.,1.));
#6334=DIRECTION('center_axis',(-0.999999895993047,-0.000456085403653026,
0.));
#6335=DIRECTION('ref_axis',(0.000456085403653026,-0.999999895993047,0.));
#6336=DIRECTION('',(-0.000456085403653026,0.999999895993047,0.));
#6337=DIRECTION('',(0.000456085403653026,-0.999999895993047,0.));
#6338=DIRECTION('',(0.,0.,1.));
#6339=DIRECTION('center_axis',(-0.000456085403656937,0.999999895993047,
0.));
#6340=DIRECTION('ref_axis',(-0.999999895993047,-0.000456085403656937,0.));
#6341=DIRECTION('',(0.999999895993047,0.000456085403656937,0.));
#6342=DIRECTION('',(-0.999999895993047,-0.000456085403656937,0.));
#6343=DIRECTION('',(0.,0.,1.));
#6344=DIRECTION('',(0.,0.,1.));
#6345=DIRECTION('center_axis',(-0.999999895993047,-0.000456085403653505,
0.));
#6346=DIRECTION('ref_axis',(0.000456085403653505,-0.999999895993047,0.));
#6347=DIRECTION('',(-0.000456085403653505,0.999999895993047,0.));
#6348=DIRECTION('',(0.000456085403653505,-0.999999895993047,0.));
#6349=DIRECTION('',(0.,0.,1.));
#6350=DIRECTION('',(0.,0.,1.));
#6351=DIRECTION('',(0.,0.,1.));
#6352=DIRECTION('',(0.,0.,1.));
#6353=DIRECTION('center_axis',(0.999999895993047,0.000456085403653583,0.));
#6354=DIRECTION('ref_axis',(-0.000456085403653583,0.999999895993047,0.));
#6355=DIRECTION('',(0.000456085403653583,-0.999999895993047,0.));
#6356=DIRECTION('',(-0.000456085403653583,0.999999895993047,0.));
#6357=DIRECTION('',(0.,0.,1.));
#6358=DIRECTION('',(0.,0.,1.));
#6359=DIRECTION('',(0.,0.,1.));
#6360=DIRECTION('center_axis',(-0.000456085403649816,0.999999895993047,
0.));
#6361=DIRECTION('ref_axis',(-0.999999895993047,-0.000456085403649816,0.));
#6362=DIRECTION('',(0.999999895993047,0.000456085403649816,0.));
#6363=DIRECTION('',(-0.999999895993047,-0.000456085403649816,0.));
#6364=DIRECTION('',(0.,0.,1.));
#6365=DIRECTION('center_axis',(0.999999895993047,0.000456085403653577,0.));
#6366=DIRECTION('ref_axis',(-0.000456085403653577,0.999999895993047,0.));
#6367=DIRECTION('',(0.000456085403653577,-0.999999895993047,0.));
#6368=DIRECTION('',(-0.000456085403653577,0.999999895993047,0.));
#6369=DIRECTION('',(0.,0.,1.));
#6370=DIRECTION('center_axis',(0.000456085403652119,-0.999999895993047,
0.));
#6371=DIRECTION('ref_axis',(0.999999895993047,0.000456085403652119,0.));
#6372=DIRECTION('',(-0.999999895993047,-0.000456085403652119,0.));
#6373=DIRECTION('',(0.999999895993047,0.000456085403652119,0.));
#6374=DIRECTION('',(0.,0.,1.));
#6375=DIRECTION('center_axis',(-0.999999895993047,-0.000456085403653577,
0.));
#6376=DIRECTION('ref_axis',(0.000456085403653577,-0.999999895993047,0.));
#6377=DIRECTION('',(-0.000456085403653577,0.999999895993047,0.));
#6378=DIRECTION('',(0.000456085403653577,-0.999999895993047,0.));
#6379=DIRECTION('',(0.,0.,1.));
#6380=DIRECTION('center_axis',(-0.00045608540365018,0.999999895993047,0.));
#6381=DIRECTION('ref_axis',(-0.999999895993047,-0.00045608540365018,0.));
#6382=DIRECTION('',(0.999999895993047,0.00045608540365018,0.));
#6383=DIRECTION('',(-0.999999895993047,-0.00045608540365018,0.));
#6384=DIRECTION('',(0.,0.,1.));
#6385=DIRECTION('',(0.,0.,1.));
#6386=DIRECTION('center_axis',(-0.999999895993047,-0.00045608540365353,
0.));
#6387=DIRECTION('ref_axis',(0.00045608540365353,-0.999999895993047,0.));
#6388=DIRECTION('',(-0.00045608540365353,0.999999895993047,0.));
#6389=DIRECTION('',(0.00045608540365353,-0.999999895993047,0.));
#6390=DIRECTION('',(0.,0.,1.));
#6391=DIRECTION('',(0.,0.,1.));
#6392=DIRECTION('',(0.,0.,1.));
#6393=DIRECTION('center_axis',(-0.999999895993047,-0.000456085403653583,
0.));
#6394=DIRECTION('ref_axis',(0.000456085403653583,-0.999999895993047,0.));
#6395=DIRECTION('',(-0.000456085403653583,0.999999895993047,0.));
#6396=DIRECTION('',(0.000456085403653583,-0.999999895993047,0.));
#6397=DIRECTION('',(0.,0.,1.));
#6398=DIRECTION('center_axis',(-0.0600507071944099,0.998195327861963,0.));
#6399=DIRECTION('ref_axis',(-0.998195327861963,-0.0600507071944099,0.));
#6400=DIRECTION('',(0.998195327861963,0.0600507071944099,0.));
#6401=DIRECTION('',(-0.998195327861963,-0.0600507071944099,0.));
#6402=DIRECTION('',(0.,0.,1.));
#6403=DIRECTION('',(0.,0.,1.));
#6404=DIRECTION('',(0.,0.,1.));
#6405=DIRECTION('',(0.,0.,1.));
#6406=DIRECTION('',(0.,0.,1.));
#6407=DIRECTION('',(0.,0.,1.));
#6408=DIRECTION('',(0.,0.,1.));
#6409=DIRECTION('',(0.,0.,1.));
#6410=DIRECTION('',(0.,0.,1.));
#6411=DIRECTION('center_axis',(0.999999895993047,0.000456085403653483,0.));
#6412=DIRECTION('ref_axis',(-0.000456085403653483,0.999999895993047,0.));
#6413=DIRECTION('',(0.000456085403653483,-0.999999895993047,0.));
#6414=DIRECTION('',(-0.000456085403653483,0.999999895993047,0.));
#6415=DIRECTION('',(0.,0.,1.));
#6416=DIRECTION('',(0.,0.,1.));
#6417=DIRECTION('center_axis',(-0.000456085403645792,0.999999895993047,
0.));
#6418=DIRECTION('ref_axis',(-0.999999895993047,-0.000456085403645792,0.));
#6419=DIRECTION('',(0.999999895993047,0.000456085403645792,0.));
#6420=DIRECTION('',(-0.999999895993047,-0.000456085403645792,0.));
#6421=DIRECTION('',(0.,0.,1.));
#6422=DIRECTION('center_axis',(0.999999895993047,0.000456085403651923,0.));
#6423=DIRECTION('ref_axis',(-0.000456085403651923,0.999999895993047,0.));
#6424=DIRECTION('',(0.000456085403651923,-0.999999895993047,0.));
#6425=DIRECTION('',(-0.000456085403651923,0.999999895993047,0.));
#6426=DIRECTION('',(0.,0.,1.));
#6427=DIRECTION('center_axis',(0.000456085403652297,-0.999999895993047,
0.));
#6428=DIRECTION('ref_axis',(0.999999895993047,0.000456085403652297,0.));
#6429=DIRECTION('',(-0.999999895993047,-0.000456085403652297,0.));
#6430=DIRECTION('',(0.999999895993047,0.000456085403652297,0.));
#6431=DIRECTION('',(0.,0.,1.));
#6432=DIRECTION('center_axis',(-0.999999895993047,-0.000456085403654129,
0.));
#6433=DIRECTION('ref_axis',(0.000456085403654129,-0.999999895993047,0.));
#6434=DIRECTION('',(-0.000456085403654129,0.999999895993047,0.));
#6435=DIRECTION('',(0.000456085403654129,-0.999999895993047,0.));
#6436=DIRECTION('',(0.,0.,1.));
#6437=DIRECTION('center_axis',(-0.000456085403647089,0.999999895993047,
0.));
#6438=DIRECTION('ref_axis',(-0.999999895993047,-0.000456085403647089,0.));
#6439=DIRECTION('',(0.999999895993047,0.000456085403647089,0.));
#6440=DIRECTION('',(-0.999999895993047,-0.000456085403647089,0.));
#6441=DIRECTION('',(0.,0.,1.));
#6442=DIRECTION('',(0.,0.,1.));
#6443=DIRECTION('center_axis',(-0.999999895993047,-0.000456085403653483,
0.));
#6444=DIRECTION('ref_axis',(0.000456085403653483,-0.999999895993047,0.));
#6445=DIRECTION('',(-0.000456085403653483,0.999999895993047,0.));
#6446=DIRECTION('',(0.000456085403653483,-0.999999895993047,0.));
#6447=DIRECTION('',(0.,0.,1.));
#6448=DIRECTION('',(0.,0.,1.));
#6449=DIRECTION('',(0.,0.,1.));
#6450=DIRECTION('',(0.,0.,1.));
#6451=DIRECTION('center_axis',(0.,0.,1.));
#6452=DIRECTION('ref_axis',(-1.,0.,0.));
#6453=DIRECTION('center_axis',(0.,0.,1.));
#6454=DIRECTION('ref_axis',(-1.,0.,0.));
#6455=CARTESIAN_POINT('',(0.,0.,0.));
#6456=CARTESIAN_POINT('Origin',(23.7832771094977,2.061,0.));
#6457=CARTESIAN_POINT('',(22.786,2.061,-0.5));
#6458=CARTESIAN_POINT('',(23.7832771094977,2.061,-0.5));
#6459=CARTESIAN_POINT('',(30.6596385547489,2.061,-0.5));
#6460=CARTESIAN_POINT('',(22.786,2.061,-2.));
#6461=CARTESIAN_POINT('',(22.786,2.061,0.));
#6462=CARTESIAN_POINT('',(23.7832771094977,2.061,-2.));
#6463=CARTESIAN_POINT('',(19.7832771094977,2.061,-2.));
#6464=CARTESIAN_POINT('',(23.7832771094977,2.061,0.));
#6465=CARTESIAN_POINT('Origin',(23.7832771094977,16.538,0.));
#6466=CARTESIAN_POINT('',(23.7832771094977,16.538,-0.5));
#6467=CARTESIAN_POINT('',(23.7832771094977,12.9186464134444,-0.5));
#6468=CARTESIAN_POINT('',(23.7832771094977,16.538,-2.));
#6469=CARTESIAN_POINT('',(23.7832771094977,2.061,-2.));
#6470=CARTESIAN_POINT('',(23.7832771094977,16.538,0.));
#6471=CARTESIAN_POINT('Origin',(23.2846385547489,9.2995,-2.));
#6472=CARTESIAN_POINT('',(22.786,16.538,-2.));
#6473=CARTESIAN_POINT('',(22.786,16.538,-2.));
#6474=CARTESIAN_POINT('',(23.7832771094977,16.538,-2.));
#6475=CARTESIAN_POINT('Origin',(22.786,2.06058565377741,0.));
#6476=CARTESIAN_POINT('',(22.786,2.06058565377741,-0.5));
#6477=CARTESIAN_POINT('',(22.786,2.038,-0.5));
#6478=CARTESIAN_POINT('',(22.786,2.06058565377741,0.));
#6479=CARTESIAN_POINT('',(22.786,2.06058565377741,0.));
#6480=CARTESIAN_POINT('',(22.786,16.538,0.));
#6481=CARTESIAN_POINT('',(22.786,-4.9607071731113,0.));
#6482=CARTESIAN_POINT('',(22.786,16.538,0.));
#6483=CARTESIAN_POINT('Origin',(22.786,16.538,0.));
#6484=CARTESIAN_POINT('',(52.286,16.538,0.));
#6485=CARTESIAN_POINT('',(25.9385,16.538,0.));
#6486=CARTESIAN_POINT('',(52.286,16.538,-0.5));
#6487=CARTESIAN_POINT('',(52.286,16.538,0.));
#6488=CARTESIAN_POINT('',(22.786,16.538,-0.5));
#6489=CARTESIAN_POINT('Origin',(24.786,14.538,0.));
#6490=CARTESIAN_POINT('',(24.786,14.538,0.));
#6491=CARTESIAN_POINT('',(24.786,4.038,0.));
#6492=CARTESIAN_POINT('',(24.786,-3.97200000000001,0.));
#6493=CARTESIAN_POINT('',(24.786,4.038,-0.5));
#6494=CARTESIAN_POINT('',(24.786,4.038,0.));
#6495=CARTESIAN_POINT('',(24.786,14.538,-0.5));
#6496=CARTESIAN_POINT('',(24.786,16.538,-0.5));
#6497=CARTESIAN_POINT('',(24.786,14.538,0.));
#6498=CARTESIAN_POINT('Origin',(50.286,14.538,0.));
#6499=CARTESIAN_POINT('',(50.286,14.538,0.));
#6500=CARTESIAN_POINT('',(26.9385,14.538,0.));
#6501=CARTESIAN_POINT('',(50.286,14.538,-0.5));
#6502=CARTESIAN_POINT('',(50.286,14.538,-0.5));
#6503=CARTESIAN_POINT('',(50.286,14.538,0.));
#6504=CARTESIAN_POINT('Origin',(50.286,4.038,0.));
#6505=CARTESIAN_POINT('',(50.286,4.038,0.));
#6506=CARTESIAN_POINT('',(50.286,1.27799999999999,0.));
#6507=CARTESIAN_POINT('',(50.286,4.038,-0.5));
#6508=CARTESIAN_POINT('',(50.286,16.538,-0.5));
#6509=CARTESIAN_POINT('',(50.286,4.038,0.));
#6510=CARTESIAN_POINT('Origin',(24.786,4.038,0.));
#6511=CARTESIAN_POINT('',(39.6885,4.038,0.));
#6512=CARTESIAN_POINT('',(52.286,4.038,-0.5));
#6513=CARTESIAN_POINT('Origin',(52.286,16.538,0.));
#6514=CARTESIAN_POINT('',(52.286,2.06058565377741,0.));
#6515=CARTESIAN_POINT('',(52.286,2.278,0.));
#6516=CARTESIAN_POINT('',(52.286,2.06058565377741,-0.5));
#6517=CARTESIAN_POINT('',(52.286,2.06058565377741,0.));
#6518=CARTESIAN_POINT('',(52.286,4.038,-0.5));
#6519=CARTESIAN_POINT('Origin',(37.536,9.2992928268887,-0.5));
#6520=CARTESIAN_POINT('',(17.768,2.06058565377741,-0.5));
#6521=CARTESIAN_POINT('Origin',(29.091,-11.982,0.));
#6522=CARTESIAN_POINT('',(-20.414,55.838,0.));
#6523=CARTESIAN_POINT('',(-26.414,49.838,0.));
#6524=CARTESIAN_POINT('Origin',(-20.414,49.838,0.));
#6525=CARTESIAN_POINT('',(78.596,55.838,0.));
#6526=CARTESIAN_POINT('',(-26.414,55.838,0.));
#6527=CARTESIAN_POINT('',(84.596,49.838,0.));
#6528=CARTESIAN_POINT('Origin',(78.596,49.838,0.));
#6529=CARTESIAN_POINT('',(84.596,-73.802,0.));
#6530=CARTESIAN_POINT('',(84.596,55.838,0.));
#6531=CARTESIAN_POINT('',(78.596,-79.802,0.));
#6532=CARTESIAN_POINT('Origin',(78.596,-73.802,0.));
#6533=CARTESIAN_POINT('',(-20.414,-79.802,0.));
#6534=CARTESIAN_POINT('',(84.596,-79.802,0.));
#6535=CARTESIAN_POINT('',(-26.414,-73.802,0.));
#6536=CARTESIAN_POINT('Origin',(-20.414,-73.802,0.));
#6537=CARTESIAN_POINT('',(-26.414,-79.802,0.));
#6538=CARTESIAN_POINT('',(13.0169203041725,9.86648399874363,0.));
#6539=CARTESIAN_POINT('Origin',(9.51692030417247,9.86648399874363,0.));
#6540=CARTESIAN_POINT('',(-19.414,-70.802,0.));
#6541=CARTESIAN_POINT('Origin',(-17.414,-70.802,0.));
#6542=CARTESIAN_POINT('',(-19.414,46.838,0.));
#6543=CARTESIAN_POINT('Origin',(-17.414,46.838,0.));
#6544=CARTESIAN_POINT('',(73.596,-70.802,0.));
#6545=CARTESIAN_POINT('Origin',(75.596,-70.802,0.));
#6546=CARTESIAN_POINT('',(73.596,46.838,0.));
#6547=CARTESIAN_POINT('Origin',(75.596,46.838,0.));
#6548=CARTESIAN_POINT('',(-2.,2.06058565377741,0.));
#6549=CARTESIAN_POINT('',(13.5455,2.06058565377741,0.));
#6550=CARTESIAN_POINT('',(-2.,-59.3982140967486,0.));
#6551=CARTESIAN_POINT('',(-2.,-35.6901070483743,0.));
#6552=CARTESIAN_POINT('',(0.,-59.3982140967486,0.));
#6553=CARTESIAN_POINT('',(14.5455,-59.3982140967486,0.));
#6554=CARTESIAN_POINT('',(0.,0.0605856537774052,0.));
#6555=CARTESIAN_POINT('',(0.,-5.9607071731113,0.));
#6556=CARTESIAN_POINT('',(57.7571025477055,0.0605856537774052,0.));
#6557=CARTESIAN_POINT('',(43.4240512738528,0.0605856537774052,0.));
#6558=CARTESIAN_POINT('',(57.7571025477055,-0.270626091421793,0.));
#6559=CARTESIAN_POINT('',(57.7571025477055,-34.6901070483743,0.));
#6560=CARTESIAN_POINT('',(0.0791512620042532,-0.270626091421793,0.));
#6561=CARTESIAN_POINT('',(14.5850756310021,-0.270626091421793,0.));
#6562=CARTESIAN_POINT('',(0.0791512620042532,-57.3982140967486,0.));
#6563=CARTESIAN_POINT('',(0.0791512620042534,-34.6901070483743,0.));
#6564=CARTESIAN_POINT('',(0.0791512620042532,-59.3982140967486,0.));
#6565=CARTESIAN_POINT('',(0.0791512620042534,-35.6901070483743,0.));
#6566=CARTESIAN_POINT('',(59.7571025477055,-59.3982140967486,0.));
#6567=CARTESIAN_POINT('',(44.4240512738528,-59.3982140967486,0.));
#6568=CARTESIAN_POINT('',(59.7571025477055,2.06058565377741,0.));
#6569=CARTESIAN_POINT('',(59.7571025477056,-4.9607071731113,0.));
#6570=CARTESIAN_POINT('',(13.5455,2.06058565377741,0.));
#6571=CARTESIAN_POINT('Origin',(-2.,-59.3982140967486,0.));
#6572=CARTESIAN_POINT('',(-2.,2.06058565377741,-3.5));
#6573=CARTESIAN_POINT('',(-2.,2.06058565377741,0.));
#6574=CARTESIAN_POINT('',(-2.,-59.3982140967486,-3.5));
#6575=CARTESIAN_POINT('',(-2.,-59.3982140967486,-3.5));
#6576=CARTESIAN_POINT('',(-2.,-59.3982140967486,0.));
#6577=CARTESIAN_POINT('Origin',(0.,-59.3982140967486,0.));
#6578=CARTESIAN_POINT('',(0.,-59.3982140967486,-3.5));
#6579=CARTESIAN_POINT('',(0.,-59.3982140967486,-3.5));
#6580=CARTESIAN_POINT('',(0.,-59.3982140967486,0.));
#6581=CARTESIAN_POINT('Origin',(0.,0.0605856537774052,0.));
#6582=CARTESIAN_POINT('',(0.,0.0605856537774052,-3.5));
#6583=CARTESIAN_POINT('',(0.,0.0605856537774052,-3.5));
#6584=CARTESIAN_POINT('',(0.,0.0605856537774052,0.));
#6585=CARTESIAN_POINT('Origin',(57.7571025477055,0.0605856537774052,0.));
#6586=CARTESIAN_POINT('',(57.7571025477055,0.0605856537774052,-3.5));
#6587=CARTESIAN_POINT('',(-2.,0.0605856537774052,-3.5));
#6588=CARTESIAN_POINT('',(57.7571025477055,0.0605856537774052,0.));
#6589=CARTESIAN_POINT('Origin',(0.0791512620042532,-59.3982140967486,0.));
#6590=CARTESIAN_POINT('',(0.0791512620042534,-57.3982140967486,-3.5));
#6591=CARTESIAN_POINT('',(0.0791512620042532,-57.3982140967486,0.));
#6592=CARTESIAN_POINT('',(0.0791512620042534,-59.3982140967486,-3.5));
#6593=CARTESIAN_POINT('',(0.0791512620042532,0.,-3.5));
#6594=CARTESIAN_POINT('',(0.0791512620042532,-59.3982140967486,0.));
#6595=CARTESIAN_POINT('Origin',(59.7571025477055,-59.3982140967486,0.));
#6596=CARTESIAN_POINT('',(59.7571025477055,-59.3982140967486,-3.5));
#6597=CARTESIAN_POINT('',(59.7571025477055,-59.3982140967486,-3.5));
#6598=CARTESIAN_POINT('',(59.7571025477055,-59.3982140967486,0.));
#6599=CARTESIAN_POINT('Origin',(59.7571025477055,2.06058565377741,0.));
#6600=CARTESIAN_POINT('',(59.7571025477055,2.06058565377741,-3.5));
#6601=CARTESIAN_POINT('',(59.7571025477055,2.06058565377741,-3.5));
#6602=CARTESIAN_POINT('',(59.7571025477055,2.06058565377741,0.));
#6603=CARTESIAN_POINT('Origin',(-2.,2.06058565377741,0.));
#6604=CARTESIAN_POINT('',(57.7571025477055,2.06058565377741,-3.5));
#6605=CARTESIAN_POINT('Origin',(28.8785512738528,-28.6688142214856,-3.5));
#6606=CARTESIAN_POINT('',(57.7571025477055,-57.3982140967486,-3.5));
#6607=CARTESIAN_POINT('',(0.0791512620042532,-57.3982140967486,-3.5));
#6608=CARTESIAN_POINT('',(57.7571025477055,-59.3982140967486,-3.5));
#6609=CARTESIAN_POINT('Origin',(51.286,1.278,1.));
#6610=CARTESIAN_POINT('',(52.286,2.038,2.));
#6611=CARTESIAN_POINT('',(52.286,16.538,2.));
#6612=CARTESIAN_POINT('',(52.286,1.65648399874364,2.));
#6613=CARTESIAN_POINT('',(52.286,16.538,2.));
#6614=CARTESIAN_POINT('',(50.286,4.038,0.));
#6615=CARTESIAN_POINT('Origin',(23.786,-3.972,1.));
#6616=CARTESIAN_POINT('',(22.786,16.538,2.));
#6617=CARTESIAN_POINT('',(24.786,14.538,0.));
#6618=CARTESIAN_POINT('',(22.786,2.038,2.));
#6619=CARTESIAN_POINT('',(22.786,-3.59351600125636,2.));
#6620=CARTESIAN_POINT('',(24.786,4.038,0.));
#6621=CARTESIAN_POINT('Origin',(29.0982434903254,15.538,1.));
#6622=CARTESIAN_POINT('',(25.2296768138471,16.538,2.));
#6623=CARTESIAN_POINT('Origin',(41.8482434903254,3.038,1.));
#6624=CARTESIAN_POINT('',(37.9796768138471,2.038,2.));
#6625=CARTESIAN_POINT('Origin',(29.5419203041725,-11.6035160012564,2.));
#6626=CARTESIAN_POINT('',(-26.414,49.838,2.));
#6627=CARTESIAN_POINT('',(-20.414,55.838,2.));
#6628=CARTESIAN_POINT('Origin',(-20.414,49.838,2.));
#6629=CARTESIAN_POINT('',(-26.414,-73.802,2.));
#6630=CARTESIAN_POINT('',(-26.414,-79.4235160012564,2.));
#6631=CARTESIAN_POINT('',(-20.414,-79.802,2.));
#6632=CARTESIAN_POINT('Origin',(-20.414,-73.802,2.));
#6633=CARTESIAN_POINT('',(78.596,-79.802,2.));
#6634=CARTESIAN_POINT('',(85.0469203041725,-79.802,2.));
#6635=CARTESIAN_POINT('',(84.596,-73.802,2.));
#6636=CARTESIAN_POINT('Origin',(78.596,-73.802,2.));
#6637=CARTESIAN_POINT('',(84.596,49.838,2.));
#6638=CARTESIAN_POINT('',(84.596,56.2164839987436,2.));
#6639=CARTESIAN_POINT('',(78.596,55.838,2.));
#6640=CARTESIAN_POINT('Origin',(78.596,49.838,2.));
#6641=CARTESIAN_POINT('',(-25.9630796958275,55.838,2.));
#6642=CARTESIAN_POINT('',(57.7571025477055,-0.270626091421793,2.));
#6643=CARTESIAN_POINT('',(57.7571025477056,-57.3982140967486,2.));
#6644=CARTESIAN_POINT('',(57.7571025477055,-5.74782904696726,2.));
#6645=CARTESIAN_POINT('',(0.0791512620042489,-57.3982140967486,2.));
#6646=CARTESIAN_POINT('',(41.7152280876999,-57.3982140967486,2.));
#6647=CARTESIAN_POINT('',(0.0791512620042534,-0.270626091421793,2.));
#6648=CARTESIAN_POINT('',(0.0791512620042534,-34.3116230496307,2.));
#6649=CARTESIAN_POINT('',(12.8762524448492,-0.270626091421793,2.));
#6650=CARTESIAN_POINT('',(73.596,46.838,2.));
#6651=CARTESIAN_POINT('Origin',(75.596,46.838,2.));
#6652=CARTESIAN_POINT('',(73.596,-70.802,2.));
#6653=CARTESIAN_POINT('Origin',(75.596,-70.802,2.));
#6654=CARTESIAN_POINT('',(-19.414,46.838,2.));
#6655=CARTESIAN_POINT('Origin',(-17.414,46.838,2.));
#6656=CARTESIAN_POINT('',(-19.414,-70.802,2.));
#6657=CARTESIAN_POINT('Origin',(-17.414,-70.802,2.));
#6658=CARTESIAN_POINT('',(14.0169203041725,9.86648399874363,2.));
#6659=CARTESIAN_POINT('Origin',(9.51692030417247,9.86648399874363,2.));
#6660=CARTESIAN_POINT('Origin',(0.0791512620042532,-57.3982140967486,2.));
#6661=CARTESIAN_POINT('',(0.0791512620042532,-0.270626091421793,2.));
#6662=CARTESIAN_POINT('',(0.0791512620042532,-57.3982140967486,2.));
#6663=CARTESIAN_POINT('Origin',(57.7571025477056,-57.3982140967486,2.));
#6664=CARTESIAN_POINT('',(57.7571025477056,-57.3982140967486,2.));
#6665=CARTESIAN_POINT('Origin',(57.7571025477055,-0.270626091421793,2.));
#6666=CARTESIAN_POINT('',(57.7571025477055,-0.270626091421793,2.));
#6667=CARTESIAN_POINT('Origin',(0.0791512620042532,-0.270626091421793,2.));
#6668=CARTESIAN_POINT('Origin',(-20.414,49.838,0.));
#6669=CARTESIAN_POINT('',(-20.414,55.838,0.));
#6670=CARTESIAN_POINT('',(-26.414,49.838,0.));
#6671=CARTESIAN_POINT('Origin',(-26.414,55.838,0.));
#6672=CARTESIAN_POINT('',(-26.414,-73.802,0.));
#6673=CARTESIAN_POINT('Origin',(-20.414,-73.802,0.));
#6674=CARTESIAN_POINT('',(-20.414,-79.802,0.));
#6675=CARTESIAN_POINT('Origin',(78.596,-73.802,0.));
#6676=CARTESIAN_POINT('',(78.596,-79.802,0.));
#6677=CARTESIAN_POINT('',(84.596,-73.802,0.));
#6678=CARTESIAN_POINT('Origin',(84.596,-79.802,0.));
#6679=CARTESIAN_POINT('',(84.596,49.838,0.));
#6680=CARTESIAN_POINT('Origin',(78.596,49.838,0.));
#6681=CARTESIAN_POINT('',(78.596,55.838,0.));
#6682=CARTESIAN_POINT('Origin',(9.51692030417247,9.86648399874363,1.));
#6683=CARTESIAN_POINT('',(13.0169203041725,9.86648399874363,1.));
#6684=CARTESIAN_POINT('Origin',(14.0169203041725,9.86648399874363,1.));
#6685=CARTESIAN_POINT('Origin',(9.51692030417247,9.86648399874363,1.));
#6686=CARTESIAN_POINT('Origin',(9.51692030417247,9.86648399874363,2.));
#6687=CARTESIAN_POINT('',(13.0169203041725,9.86648399874363,2.));
#6688=CARTESIAN_POINT('Origin',(-17.414,-70.802,0.));
#6689=CARTESIAN_POINT('',(-19.414,-70.802,0.));
#6690=CARTESIAN_POINT('Origin',(-17.414,46.838,0.));
#6691=CARTESIAN_POINT('',(-19.414,46.838,0.));
#6692=CARTESIAN_POINT('Origin',(75.596,-70.802,0.));
#6693=CARTESIAN_POINT('',(73.596,-70.802,0.));
#6694=CARTESIAN_POINT('Origin',(75.596,46.838,0.));
#6695=CARTESIAN_POINT('',(73.596,46.838,0.));
#6696=CARTESIAN_POINT('Origin',(84.596,55.838,0.));
#6697=CARTESIAN_POINT('Origin',(-26.414,-79.802,0.));
#6698=CARTESIAN_POINT('Origin',(14.9562759339602,30.348214728894,2.));
#6699=CARTESIAN_POINT('',(14.9566806719908,29.4607976239641,2.));
#6700=CARTESIAN_POINT('',(14.9562759339602,30.348214728894,2.));
#6701=CARTESIAN_POINT('',(14.9566806719908,29.4607976239641,2.));
#6702=CARTESIAN_POINT('',(14.9566806719908,29.4607976239641,3.5));
#6703=CARTESIAN_POINT('',(14.9566806719908,29.4607976239641,2.));
#6704=CARTESIAN_POINT('',(14.9562759339602,30.348214728894,3.5));
#6705=CARTESIAN_POINT('',(14.9566806719908,29.4607976239641,3.5));
#6706=CARTESIAN_POINT('',(14.9562759339602,30.348214728894,2.));
#6707=CARTESIAN_POINT('Ctrl Pts',(12.7181614578128,29.6981875232126,2.));
#6708=CARTESIAN_POINT('Ctrl Pts',(12.7181614578128,29.6981875232126,3.8));
#6709=CARTESIAN_POINT('Ctrl Pts',(13.0176344063349,29.838278213162,2.));
#6710=CARTESIAN_POINT('Ctrl Pts',(13.0176344063349,29.838278213162,3.8));
#6711=CARTESIAN_POINT('Ctrl Pts',(13.7281214065506,30.170637494865,2.));
#6712=CARTESIAN_POINT('Ctrl Pts',(13.7281214065506,30.170637494865,3.8));
#6713=CARTESIAN_POINT('Ctrl Pts',(14.5061749130498,30.2831352193184,2.));
#6714=CARTESIAN_POINT('Ctrl Pts',(14.5061749130498,30.2831352193184,3.8));
#6715=CARTESIAN_POINT('Ctrl Pts',(14.9562759339602,30.348214728894,2.));
#6716=CARTESIAN_POINT('Ctrl Pts',(14.9562759339602,30.348214728894,3.8));
#6717=CARTESIAN_POINT('',(12.7181614578128,29.6981875232126,2.));
#6718=CARTESIAN_POINT('Ctrl Pts',(14.9562759339602,30.348214728894,2.));
#6719=CARTESIAN_POINT('Ctrl Pts',(14.5061749130498,30.2831352193184,2.));
#6720=CARTESIAN_POINT('Ctrl Pts',(13.7281214065506,30.170637494865,2.));
#6721=CARTESIAN_POINT('Ctrl Pts',(13.0176344063349,29.838278213162,2.));
#6722=CARTESIAN_POINT('Ctrl Pts',(12.7181614578128,29.6981875232126,2.));
#6723=CARTESIAN_POINT('',(12.7181614578128,29.6981875232126,3.5));
#6724=CARTESIAN_POINT('Ctrl Pts',(12.7181614578128,29.6981875232126,3.5));
#6725=CARTESIAN_POINT('Ctrl Pts',(13.0176344063349,29.838278213162,3.5));
#6726=CARTESIAN_POINT('Ctrl Pts',(13.7281214065506,30.170637494865,3.5));
#6727=CARTESIAN_POINT('Ctrl Pts',(14.5061749130498,30.2831352193184,3.5));
#6728=CARTESIAN_POINT('Ctrl Pts',(14.9562759339602,30.348214728894,3.5));
#6729=CARTESIAN_POINT('',(12.7181614578128,29.6981875232126,2.));
#6730=CARTESIAN_POINT('Ctrl Pts',(12.0299881640402,28.452839786896,2.));
#6731=CARTESIAN_POINT('Ctrl Pts',(12.0299881640402,28.452839786896,3.8));
#6732=CARTESIAN_POINT('Ctrl Pts',(12.0580299612647,28.7096936458,2.));
#6733=CARTESIAN_POINT('Ctrl Pts',(12.0580299612647,28.7096936458,3.8));
#6734=CARTESIAN_POINT('Ctrl Pts',(12.1138533092397,29.2210175894665,2.));
#6735=CARTESIAN_POINT('Ctrl Pts',(12.1138533092397,29.2210175894665,3.8));
#6736=CARTESIAN_POINT('Ctrl Pts',(12.5173524411826,29.5396259923326,2.));
#6737=CARTESIAN_POINT('Ctrl Pts',(12.5173524411826,29.5396259923326,3.8));
#6738=CARTESIAN_POINT('Ctrl Pts',(12.7181614578128,29.6981875232126,2.));
#6739=CARTESIAN_POINT('Ctrl Pts',(12.7181614578128,29.6981875232126,3.8));
#6740=CARTESIAN_POINT('',(12.0299881640402,28.452839786896,2.));
#6741=CARTESIAN_POINT('Ctrl Pts',(12.7181614578128,29.6981875232126,2.));
#6742=CARTESIAN_POINT('Ctrl Pts',(12.5173524411826,29.5396259923326,2.));
#6743=CARTESIAN_POINT('Ctrl Pts',(12.1138533092397,29.2210175894665,2.));
#6744=CARTESIAN_POINT('Ctrl Pts',(12.0580299612647,28.7096936458,2.));
#6745=CARTESIAN_POINT('Ctrl Pts',(12.0299881640402,28.452839786896,2.));
#6746=CARTESIAN_POINT('',(12.0299881640402,28.452839786896,3.5));
#6747=CARTESIAN_POINT('Ctrl Pts',(12.0299881640402,28.452839786896,3.5));
#6748=CARTESIAN_POINT('Ctrl Pts',(12.0580299612647,28.7096936458,3.5));
#6749=CARTESIAN_POINT('Ctrl Pts',(12.1138533092397,29.2210175894665,3.5));
#6750=CARTESIAN_POINT('Ctrl Pts',(12.5173524411826,29.5396259923326,3.5));
#6751=CARTESIAN_POINT('Ctrl Pts',(12.7181614578128,29.6981875232126,3.5));
#6752=CARTESIAN_POINT('',(12.0299881640402,28.452839786896,2.));
#6753=CARTESIAN_POINT('Ctrl Pts',(12.2952515110531,27.6582591107619,2.));
#6754=CARTESIAN_POINT('Ctrl Pts',(12.2952515110531,27.6582591107619,3.8));
#6755=CARTESIAN_POINT('Ctrl Pts',(12.2180326292435,27.7692089128028,2.));
#6756=CARTESIAN_POINT('Ctrl Pts',(12.2180326292435,27.7692089128028,3.8));
#6757=CARTESIAN_POINT('Ctrl Pts',(12.0524068260877,28.007183740233,2.));
#6758=CARTESIAN_POINT('Ctrl Pts',(12.0524068260877,28.007183740233,3.8));
#6759=CARTESIAN_POINT('Ctrl Pts',(12.0377901702432,28.2977452842409,2.));
#6760=CARTESIAN_POINT('Ctrl Pts',(12.0377901702432,28.2977452842409,3.8));
#6761=CARTESIAN_POINT('Ctrl Pts',(12.0299881640402,28.452839786896,2.));
#6762=CARTESIAN_POINT('Ctrl Pts',(12.0299881640402,28.452839786896,3.8));
#6763=CARTESIAN_POINT('',(12.2952515110531,27.6582591107619,2.));
#6764=CARTESIAN_POINT('Ctrl Pts',(12.0299881640402,28.452839786896,2.));
#6765=CARTESIAN_POINT('Ctrl Pts',(12.0377901702432,28.2977452842409,2.));
#6766=CARTESIAN_POINT('Ctrl Pts',(12.0524068260877,28.007183740233,2.));
#6767=CARTESIAN_POINT('Ctrl Pts',(12.2180326292435,27.7692089128028,2.));
#6768=CARTESIAN_POINT('Ctrl Pts',(12.2952515110531,27.6582591107619,2.));
#6769=CARTESIAN_POINT('',(12.2952515110531,27.6582591107619,3.5));
#6770=CARTESIAN_POINT('Ctrl Pts',(12.2952515110531,27.6582591107619,3.5));
#6771=CARTESIAN_POINT('Ctrl Pts',(12.2180326292435,27.7692089128028,3.5));
#6772=CARTESIAN_POINT('Ctrl Pts',(12.0524068260877,28.007183740233,3.5));
#6773=CARTESIAN_POINT('Ctrl Pts',(12.0377901702432,28.2977452842409,3.5));
#6774=CARTESIAN_POINT('Ctrl Pts',(12.0299881640402,28.452839786896,3.5));
#6775=CARTESIAN_POINT('',(12.2952515110531,27.6582591107619,2.));
#6776=CARTESIAN_POINT('Ctrl Pts',(13.0370996840392,27.3804511610541,2.));
#6777=CARTESIAN_POINT('Ctrl Pts',(13.0370996840392,27.3804511610541,3.8));
#6778=CARTESIAN_POINT('Ctrl Pts',(12.8926687671568,27.3896884010752,2.));
#6779=CARTESIAN_POINT('Ctrl Pts',(12.8926687671568,27.3896884010752,3.8));
#6780=CARTESIAN_POINT('Ctrl Pts',(12.6165099020635,27.4073504486193,2.));
#6781=CARTESIAN_POINT('Ctrl Pts',(12.6165099020635,27.4073504486193,3.8));
#6782=CARTESIAN_POINT('Ctrl Pts',(12.3990026187453,27.5772276035537,2.));
#6783=CARTESIAN_POINT('Ctrl Pts',(12.3990026187453,27.5772276035537,3.8));
#6784=CARTESIAN_POINT('Ctrl Pts',(12.2952515110531,27.6582591107619,2.));
#6785=CARTESIAN_POINT('Ctrl Pts',(12.2952515110531,27.6582591107619,3.8));
#6786=CARTESIAN_POINT('',(13.0370996840392,27.3804511610541,2.));
#6787=CARTESIAN_POINT('Ctrl Pts',(12.2952515110531,27.6582591107619,2.));
#6788=CARTESIAN_POINT('Ctrl Pts',(12.3990026187453,27.5772276035537,2.));
#6789=CARTESIAN_POINT('Ctrl Pts',(12.6165099020635,27.4073504486193,2.));
#6790=CARTESIAN_POINT('Ctrl Pts',(12.8926687671568,27.3896884010752,2.));
#6791=CARTESIAN_POINT('Ctrl Pts',(13.0370996840392,27.3804511610541,2.));
#6792=CARTESIAN_POINT('',(13.0370996840392,27.3804511610541,3.5));
#6793=CARTESIAN_POINT('Ctrl Pts',(13.0370996840392,27.3804511610541,3.5));
#6794=CARTESIAN_POINT('Ctrl Pts',(12.8926687671568,27.3896884010752,3.5));
#6795=CARTESIAN_POINT('Ctrl Pts',(12.6165099020635,27.4073504486193,3.5));
#6796=CARTESIAN_POINT('Ctrl Pts',(12.3990026187453,27.5772276035537,3.5));
#6797=CARTESIAN_POINT('Ctrl Pts',(12.2952515110531,27.6582591107619,3.5));
#6798=CARTESIAN_POINT('',(13.0370996840392,27.3804511610541,2.));
#6799=CARTESIAN_POINT('Ctrl Pts',(14.374582512472,27.9638432582322,2.));
#6800=CARTESIAN_POINT('Ctrl Pts',(14.374582512472,27.9638432582322,3.8));
#6801=CARTESIAN_POINT('Ctrl Pts',(14.1787298284191,27.7937892980917,2.));
#6802=CARTESIAN_POINT('Ctrl Pts',(14.1787298284191,27.7937892980917,3.8));
#6803=CARTESIAN_POINT('Ctrl Pts',(13.79342457656,27.4592384377935,2.));
#6804=CARTESIAN_POINT('Ctrl Pts',(13.79342457656,27.4592384377935,3.8));
#6805=CARTESIAN_POINT('Ctrl Pts',(13.2864006732232,27.4064211459382,2.));
#6806=CARTESIAN_POINT('Ctrl Pts',(13.2864006732232,27.4064211459382,3.8));
#6807=CARTESIAN_POINT('Ctrl Pts',(13.0370996840392,27.3804511610541,2.));
#6808=CARTESIAN_POINT('Ctrl Pts',(13.0370996840392,27.3804511610541,3.8));
#6809=CARTESIAN_POINT('',(14.374582512472,27.9638432582322,2.));
#6810=CARTESIAN_POINT('Ctrl Pts',(13.0370996840392,27.3804511610541,2.));
#6811=CARTESIAN_POINT('Ctrl Pts',(13.2864006732232,27.4064211459382,2.));
#6812=CARTESIAN_POINT('Ctrl Pts',(13.79342457656,27.4592384377935,2.));
#6813=CARTESIAN_POINT('Ctrl Pts',(14.1787298284191,27.7937892980917,2.));
#6814=CARTESIAN_POINT('Ctrl Pts',(14.374582512472,27.9638432582322,2.));
#6815=CARTESIAN_POINT('',(14.374582512472,27.9638432582322,3.5));
#6816=CARTESIAN_POINT('Ctrl Pts',(14.374582512472,27.9638432582322,3.5));
#6817=CARTESIAN_POINT('Ctrl Pts',(14.1787298284191,27.7937892980917,3.5));
#6818=CARTESIAN_POINT('Ctrl Pts',(13.79342457656,27.4592384377935,3.5));
#6819=CARTESIAN_POINT('Ctrl Pts',(13.2864006732232,27.4064211459382,3.5));
#6820=CARTESIAN_POINT('Ctrl Pts',(13.0370996840392,27.3804511610541,3.5));
#6821=CARTESIAN_POINT('',(14.374582512472,27.9638432582322,2.));
#6822=CARTESIAN_POINT('Ctrl Pts',(14.9566806719908,29.4607976239641,2.));
#6823=CARTESIAN_POINT('Ctrl Pts',(14.9566806719908,29.4607976239641,3.8));
#6824=CARTESIAN_POINT('Ctrl Pts',(14.9347005944335,29.1755176481158,2.));
#6825=CARTESIAN_POINT('Ctrl Pts',(14.9347005944335,29.1755176481158,3.8));
#6826=CARTESIAN_POINT('Ctrl Pts',(14.8916718774733,28.617046855499,2.));
#6827=CARTESIAN_POINT('Ctrl Pts',(14.8916718774733,28.617046855499,3.8));
#6828=CARTESIAN_POINT('Ctrl Pts',(14.5444401377043,28.178412768523,2.));
#6829=CARTESIAN_POINT('Ctrl Pts',(14.5444401377043,28.178412768523,3.8));
#6830=CARTESIAN_POINT('Ctrl Pts',(14.374582512472,27.9638432582322,2.));
#6831=CARTESIAN_POINT('Ctrl Pts',(14.374582512472,27.9638432582322,3.8));
#6832=CARTESIAN_POINT('Ctrl Pts',(14.374582512472,27.9638432582322,2.));
#6833=CARTESIAN_POINT('Ctrl Pts',(14.5444401377043,28.178412768523,2.));
#6834=CARTESIAN_POINT('Ctrl Pts',(14.8916718774733,28.617046855499,2.));
#6835=CARTESIAN_POINT('Ctrl Pts',(14.9347005944335,29.1755176481158,2.));
#6836=CARTESIAN_POINT('Ctrl Pts',(14.9566806719908,29.4607976239641,2.));
#6837=CARTESIAN_POINT('Ctrl Pts',(14.9566806719908,29.4607976239641,3.5));
#6838=CARTESIAN_POINT('Ctrl Pts',(14.9347005944335,29.1755176481158,3.5));
#6839=CARTESIAN_POINT('Ctrl Pts',(14.8916718774733,28.617046855499,3.5));
#6840=CARTESIAN_POINT('Ctrl Pts',(14.5444401377043,28.178412768523,3.5));
#6841=CARTESIAN_POINT('Ctrl Pts',(14.374582512472,27.9638432582322,3.5));
#6842=CARTESIAN_POINT('Ctrl Pts',(12.4654910399288,31.9232378824703,2.));
#6843=CARTESIAN_POINT('Ctrl Pts',(12.4654910399288,31.9232378824703,3.8));
#6844=CARTESIAN_POINT('Ctrl Pts',(12.4048783915318,32.0215756723047,2.));
#6845=CARTESIAN_POINT('Ctrl Pts',(12.4048783915318,32.0215756723047,3.8));
#6846=CARTESIAN_POINT('Ctrl Pts',(12.3184762454501,32.1617542704578,2.));
#6847=CARTESIAN_POINT('Ctrl Pts',(12.3184762454501,32.1617542704578,3.8));
#6848=CARTESIAN_POINT('Ctrl Pts',(12.2581370089904,32.3145997276132,2.));
#6849=CARTESIAN_POINT('Ctrl Pts',(12.2581370089904,32.3145997276132,3.8));
#6850=CARTESIAN_POINT('Ctrl Pts',(12.240126824411,32.3602213671464,2.));
#6851=CARTESIAN_POINT('Ctrl Pts',(12.240126824411,32.3602213671464,3.8));
#6852=CARTESIAN_POINT('',(12.240126824411,32.3602213671464,2.));
#6853=CARTESIAN_POINT('',(12.4654910399288,31.9232378824703,2.));
#6854=CARTESIAN_POINT('Ctrl Pts',(12.240126824411,32.3602213671464,2.));
#6855=CARTESIAN_POINT('Ctrl Pts',(12.2581370089904,32.3145997276132,2.));
#6856=CARTESIAN_POINT('Ctrl Pts',(12.3184762454501,32.1617542704578,2.));
#6857=CARTESIAN_POINT('Ctrl Pts',(12.4048783915318,32.0215756723047,2.));
#6858=CARTESIAN_POINT('Ctrl Pts',(12.4654910399288,31.9232378824703,2.));
#6859=CARTESIAN_POINT('',(12.240126824411,32.3602213671464,3.5));
#6860=CARTESIAN_POINT('',(12.240126824411,32.3602213671464,2.));
#6861=CARTESIAN_POINT('',(12.4654910399288,31.9232378824703,3.5));
#6862=CARTESIAN_POINT('Ctrl Pts',(12.4654910399288,31.9232378824703,3.5));
#6863=CARTESIAN_POINT('Ctrl Pts',(12.4048783915318,32.0215756723047,3.5));
#6864=CARTESIAN_POINT('Ctrl Pts',(12.3184762454501,32.1617542704578,3.5));
#6865=CARTESIAN_POINT('Ctrl Pts',(12.2581370089904,32.3145997276132,3.5));
#6866=CARTESIAN_POINT('Ctrl Pts',(12.240126824411,32.3602213671464,3.5));
#6867=CARTESIAN_POINT('',(12.4654910399288,31.9232378824703,2.));
#6868=CARTESIAN_POINT('Ctrl Pts',(12.5848598442165,31.5656763399273,2.));
#6869=CARTESIAN_POINT('Ctrl Pts',(12.5848598442165,31.5656763399273,3.8));
#6870=CARTESIAN_POINT('Ctrl Pts',(12.5781770738134,31.6230091300699,2.));
#6871=CARTESIAN_POINT('Ctrl Pts',(12.5781770738134,31.6230091300699,3.8));
#6872=CARTESIAN_POINT('Ctrl Pts',(12.5633555128711,31.7501661909637,2.));
#6873=CARTESIAN_POINT('Ctrl Pts',(12.5633555128711,31.7501661909637,3.8));
#6874=CARTESIAN_POINT('Ctrl Pts',(12.5001812077665,31.8618888980452,2.));
#6875=CARTESIAN_POINT('Ctrl Pts',(12.5001812077665,31.8618888980452,3.8));
#6876=CARTESIAN_POINT('Ctrl Pts',(12.4654910399288,31.9232378824703,2.));
#6877=CARTESIAN_POINT('Ctrl Pts',(12.4654910399288,31.9232378824703,3.8));
#6878=CARTESIAN_POINT('',(12.5848598442165,31.5656763399273,2.));
#6879=CARTESIAN_POINT('Ctrl Pts',(12.4654910399288,31.9232378824703,2.));
#6880=CARTESIAN_POINT('Ctrl Pts',(12.5001812077665,31.8618888980452,2.));
#6881=CARTESIAN_POINT('Ctrl Pts',(12.5633555128711,31.7501661909637,2.));
#6882=CARTESIAN_POINT('Ctrl Pts',(12.5781770738134,31.6230091300699,2.));
#6883=CARTESIAN_POINT('Ctrl Pts',(12.5848598442165,31.5656763399273,2.));
#6884=CARTESIAN_POINT('',(12.5848598442165,31.5656763399273,3.5));
#6885=CARTESIAN_POINT('Ctrl Pts',(12.5848598442165,31.5656763399273,3.5));
#6886=CARTESIAN_POINT('Ctrl Pts',(12.5781770738134,31.6230091300699,3.5));
#6887=CARTESIAN_POINT('Ctrl Pts',(12.5633555128711,31.7501661909637,3.5));
#6888=CARTESIAN_POINT('Ctrl Pts',(12.5001812077665,31.8618888980452,3.5));
#6889=CARTESIAN_POINT('Ctrl Pts',(12.4654910399288,31.9232378824703,3.5));
#6890=CARTESIAN_POINT('',(12.5848598442165,31.5656763399273,2.));
#6891=CARTESIAN_POINT('Ctrl Pts',(11.8964195599737,30.9031105725592,2.));
#6892=CARTESIAN_POINT('Ctrl Pts',(11.8964195599737,30.9031105725592,3.8));
#6893=CARTESIAN_POINT('Ctrl Pts',(12.0972764685502,30.9290233805967,2.));
#6894=CARTESIAN_POINT('Ctrl Pts',(12.0972764685502,30.9290233805967,3.8));
#6895=CARTESIAN_POINT('Ctrl Pts',(12.4927871916503,30.9800487275319,2.));
#6896=CARTESIAN_POINT('Ctrl Pts',(12.4927871916503,30.9800487275319,3.8));
#6897=CARTESIAN_POINT('Ctrl Pts',(12.5544915453901,31.3725189382607,2.));
#6898=CARTESIAN_POINT('Ctrl Pts',(12.5544915453901,31.3725189382607,3.8));
#6899=CARTESIAN_POINT('Ctrl Pts',(12.5848598442165,31.5656763399273,2.));
#6900=CARTESIAN_POINT('Ctrl Pts',(12.5848598442165,31.5656763399273,3.8));
#6901=CARTESIAN_POINT('',(11.8964195599737,30.9031105725592,2.));
#6902=CARTESIAN_POINT('Ctrl Pts',(12.5848598442165,31.5656763399273,2.));
#6903=CARTESIAN_POINT('Ctrl Pts',(12.5544915453901,31.3725189382607,2.));
#6904=CARTESIAN_POINT('Ctrl Pts',(12.4927871916503,30.9800487275319,2.));
#6905=CARTESIAN_POINT('Ctrl Pts',(12.0972764685502,30.9290233805967,2.));
#6906=CARTESIAN_POINT('Ctrl Pts',(11.8964195599737,30.9031105725592,2.));
#6907=CARTESIAN_POINT('',(11.8964195599737,30.9031105725592,3.5));
#6908=CARTESIAN_POINT('Ctrl Pts',(11.8964195599737,30.9031105725592,3.5));
#6909=CARTESIAN_POINT('Ctrl Pts',(12.0972764685502,30.9290233805967,3.5));
#6910=CARTESIAN_POINT('Ctrl Pts',(12.4927871916503,30.9800487275319,3.5));
#6911=CARTESIAN_POINT('Ctrl Pts',(12.5544915453901,31.3725189382607,3.5));
#6912=CARTESIAN_POINT('Ctrl Pts',(12.5848598442165,31.5656763399273,3.5));
#6913=CARTESIAN_POINT('',(11.8964195599737,30.9031105725592,2.));
#6914=CARTESIAN_POINT('Ctrl Pts',(11.3267935124114,31.1015261891282,2.));
#6915=CARTESIAN_POINT('Ctrl Pts',(11.3267935124114,31.1015261891282,3.8));
#6916=CARTESIAN_POINT('Ctrl Pts',(11.4088628290408,31.0436391785733,2.));
#6917=CARTESIAN_POINT('Ctrl Pts',(11.4088628290408,31.0436391785733,3.8));
#6918=CARTESIAN_POINT('Ctrl Pts',(11.5794354881515,30.9233269629508,2.));
#6919=CARTESIAN_POINT('Ctrl Pts',(11.5794354881515,30.9233269629508,3.8));
#6920=CARTESIAN_POINT('Ctrl Pts',(11.7881341545437,30.9100167240806,2.));
#6921=CARTESIAN_POINT('Ctrl Pts',(11.7881341545437,30.9100167240806,3.8));
#6922=CARTESIAN_POINT('Ctrl Pts',(11.8964195599737,30.9031105725592,2.));
#6923=CARTESIAN_POINT('Ctrl Pts',(11.8964195599737,30.9031105725592,3.8));
#6924=CARTESIAN_POINT('',(11.3267935124114,31.1015261891282,2.));
#6925=CARTESIAN_POINT('Ctrl Pts',(11.8964195599737,30.9031105725592,2.));
#6926=CARTESIAN_POINT('Ctrl Pts',(11.7881341545437,30.9100167240806,2.));
#6927=CARTESIAN_POINT('Ctrl Pts',(11.5794354881515,30.9233269629508,2.));
#6928=CARTESIAN_POINT('Ctrl Pts',(11.4088628290408,31.0436391785733,2.));
#6929=CARTESIAN_POINT('Ctrl Pts',(11.3267935124114,31.1015261891282,2.));
#6930=CARTESIAN_POINT('',(11.3267935124114,31.1015261891282,3.5));
#6931=CARTESIAN_POINT('Ctrl Pts',(11.3267935124114,31.1015261891282,3.5));
#6932=CARTESIAN_POINT('Ctrl Pts',(11.4088628290408,31.0436391785733,3.5));
#6933=CARTESIAN_POINT('Ctrl Pts',(11.5794354881515,30.9233269629508,3.5));
#6934=CARTESIAN_POINT('Ctrl Pts',(11.7881341545437,30.9100167240806,3.5));
#6935=CARTESIAN_POINT('Ctrl Pts',(11.8964195599737,30.9031105725592,3.5));
#6936=CARTESIAN_POINT('',(11.3267935124114,31.1015261891282,2.));
#6937=CARTESIAN_POINT('Ctrl Pts',(11.1146009571186,31.697456251403,2.));
#6938=CARTESIAN_POINT('Ctrl Pts',(11.1146009571186,31.697456251403,3.8));
#6939=CARTESIAN_POINT('Ctrl Pts',(11.1207664497006,31.5794813747997,2.));
#6940=CARTESIAN_POINT('Ctrl Pts',(11.1207664497006,31.5794813747997,3.8));
#6941=CARTESIAN_POINT('Ctrl Pts',(11.1322989537908,31.3588103207221,2.));
#6942=CARTESIAN_POINT('Ctrl Pts',(11.1322989537908,31.3588103207221,3.8));
#6943=CARTESIAN_POINT('Ctrl Pts',(11.2650252014603,31.1832354480184,2.));
#6944=CARTESIAN_POINT('Ctrl Pts',(11.2650252014603,31.1832354480184,3.8));
#6945=CARTESIAN_POINT('Ctrl Pts',(11.3267935124114,31.1015261891282,2.));
#6946=CARTESIAN_POINT('Ctrl Pts',(11.3267935124114,31.1015261891282,3.8));
#6947=CARTESIAN_POINT('',(11.1146009571186,31.697456251403,2.));
#6948=CARTESIAN_POINT('Ctrl Pts',(11.3267935124114,31.1015261891282,2.));
#6949=CARTESIAN_POINT('Ctrl Pts',(11.2650252014603,31.1832354480184,2.));
#6950=CARTESIAN_POINT('Ctrl Pts',(11.1322989537908,31.3588103207221,2.));
#6951=CARTESIAN_POINT('Ctrl Pts',(11.1207664497006,31.5794813747997,2.));
#6952=CARTESIAN_POINT('Ctrl Pts',(11.1146009571186,31.697456251403,2.));
#6953=CARTESIAN_POINT('',(11.1146009571186,31.697456251403,3.5));
#6954=CARTESIAN_POINT('Ctrl Pts',(11.1146009571186,31.697456251403,3.5));
#6955=CARTESIAN_POINT('Ctrl Pts',(11.1207664497006,31.5794813747997,3.5));
#6956=CARTESIAN_POINT('Ctrl Pts',(11.1322989537908,31.3588103207221,3.5));
#6957=CARTESIAN_POINT('Ctrl Pts',(11.2650252014603,31.1832354480184,3.5));
#6958=CARTESIAN_POINT('Ctrl Pts',(11.3267935124114,31.1015261891282,3.5));
#6959=CARTESIAN_POINT('',(11.1146009571186,31.697456251403,2.));
#6960=CARTESIAN_POINT('Ctrl Pts',(11.8822632382573,32.903104800918,2.));
#6961=CARTESIAN_POINT('Ctrl Pts',(11.8822632382573,32.903104800918,3.8));
#6962=CARTESIAN_POINT('Ctrl Pts',(11.6588172011094,32.7355267357911,2.));
#6963=CARTESIAN_POINT('Ctrl Pts',(11.6588172011094,32.7355267357911,3.8));
#6964=CARTESIAN_POINT('Ctrl Pts',(11.2479627143083,32.4273977538424,2.));
#6965=CARTESIAN_POINT('Ctrl Pts',(11.2479627143083,32.4273977538424,3.8));
#6966=CARTESIAN_POINT('Ctrl Pts',(11.1563771037509,31.9261135807713,2.));
#6967=CARTESIAN_POINT('Ctrl Pts',(11.1563771037509,31.9261135807713,3.8));
#6968=CARTESIAN_POINT('Ctrl Pts',(11.1146009571186,31.697456251403,2.));
#6969=CARTESIAN_POINT('Ctrl Pts',(11.1146009571186,31.697456251403,3.8));
#6970=CARTESIAN_POINT('',(11.8822632382573,32.903104800918,2.));
#6971=CARTESIAN_POINT('Ctrl Pts',(11.1146009571186,31.697456251403,2.));
#6972=CARTESIAN_POINT('Ctrl Pts',(11.1563771037509,31.9261135807713,2.));
#6973=CARTESIAN_POINT('Ctrl Pts',(11.2479627143083,32.4273977538424,2.));
#6974=CARTESIAN_POINT('Ctrl Pts',(11.6588172011094,32.7355267357911,2.));
#6975=CARTESIAN_POINT('Ctrl Pts',(11.8822632382573,32.903104800918,2.));
#6976=CARTESIAN_POINT('',(11.8822632382573,32.903104800918,3.5));
#6977=CARTESIAN_POINT('Ctrl Pts',(11.8822632382573,32.903104800918,3.5));
#6978=CARTESIAN_POINT('Ctrl Pts',(11.6588172011094,32.7355267357911,3.5));
#6979=CARTESIAN_POINT('Ctrl Pts',(11.2479627143083,32.4273977538424,3.5));
#6980=CARTESIAN_POINT('Ctrl Pts',(11.1563771037509,31.9261135807713,3.5));
#6981=CARTESIAN_POINT('Ctrl Pts',(11.1146009571186,31.697456251403,3.5));
#6982=CARTESIAN_POINT('',(11.8822632382573,32.903104800918,2.));
#6983=CARTESIAN_POINT('Ctrl Pts',(13.8025510078503,33.4337819208387,2.));
#6984=CARTESIAN_POINT('Ctrl Pts',(13.8025510078503,33.4337819208387,3.8));
#6985=CARTESIAN_POINT('Ctrl Pts',(13.4426225550966,33.4169519035782,2.));
#6986=CARTESIAN_POINT('Ctrl Pts',(13.4426225550966,33.4169519035782,3.8));
#6987=CARTESIAN_POINT('Ctrl Pts',(12.7610908939879,33.3850839322291,2.));
#6988=CARTESIAN_POINT('Ctrl Pts',(12.7610908939879,33.3850839322291,3.8));
#6989=CARTESIAN_POINT('Ctrl Pts',(12.1640137807593,33.0576264307689,2.));
#6990=CARTESIAN_POINT('Ctrl Pts',(12.1640137807593,33.0576264307689,3.8));
#6991=CARTESIAN_POINT('Ctrl Pts',(11.8822632382573,32.903104800918,2.));
#6992=CARTESIAN_POINT('Ctrl Pts',(11.8822632382573,32.903104800918,3.8));
#6993=CARTESIAN_POINT('',(13.8025510078503,33.4337819208387,2.));
#6994=CARTESIAN_POINT('Ctrl Pts',(11.8822632382573,32.903104800918,2.));
#6995=CARTESIAN_POINT('Ctrl Pts',(12.1640137807593,33.0576264307689,2.));
#6996=CARTESIAN_POINT('Ctrl Pts',(12.7610908939879,33.3850839322291,2.));
#6997=CARTESIAN_POINT('Ctrl Pts',(13.4426225550966,33.4169519035782,2.));
#6998=CARTESIAN_POINT('Ctrl Pts',(13.8025510078503,33.4337819208387,2.));
#6999=CARTESIAN_POINT('',(13.8025510078503,33.4337819208387,3.5));
#7000=CARTESIAN_POINT('Ctrl Pts',(13.8025510078503,33.4337819208387,3.5));
#7001=CARTESIAN_POINT('Ctrl Pts',(13.4426225550966,33.4169519035782,3.5));
#7002=CARTESIAN_POINT('Ctrl Pts',(12.7610908939879,33.3850839322291,3.5));
#7003=CARTESIAN_POINT('Ctrl Pts',(12.1640137807593,33.0576264307689,3.5));
#7004=CARTESIAN_POINT('Ctrl Pts',(11.8822632382573,32.903104800918,3.5));
#7005=CARTESIAN_POINT('',(13.8025510078503,33.4337819208387,2.));
#7006=CARTESIAN_POINT('Ctrl Pts',(15.4451456044434,32.9709547192876,2.));
#7007=CARTESIAN_POINT('Ctrl Pts',(15.4451456044434,32.9709547192876,3.8));
#7008=CARTESIAN_POINT('Ctrl Pts',(15.2145599733424,33.1057865472276,2.));
#7009=CARTESIAN_POINT('Ctrl Pts',(15.2145599733424,33.1057865472276,3.8));
#7010=CARTESIAN_POINT('Ctrl Pts',(14.709092143846,33.4013520214963,2.));
#7011=CARTESIAN_POINT('Ctrl Pts',(14.709092143846,33.4013520214963,3.8));
#7012=CARTESIAN_POINT('Ctrl Pts',(14.1218846549209,33.4223583266741,2.));
#7013=CARTESIAN_POINT('Ctrl Pts',(14.1218846549209,33.4223583266741,3.8));
#7014=CARTESIAN_POINT('Ctrl Pts',(13.8025510078503,33.4337819208387,2.));
#7015=CARTESIAN_POINT('Ctrl Pts',(13.8025510078503,33.4337819208387,3.8));
#7016=CARTESIAN_POINT('',(15.4451456044434,32.9709547192876,2.));
#7017=CARTESIAN_POINT('Ctrl Pts',(13.8025510078503,33.4337819208387,2.));
#7018=CARTESIAN_POINT('Ctrl Pts',(14.1218846549209,33.4223583266741,2.));
#7019=CARTESIAN_POINT('Ctrl Pts',(14.709092143846,33.4013520214963,2.));
#7020=CARTESIAN_POINT('Ctrl Pts',(15.2145599733424,33.1057865472276,2.));
#7021=CARTESIAN_POINT('Ctrl Pts',(15.4451456044434,32.9709547192876,2.));
#7022=CARTESIAN_POINT('',(15.4451456044434,32.9709547192876,3.5));
#7023=CARTESIAN_POINT('Ctrl Pts',(15.4451456044434,32.9709547192876,3.5));
#7024=CARTESIAN_POINT('Ctrl Pts',(15.2145599733424,33.1057865472276,3.5));
#7025=CARTESIAN_POINT('Ctrl Pts',(14.709092143846,33.4013520214963,3.5));
#7026=CARTESIAN_POINT('Ctrl Pts',(14.1218846549209,33.4223583266741,3.5));
#7027=CARTESIAN_POINT('Ctrl Pts',(13.8025510078503,33.4337819208387,3.5));
#7028=CARTESIAN_POINT('',(15.4451456044434,32.9709547192876,2.));
#7029=CARTESIAN_POINT('Ctrl Pts',(16.0549547043591,31.792425105508,2.));
#7030=CARTESIAN_POINT('Ctrl Pts',(16.0549547043591,31.792425105508,3.8));
#7031=CARTESIAN_POINT('Ctrl Pts',(16.0283081292624,32.0244944958998,2.));
#7032=CARTESIAN_POINT('Ctrl Pts',(16.0283081292624,32.0244944958998,3.8));
#7033=CARTESIAN_POINT('Ctrl Pts',(15.9743911657227,32.4940661693714,2.));
#7034=CARTESIAN_POINT('Ctrl Pts',(15.9743911657227,32.4940661693714,3.8));
#7035=CARTESIAN_POINT('Ctrl Pts',(15.6229163000673,32.810770458037,2.));
#7036=CARTESIAN_POINT('Ctrl Pts',(15.6229163000673,32.810770458037,3.8));
#7037=CARTESIAN_POINT('Ctrl Pts',(15.4451456044434,32.9709547192876,2.));
#7038=CARTESIAN_POINT('Ctrl Pts',(15.4451456044434,32.9709547192876,3.8));
#7039=CARTESIAN_POINT('',(16.0549547043591,31.792425105508,2.));
#7040=CARTESIAN_POINT('Ctrl Pts',(15.4451456044434,32.9709547192876,2.));
#7041=CARTESIAN_POINT('Ctrl Pts',(15.6229163000673,32.810770458037,2.));
#7042=CARTESIAN_POINT('Ctrl Pts',(15.9743911657227,32.4940661693714,2.));
#7043=CARTESIAN_POINT('Ctrl Pts',(16.0283081292624,32.0244944958998,2.));
#7044=CARTESIAN_POINT('Ctrl Pts',(16.0549547043591,31.792425105508,2.));
#7045=CARTESIAN_POINT('',(16.0549547043591,31.792425105508,3.5));
#7046=CARTESIAN_POINT('Ctrl Pts',(16.0549547043591,31.792425105508,3.5));
#7047=CARTESIAN_POINT('Ctrl Pts',(16.0283081292624,32.0244944958998,3.5));
#7048=CARTESIAN_POINT('Ctrl Pts',(15.9743911657227,32.4940661693714,3.5));
#7049=CARTESIAN_POINT('Ctrl Pts',(15.6229163000673,32.810770458037,3.5));
#7050=CARTESIAN_POINT('Ctrl Pts',(15.4451456044434,32.9709547192876,3.5));
#7051=CARTESIAN_POINT('',(16.0549547043591,31.792425105508,2.));
#7052=CARTESIAN_POINT('Origin',(16.0565072070231,28.3884518801381,2.));
#7053=CARTESIAN_POINT('',(16.0565072070231,28.3884518801381,2.));
#7054=CARTESIAN_POINT('',(16.0549547043591,31.792425105508,2.));
#7055=CARTESIAN_POINT('',(16.0565072070231,28.3884518801381,3.5));
#7056=CARTESIAN_POINT('',(16.0549547043591,31.792425105508,3.5));
#7057=CARTESIAN_POINT('',(16.0565072070231,28.3884518801381,2.));
#7058=CARTESIAN_POINT('Ctrl Pts',(16.5867016537567,27.5277664996192,2.));
#7059=CARTESIAN_POINT('Ctrl Pts',(16.5867016537567,27.5277664996192,3.8));
#7060=CARTESIAN_POINT('Ctrl Pts',(16.4334453389796,27.5840221370492,2.));
#7061=CARTESIAN_POINT('Ctrl Pts',(16.4334453389796,27.5840221370492,3.8));
#7062=CARTESIAN_POINT('Ctrl Pts',(16.0566494240813,27.7223322249855,2.));
#7063=CARTESIAN_POINT('Ctrl Pts',(16.0566494240813,27.7223322249855,3.8));
#7064=CARTESIAN_POINT('Ctrl Pts',(16.0565601626513,28.1404170435837,2.));
#7065=CARTESIAN_POINT('Ctrl Pts',(16.0565601626513,28.1404170435837,3.8));
#7066=CARTESIAN_POINT('Ctrl Pts',(16.0565072070231,28.3884518801381,2.));
#7067=CARTESIAN_POINT('Ctrl Pts',(16.0565072070231,28.3884518801381,3.8));
#7068=CARTESIAN_POINT('',(16.5867016537567,27.5277664996192,2.));
#7069=CARTESIAN_POINT('Ctrl Pts',(16.0565072070231,28.3884518801381,2.));
#7070=CARTESIAN_POINT('Ctrl Pts',(16.0565601626513,28.1404170435837,2.));
#7071=CARTESIAN_POINT('Ctrl Pts',(16.0566494240813,27.7223322249855,2.));
#7072=CARTESIAN_POINT('Ctrl Pts',(16.4334453389796,27.5840221370492,2.));
#7073=CARTESIAN_POINT('Ctrl Pts',(16.5867016537567,27.5277664996192,2.));
#7074=CARTESIAN_POINT('',(16.5867016537567,27.5277664996192,3.5));
#7075=CARTESIAN_POINT('Ctrl Pts',(16.5867016537567,27.5277664996192,3.5));
#7076=CARTESIAN_POINT('Ctrl Pts',(16.4334453389796,27.5840221370492,3.5));
#7077=CARTESIAN_POINT('Ctrl Pts',(16.0566494240813,27.7223322249855,3.5));
#7078=CARTESIAN_POINT('Ctrl Pts',(16.0565601626513,28.1404170435837,3.5));
#7079=CARTESIAN_POINT('Ctrl Pts',(16.0565072070231,28.3884518801381,3.5));
#7080=CARTESIAN_POINT('',(16.5867016537567,27.5277664996192,2.));
#7081=CARTESIAN_POINT('Ctrl Pts',(16.8515844264998,27.5676221533238,2.));
#7082=CARTESIAN_POINT('Ctrl Pts',(16.8515844264998,27.5676221533238,3.8));
#7083=CARTESIAN_POINT('Ctrl Pts',(16.8098995205761,27.5560183339112,2.));
#7084=CARTESIAN_POINT('Ctrl Pts',(16.8098995205761,27.5560183339112,3.8));
#7085=CARTESIAN_POINT('Ctrl Pts',(16.723268539007,27.5319028838845,2.));
#7086=CARTESIAN_POINT('Ctrl Pts',(16.723268539007,27.5319028838845,3.8));
#7087=CARTESIAN_POINT('Ctrl Pts',(16.6333522301191,27.5291794681414,2.));
#7088=CARTESIAN_POINT('Ctrl Pts',(16.6333522301191,27.5291794681414,3.8));
#7089=CARTESIAN_POINT('Ctrl Pts',(16.5867016537567,27.5277664996192,2.));
#7090=CARTESIAN_POINT('Ctrl Pts',(16.5867016537567,27.5277664996192,3.8));
#7091=CARTESIAN_POINT('',(16.8515844264998,27.5676221533238,2.));
#7092=CARTESIAN_POINT('Ctrl Pts',(16.5867016537567,27.5277664996192,2.));
#7093=CARTESIAN_POINT('Ctrl Pts',(16.6333522301191,27.5291794681414,2.));
#7094=CARTESIAN_POINT('Ctrl Pts',(16.723268539007,27.5319028838845,2.));
#7095=CARTESIAN_POINT('Ctrl Pts',(16.8098995205761,27.5560183339112,2.));
#7096=CARTESIAN_POINT('Ctrl Pts',(16.8515844264998,27.5676221533238,2.));
#7097=CARTESIAN_POINT('',(16.8515844264998,27.5676221533238,3.5));
#7098=CARTESIAN_POINT('Ctrl Pts',(16.8515844264998,27.5676221533238,3.5));
#7099=CARTESIAN_POINT('Ctrl Pts',(16.8098995205761,27.5560183339112,3.5));
#7100=CARTESIAN_POINT('Ctrl Pts',(16.723268539007,27.5319028838845,3.5));
#7101=CARTESIAN_POINT('Ctrl Pts',(16.6333522301191,27.5291794681414,3.5));
#7102=CARTESIAN_POINT('Ctrl Pts',(16.5867016537567,27.5277664996192,3.5));
#7103=CARTESIAN_POINT('',(16.8515844264998,27.5676221533238,2.));
#7104=CARTESIAN_POINT('Ctrl Pts',(17.1296569819485,27.7266895483668,2.));
#7105=CARTESIAN_POINT('Ctrl Pts',(17.1296569819485,27.7266895483668,3.8));
#7106=CARTESIAN_POINT('Ctrl Pts',(17.0831216181758,27.6941555650296,2.));
#7107=CARTESIAN_POINT('Ctrl Pts',(17.0831216181758,27.6941555650296,3.8));
#7108=CARTESIAN_POINT('Ctrl Pts',(16.9952153158259,27.6326981712537,2.));
#7109=CARTESIAN_POINT('Ctrl Pts',(16.9952153158259,27.6326981712537,3.8));
#7110=CARTESIAN_POINT('Ctrl Pts',(16.8975487792156,27.5884475973178,2.));
#7111=CARTESIAN_POINT('Ctrl Pts',(16.8975487792156,27.5884475973178,3.8));
#7112=CARTESIAN_POINT('Ctrl Pts',(16.8515844264998,27.5676221533238,2.));
#7113=CARTESIAN_POINT('Ctrl Pts',(16.8515844264998,27.5676221533238,3.8));
#7114=CARTESIAN_POINT('',(17.1296569819485,27.7266895483668,2.));
#7115=CARTESIAN_POINT('Ctrl Pts',(16.8515844264998,27.5676221533238,2.));
#7116=CARTESIAN_POINT('Ctrl Pts',(16.8975487792156,27.5884475973178,2.));
#7117=CARTESIAN_POINT('Ctrl Pts',(16.9952153158259,27.6326981712537,2.));
#7118=CARTESIAN_POINT('Ctrl Pts',(17.0831216181758,27.6941555650296,2.));
#7119=CARTESIAN_POINT('Ctrl Pts',(17.1296569819485,27.7266895483668,2.));
#7120=CARTESIAN_POINT('',(17.1296569819485,27.7266895483668,3.5));
#7121=CARTESIAN_POINT('Ctrl Pts',(17.1296569819485,27.7266895483668,3.5));
#7122=CARTESIAN_POINT('Ctrl Pts',(17.0831216181758,27.6941555650296,3.5));
#7123=CARTESIAN_POINT('Ctrl Pts',(16.9952153158259,27.6326981712537,3.5));
#7124=CARTESIAN_POINT('Ctrl Pts',(16.8975487792156,27.5884475973178,3.5));
#7125=CARTESIAN_POINT('Ctrl Pts',(16.8515844264998,27.5676221533238,3.5));
#7126=CARTESIAN_POINT('',(17.1296569819485,27.7266895483668,2.));
#7127=CARTESIAN_POINT('Origin',(17.3814756378017,27.3691884142741,2.));
#7128=CARTESIAN_POINT('',(17.3814756378017,27.3691884142741,2.));
#7129=CARTESIAN_POINT('',(17.1296569819485,27.7266895483668,2.));
#7130=CARTESIAN_POINT('',(17.3814756378017,27.3691884142741,3.5));
#7131=CARTESIAN_POINT('',(17.1296569819485,27.7266895483668,3.5));
#7132=CARTESIAN_POINT('',(17.3814756378017,27.3691884142741,2.));
#7133=CARTESIAN_POINT('Ctrl Pts',(16.3221028018719,26.8653940401619,2.));
#7134=CARTESIAN_POINT('Ctrl Pts',(16.3221028018719,26.8653940401619,3.8));
#7135=CARTESIAN_POINT('Ctrl Pts',(16.5154485023096,26.8902769701485,2.));
#7136=CARTESIAN_POINT('Ctrl Pts',(16.5154485023096,26.8902769701485,3.8));
#7137=CARTESIAN_POINT('Ctrl Pts',(16.9220704028024,26.9426078172171,2.));
#7138=CARTESIAN_POINT('Ctrl Pts',(16.9220704028024,26.9426078172171,3.8));
#7139=CARTESIAN_POINT('Ctrl Pts',(17.2234170750807,27.2224231819284,2.));
#7140=CARTESIAN_POINT('Ctrl Pts',(17.2234170750807,27.2224231819284,3.8));
#7141=CARTESIAN_POINT('Ctrl Pts',(17.3814756378017,27.3691884142741,2.));
#7142=CARTESIAN_POINT('Ctrl Pts',(17.3814756378017,27.3691884142741,3.8));
#7143=CARTESIAN_POINT('',(16.3221028018719,26.8653940401619,2.));
#7144=CARTESIAN_POINT('Ctrl Pts',(17.3814756378017,27.3691884142741,2.));
#7145=CARTESIAN_POINT('Ctrl Pts',(17.2234170750807,27.2224231819284,2.));
#7146=CARTESIAN_POINT('Ctrl Pts',(16.9220704028024,26.9426078172171,2.));
#7147=CARTESIAN_POINT('Ctrl Pts',(16.5154485023096,26.8902769701485,2.));
#7148=CARTESIAN_POINT('Ctrl Pts',(16.3221028018719,26.8653940401619,2.));
#7149=CARTESIAN_POINT('',(16.3221028018719,26.8653940401619,3.5));
#7150=CARTESIAN_POINT('Ctrl Pts',(16.3221028018719,26.8653940401619,3.5));
#7151=CARTESIAN_POINT('Ctrl Pts',(16.5154485023096,26.8902769701485,3.5));
#7152=CARTESIAN_POINT('Ctrl Pts',(16.9220704028024,26.9426078172171,3.5));
#7153=CARTESIAN_POINT('Ctrl Pts',(17.2234170750807,27.2224231819284,3.5));
#7154=CARTESIAN_POINT('Ctrl Pts',(17.3814756378017,27.3691884142741,3.5));
#7155=CARTESIAN_POINT('',(16.3221028018719,26.8653940401619,2.));
#7156=CARTESIAN_POINT('Ctrl Pts',(15.0103374279081,27.9773785623392,2.));
#7157=CARTESIAN_POINT('Ctrl Pts',(15.0103374279081,27.9773785623392,3.8));
#7158=CARTESIAN_POINT('Ctrl Pts',(15.1495118969479,27.6536653068675,2.));
#7159=CARTESIAN_POINT('Ctrl Pts',(15.1495118969479,27.6536653068675,3.8));
#7160=CARTESIAN_POINT('Ctrl Pts',(15.4061313132738,27.0567806393759,2.));
#7161=CARTESIAN_POINT('Ctrl Pts',(15.4061313132738,27.0567806393759,3.8));
#7162=CARTESIAN_POINT('Ctrl Pts',(16.0345153338885,26.9254836697618,2.));
#7163=CARTESIAN_POINT('Ctrl Pts',(16.0345153338885,26.9254836697618,3.8));
#7164=CARTESIAN_POINT('Ctrl Pts',(16.3221028018719,26.8653940401619,2.));
#7165=CARTESIAN_POINT('Ctrl Pts',(16.3221028018719,26.8653940401619,3.8));
#7166=CARTESIAN_POINT('',(15.0103374279081,27.9773785623392,2.));
#7167=CARTESIAN_POINT('Ctrl Pts',(16.3221028018719,26.8653940401619,2.));
#7168=CARTESIAN_POINT('Ctrl Pts',(16.0345153338885,26.9254836697618,2.));
#7169=CARTESIAN_POINT('Ctrl Pts',(15.4061313132738,27.0567806393759,2.));
#7170=CARTESIAN_POINT('Ctrl Pts',(15.1495118969479,27.6536653068675,2.));
#7171=CARTESIAN_POINT('Ctrl Pts',(15.0103374279081,27.9773785623392,2.));
#7172=CARTESIAN_POINT('',(15.0103374279081,27.9773785623392,3.5));
#7173=CARTESIAN_POINT('Ctrl Pts',(15.0103374279081,27.9773785623392,3.5));
#7174=CARTESIAN_POINT('Ctrl Pts',(15.1495118969479,27.6536653068675,3.5));
#7175=CARTESIAN_POINT('Ctrl Pts',(15.4061313132738,27.0567806393759,3.5));
#7176=CARTESIAN_POINT('Ctrl Pts',(16.0345153338885,26.9254836697618,3.5));
#7177=CARTESIAN_POINT('Ctrl Pts',(16.3221028018719,26.8653940401619,3.5));
#7178=CARTESIAN_POINT('',(15.0103374279081,27.9773785623392,2.));
#7179=CARTESIAN_POINT('Ctrl Pts',(14.0040957929643,27.142481934663,2.));
#7180=CARTESIAN_POINT('Ctrl Pts',(14.0040957929643,27.142481934663,3.8));
#7181=CARTESIAN_POINT('Ctrl Pts',(14.1624240278224,27.2448732020819,2.));
#7182=CARTESIAN_POINT('Ctrl Pts',(14.1624240278224,27.2448732020819,3.8));
#7183=CARTESIAN_POINT('Ctrl Pts',(14.5305205502145,27.4829221482724,2.));
#7184=CARTESIAN_POINT('Ctrl Pts',(14.5305205502145,27.4829221482724,3.8));
#7185=CARTESIAN_POINT('Ctrl Pts',(14.8361611101348,27.7978880077019,2.));
#7186=CARTESIAN_POINT('Ctrl Pts',(14.8361611101348,27.7978880077019,3.8));
#7187=CARTESIAN_POINT('Ctrl Pts',(15.0103374279081,27.9773785623392,2.));
#7188=CARTESIAN_POINT('Ctrl Pts',(15.0103374279081,27.9773785623392,3.8));
#7189=CARTESIAN_POINT('',(14.0040957929643,27.142481934663,2.));
#7190=CARTESIAN_POINT('Ctrl Pts',(15.0103374279081,27.9773785623392,2.));
#7191=CARTESIAN_POINT('Ctrl Pts',(14.8361611101348,27.7978880077019,2.));
#7192=CARTESIAN_POINT('Ctrl Pts',(14.5305205502145,27.4829221482724,2.));
#7193=CARTESIAN_POINT('Ctrl Pts',(14.1624240278224,27.2448732020819,2.));
#7194=CARTESIAN_POINT('Ctrl Pts',(14.0040957929643,27.142481934663,2.));
#7195=CARTESIAN_POINT('',(14.0040957929643,27.142481934663,3.5));
#7196=CARTESIAN_POINT('Ctrl Pts',(14.0040957929643,27.142481934663,3.5));
#7197=CARTESIAN_POINT('Ctrl Pts',(14.1624240278224,27.2448732020819,3.5));
#7198=CARTESIAN_POINT('Ctrl Pts',(14.5305205502145,27.4829221482724,3.5));
#7199=CARTESIAN_POINT('Ctrl Pts',(14.8361611101348,27.7978880077019,3.5));
#7200=CARTESIAN_POINT('Ctrl Pts',(15.0103374279081,27.9773785623392,3.5));
#7201=CARTESIAN_POINT('',(14.0040957929643,27.142481934663,2.));
#7202=CARTESIAN_POINT('Ctrl Pts',(12.7459448886762,26.8637630065669,2.));
#7203=CARTESIAN_POINT('Ctrl Pts',(12.7459448886762,26.8637630065669,3.8));
#7204=CARTESIAN_POINT('Ctrl Pts',(12.9777837661714,26.8723510304554,2.));
#7205=CARTESIAN_POINT('Ctrl Pts',(12.9777837661714,26.8723510304554,3.8));
#7206=CARTESIAN_POINT('Ctrl Pts',(13.4147768773092,26.8885385970883,2.));
#7207=CARTESIAN_POINT('Ctrl Pts',(13.4147768773092,26.8885385970883,3.8));
#7208=CARTESIAN_POINT('Ctrl Pts',(13.8158192681214,27.0613517217419,2.));
#7209=CARTESIAN_POINT('Ctrl Pts',(13.8158192681214,27.0613517217419,3.8));
#7210=CARTESIAN_POINT('Ctrl Pts',(14.0040957929643,27.142481934663,2.));
#7211=CARTESIAN_POINT('Ctrl Pts',(14.0040957929643,27.142481934663,3.8));
#7212=CARTESIAN_POINT('',(12.7459448886762,26.8637630065669,2.));
#7213=CARTESIAN_POINT('Ctrl Pts',(14.0040957929643,27.142481934663,2.));
#7214=CARTESIAN_POINT('Ctrl Pts',(13.8158192681214,27.0613517217419,2.));
#7215=CARTESIAN_POINT('Ctrl Pts',(13.4147768773092,26.8885385970883,2.));
#7216=CARTESIAN_POINT('Ctrl Pts',(12.9777837661714,26.8723510304554,2.));
#7217=CARTESIAN_POINT('Ctrl Pts',(12.7459448886762,26.8637630065669,2.));
#7218=CARTESIAN_POINT('',(12.7459448886762,26.8637630065669,3.5));
#7219=CARTESIAN_POINT('Ctrl Pts',(12.7459448886762,26.8637630065669,3.5));
#7220=CARTESIAN_POINT('Ctrl Pts',(12.9777837661714,26.8723510304554,3.5));
#7221=CARTESIAN_POINT('Ctrl Pts',(13.4147768773092,26.8885385970883,3.5));
#7222=CARTESIAN_POINT('Ctrl Pts',(13.8158192681214,27.0613517217419,3.5));
#7223=CARTESIAN_POINT('Ctrl Pts',(14.0040957929643,27.142481934663,3.5));
#7224=CARTESIAN_POINT('',(12.7459448886762,26.8637630065669,2.));
#7225=CARTESIAN_POINT('Ctrl Pts',(11.3153000206663,27.2604613397007,2.));
#7226=CARTESIAN_POINT('Ctrl Pts',(11.3153000206663,27.2604613397007,3.8));
#7227=CARTESIAN_POINT('Ctrl Pts',(11.5158557016784,27.1449085380463,2.));
#7228=CARTESIAN_POINT('Ctrl Pts',(11.5158557016784,27.1449085380463,3.8));
#7229=CARTESIAN_POINT('Ctrl Pts',(11.9569482578533,26.8907672422343,2.));
#7230=CARTESIAN_POINT('Ctrl Pts',(11.9569482578533,26.8907672422343,3.8));
#7231=CARTESIAN_POINT('Ctrl Pts',(12.4675197277795,26.8732923991738,2.));
#7232=CARTESIAN_POINT('Ctrl Pts',(12.4675197277795,26.8732923991738,3.8));
#7233=CARTESIAN_POINT('Ctrl Pts',(12.7459448886762,26.8637630065669,2.));
#7234=CARTESIAN_POINT('Ctrl Pts',(12.7459448886762,26.8637630065669,3.8));
#7235=CARTESIAN_POINT('',(11.3153000206663,27.2604613397007,2.));
#7236=CARTESIAN_POINT('Ctrl Pts',(12.7459448886762,26.8637630065669,2.));
#7237=CARTESIAN_POINT('Ctrl Pts',(12.4675197277795,26.8732923991738,2.));
#7238=CARTESIAN_POINT('Ctrl Pts',(11.9569482578533,26.8907672422343,2.));
#7239=CARTESIAN_POINT('Ctrl Pts',(11.5158557016784,27.1449085380463,2.));
#7240=CARTESIAN_POINT('Ctrl Pts',(11.3153000206663,27.2604613397007,2.));
#7241=CARTESIAN_POINT('',(11.3153000206663,27.2604613397007,3.5));
#7242=CARTESIAN_POINT('Ctrl Pts',(11.3153000206663,27.2604613397007,3.5));
#7243=CARTESIAN_POINT('Ctrl Pts',(11.5158557016784,27.1449085380463,3.5));
#7244=CARTESIAN_POINT('Ctrl Pts',(11.9569482578533,26.8907672422343,3.5));
#7245=CARTESIAN_POINT('Ctrl Pts',(12.4675197277795,26.8732923991738,3.5));
#7246=CARTESIAN_POINT('Ctrl Pts',(12.7459448886762,26.8637630065669,3.5));
#7247=CARTESIAN_POINT('',(11.3153000206663,27.2604613397007,2.));
#7248=CARTESIAN_POINT('Ctrl Pts',(10.8115056465541,28.3198341756305,2.));
#7249=CARTESIAN_POINT('Ctrl Pts',(10.8115056465541,28.3198341756305,3.8));
#7250=CARTESIAN_POINT('Ctrl Pts',(10.831773057828,28.1107658127655,2.));
#7251=CARTESIAN_POINT('Ctrl Pts',(10.831773057828,28.1107658127655,3.8));
#7252=CARTESIAN_POINT('Ctrl Pts',(10.8719306329826,27.696520580321,2.));
#7253=CARTESIAN_POINT('Ctrl Pts',(10.8719306329826,27.696520580321,3.8));
#7254=CARTESIAN_POINT('Ctrl Pts',(11.1684387079442,27.4049012452987,2.));
#7255=CARTESIAN_POINT('Ctrl Pts',(11.1684387079442,27.4049012452987,3.8));
#7256=CARTESIAN_POINT('Ctrl Pts',(11.3153000206663,27.2604613397007,2.));
#7257=CARTESIAN_POINT('Ctrl Pts',(11.3153000206663,27.2604613397007,3.8));
#7258=CARTESIAN_POINT('',(10.8115056465541,28.3198341756305,2.));
#7259=CARTESIAN_POINT('Ctrl Pts',(11.3153000206663,27.2604613397007,2.));
#7260=CARTESIAN_POINT('Ctrl Pts',(11.1684387079442,27.4049012452987,2.));
#7261=CARTESIAN_POINT('Ctrl Pts',(10.8719306329826,27.696520580321,2.));
#7262=CARTESIAN_POINT('Ctrl Pts',(10.831773057828,28.1107658127655,2.));
#7263=CARTESIAN_POINT('Ctrl Pts',(10.8115056465541,28.3198341756305,2.));
#7264=CARTESIAN_POINT('',(10.8115056465541,28.3198341756305,3.5));
#7265=CARTESIAN_POINT('Ctrl Pts',(10.8115056465541,28.3198341756305,3.5));
#7266=CARTESIAN_POINT('Ctrl Pts',(10.831773057828,28.1107658127655,3.5));
#7267=CARTESIAN_POINT('Ctrl Pts',(10.8719306329826,27.696520580321,3.5));
#7268=CARTESIAN_POINT('Ctrl Pts',(11.1684387079442,27.4049012452987,3.5));
#7269=CARTESIAN_POINT('Ctrl Pts',(11.3153000206663,27.2604613397007,3.5));
#7270=CARTESIAN_POINT('',(10.8115056465541,28.3198341756305,2.));
#7271=CARTESIAN_POINT('Ctrl Pts',(11.8968726247102,29.9097337055862,2.));
#7272=CARTESIAN_POINT('Ctrl Pts',(11.8968726247102,29.9097337055862,3.8));
#7273=CARTESIAN_POINT('Ctrl Pts',(11.5809940580591,29.6977467838753,2.));
#7274=CARTESIAN_POINT('Ctrl Pts',(11.5809940580591,29.6977467838753,3.8));
#7275=CARTESIAN_POINT('Ctrl Pts',(11.0012868681894,29.3087037918896,2.));
#7276=CARTESIAN_POINT('Ctrl Pts',(11.0012868681894,29.3087037918896,3.8));
#7277=CARTESIAN_POINT('Ctrl Pts',(10.87086260288,28.6291181507177,2.));
#7278=CARTESIAN_POINT('Ctrl Pts',(10.87086260288,28.6291181507177,3.8));
#7279=CARTESIAN_POINT('Ctrl Pts',(10.8115056465541,28.3198341756305,2.));
#7280=CARTESIAN_POINT('Ctrl Pts',(10.8115056465541,28.3198341756305,3.8));
#7281=CARTESIAN_POINT('',(11.8968726247102,29.9097337055862,2.));
#7282=CARTESIAN_POINT('Ctrl Pts',(10.8115056465541,28.3198341756305,2.));
#7283=CARTESIAN_POINT('Ctrl Pts',(10.87086260288,28.6291181507177,2.));
#7284=CARTESIAN_POINT('Ctrl Pts',(11.0012868681894,29.3087037918896,2.));
#7285=CARTESIAN_POINT('Ctrl Pts',(11.5809940580591,29.6977467838753,2.));
#7286=CARTESIAN_POINT('Ctrl Pts',(11.8968726247102,29.9097337055862,2.));
#7287=CARTESIAN_POINT('',(11.8968726247102,29.9097337055862,3.5));
#7288=CARTESIAN_POINT('Ctrl Pts',(11.8968726247102,29.9097337055862,3.5));
#7289=CARTESIAN_POINT('Ctrl Pts',(11.5809940580591,29.6977467838753,3.5));
#7290=CARTESIAN_POINT('Ctrl Pts',(11.0012868681894,29.3087037918896,3.5));
#7291=CARTESIAN_POINT('Ctrl Pts',(10.87086260288,28.6291181507177,3.5));
#7292=CARTESIAN_POINT('Ctrl Pts',(10.8115056465541,28.3198341756305,3.5));
#7293=CARTESIAN_POINT('',(11.8968726247102,29.9097337055862,2.));
#7294=CARTESIAN_POINT('Ctrl Pts',(14.9560705445768,30.798545654728,2.));
#7295=CARTESIAN_POINT('Ctrl Pts',(14.9560705445768,30.798545654728,3.8));
#7296=CARTESIAN_POINT('Ctrl Pts',(14.36451312639,30.7195735411162,2.));
#7297=CARTESIAN_POINT('Ctrl Pts',(14.36451312639,30.7195735411162,3.8));
#7298=CARTESIAN_POINT('Ctrl Pts',(13.2981421285401,30.5772144581168,2.));
#7299=CARTESIAN_POINT('Ctrl Pts',(13.2981421285401,30.5772144581168,3.8));
#7300=CARTESIAN_POINT('Ctrl Pts',(12.3285806750593,30.1153735297121,2.));
#7301=CARTESIAN_POINT('Ctrl Pts',(12.3285806750593,30.1153735297121,3.8));
#7302=CARTESIAN_POINT('Ctrl Pts',(11.8968726247102,29.9097337055862,2.));
#7303=CARTESIAN_POINT('Ctrl Pts',(11.8968726247102,29.9097337055862,3.8));
#7304=CARTESIAN_POINT('',(14.9560705445768,30.798545654728,2.));
#7305=CARTESIAN_POINT('Ctrl Pts',(11.8968726247102,29.9097337055862,2.));
#7306=CARTESIAN_POINT('Ctrl Pts',(12.3285806750593,30.1153735297121,2.));
#7307=CARTESIAN_POINT('Ctrl Pts',(13.2981421285401,30.5772144581168,2.));
#7308=CARTESIAN_POINT('Ctrl Pts',(14.36451312639,30.7195735411162,2.));
#7309=CARTESIAN_POINT('Ctrl Pts',(14.9560705445768,30.798545654728,2.));
#7310=CARTESIAN_POINT('',(14.9560705445768,30.798545654728,3.5));
#7311=CARTESIAN_POINT('Ctrl Pts',(14.9560705445768,30.798545654728,3.5));
#7312=CARTESIAN_POINT('Ctrl Pts',(14.36451312639,30.7195735411162,3.5));
#7313=CARTESIAN_POINT('Ctrl Pts',(13.2981421285401,30.5772144581168,3.5));
#7314=CARTESIAN_POINT('Ctrl Pts',(12.3285806750593,30.1153735297121,3.5));
#7315=CARTESIAN_POINT('Ctrl Pts',(11.8968726247102,29.9097337055862,3.5));
#7316=CARTESIAN_POINT('',(14.9560705445768,30.798545654728,2.));
#7317=CARTESIAN_POINT('Origin',(14.9556476837936,31.7256981919646,2.));
#7318=CARTESIAN_POINT('',(14.9556476837936,31.7256981919646,2.));
#7319=CARTESIAN_POINT('',(14.9560705445768,30.798545654728,2.));
#7320=CARTESIAN_POINT('',(14.9556476837936,31.7256981919646,3.5));
#7321=CARTESIAN_POINT('',(14.9560705445768,30.798545654728,3.5));
#7322=CARTESIAN_POINT('',(14.9556476837936,31.7256981919646,2.));
#7323=CARTESIAN_POINT('Ctrl Pts',(14.5446468561894,32.6129280299918,2.));
#7324=CARTESIAN_POINT('Ctrl Pts',(14.5446468561894,32.6129280299918,3.8));
#7325=CARTESIAN_POINT('Ctrl Pts',(14.6644599843798,32.4895703486855,2.));
#7326=CARTESIAN_POINT('Ctrl Pts',(14.6644599843798,32.4895703486855,3.8));
#7327=CARTESIAN_POINT('Ctrl Pts',(14.9050073417256,32.2419066352449,2.));
#7328=CARTESIAN_POINT('Ctrl Pts',(14.9050073417256,32.2419066352449,3.8));
#7329=CARTESIAN_POINT('Ctrl Pts',(14.9387245332867,31.8982063706586,2.));
#7330=CARTESIAN_POINT('Ctrl Pts',(14.9387245332867,31.8982063706586,3.8));
#7331=CARTESIAN_POINT('Ctrl Pts',(14.9556476837936,31.7256981919646,2.));
#7332=CARTESIAN_POINT('Ctrl Pts',(14.9556476837936,31.7256981919646,3.8));
#7333=CARTESIAN_POINT('',(14.5446468561894,32.6129280299918,2.));
#7334=CARTESIAN_POINT('Ctrl Pts',(14.9556476837936,31.7256981919646,2.));
#7335=CARTESIAN_POINT('Ctrl Pts',(14.9387245332867,31.8982063706586,2.));
#7336=CARTESIAN_POINT('Ctrl Pts',(14.9050073417256,32.2419066352449,2.));
#7337=CARTESIAN_POINT('Ctrl Pts',(14.6644599843798,32.4895703486855,2.));
#7338=CARTESIAN_POINT('Ctrl Pts',(14.5446468561894,32.6129280299918,2.));
#7339=CARTESIAN_POINT('',(14.5446468561894,32.6129280299918,3.5));
#7340=CARTESIAN_POINT('Ctrl Pts',(14.5446468561894,32.6129280299918,3.5));
#7341=CARTESIAN_POINT('Ctrl Pts',(14.6644599843798,32.4895703486855,3.5));
#7342=CARTESIAN_POINT('Ctrl Pts',(14.9050073417256,32.2419066352449,3.5));
#7343=CARTESIAN_POINT('Ctrl Pts',(14.9387245332867,31.8982063706586,3.5));
#7344=CARTESIAN_POINT('Ctrl Pts',(14.9556476837936,31.7256981919646,3.5));
#7345=CARTESIAN_POINT('',(14.5446468561894,32.6129280299918,2.));
#7346=CARTESIAN_POINT('Ctrl Pts',(13.5378675840263,32.9568394919917,2.));
#7347=CARTESIAN_POINT('Ctrl Pts',(13.5378675840263,32.9568394919917,3.8));
#7348=CARTESIAN_POINT('Ctrl Pts',(13.7291982632438,32.9450466094103,2.));
#7349=CARTESIAN_POINT('Ctrl Pts',(13.7291982632438,32.9450466094103,3.8));
#7350=CARTESIAN_POINT('Ctrl Pts',(14.0969808368723,32.9223779149593,2.));
#7351=CARTESIAN_POINT('Ctrl Pts',(14.0969808368723,32.9223779149593,3.8));
#7352=CARTESIAN_POINT('Ctrl Pts',(14.3995044188563,32.7132579826765,2.));
#7353=CARTESIAN_POINT('Ctrl Pts',(14.3995044188563,32.7132579826765,3.8));
#7354=CARTESIAN_POINT('Ctrl Pts',(14.5446468561894,32.6129280299918,2.));
#7355=CARTESIAN_POINT('Ctrl Pts',(14.5446468561894,32.6129280299918,3.8));
#7356=CARTESIAN_POINT('',(13.5378675840263,32.9568394919917,2.));
#7357=CARTESIAN_POINT('Ctrl Pts',(14.5446468561894,32.6129280299918,2.));
#7358=CARTESIAN_POINT('Ctrl Pts',(14.3995044188563,32.7132579826765,2.));
#7359=CARTESIAN_POINT('Ctrl Pts',(14.0969808368723,32.9223779149593,2.));
#7360=CARTESIAN_POINT('Ctrl Pts',(13.7291982632438,32.9450466094103,2.));
#7361=CARTESIAN_POINT('Ctrl Pts',(13.5378675840263,32.9568394919917,2.));
#7362=CARTESIAN_POINT('',(13.5378675840263,32.9568394919917,3.5));
#7363=CARTESIAN_POINT('Ctrl Pts',(13.5378675840263,32.9568394919917,3.5));
#7364=CARTESIAN_POINT('Ctrl Pts',(13.7291982632438,32.9450466094103,3.5));
#7365=CARTESIAN_POINT('Ctrl Pts',(14.0969808368723,32.9223779149593,3.5));
#7366=CARTESIAN_POINT('Ctrl Pts',(14.3995044188563,32.7132579826765,3.5));
#7367=CARTESIAN_POINT('Ctrl Pts',(14.5446468561894,32.6129280299918,3.5));
#7368=CARTESIAN_POINT('',(13.5378675840263,32.9568394919917,2.));
#7369=CARTESIAN_POINT('Ctrl Pts',(12.6240570432576,32.744502552084,2.));
#7370=CARTESIAN_POINT('Ctrl Pts',(12.6240570432576,32.744502552084,3.8));
#7371=CARTESIAN_POINT('Ctrl Pts',(12.7643292917538,32.8063549193176,2.));
#7372=CARTESIAN_POINT('Ctrl Pts',(12.7643292917538,32.8063549193176,3.8));
#7373=CARTESIAN_POINT('Ctrl Pts',(13.0552961394846,32.9346553387632,2.));
#7374=CARTESIAN_POINT('Ctrl Pts',(13.0552961394846,32.9346553387632,3.8));
#7375=CARTESIAN_POINT('Ctrl Pts',(13.3732145201536,32.9492702732992,2.));
#7376=CARTESIAN_POINT('Ctrl Pts',(13.3732145201536,32.9492702732992,3.8));
#7377=CARTESIAN_POINT('Ctrl Pts',(13.5378675840263,32.9568394919917,2.));
#7378=CARTESIAN_POINT('Ctrl Pts',(13.5378675840263,32.9568394919917,3.8));
#7379=CARTESIAN_POINT('',(12.6240570432576,32.744502552084,2.));
#7380=CARTESIAN_POINT('Ctrl Pts',(13.5378675840263,32.9568394919917,2.));
#7381=CARTESIAN_POINT('Ctrl Pts',(13.3732145201536,32.9492702732992,2.));
#7382=CARTESIAN_POINT('Ctrl Pts',(13.0552961394846,32.9346553387632,2.));
#7383=CARTESIAN_POINT('Ctrl Pts',(12.7643292917538,32.8063549193176,2.));
#7384=CARTESIAN_POINT('Ctrl Pts',(12.6240570432576,32.744502552084,2.));
#7385=CARTESIAN_POINT('',(12.6240570432576,32.744502552084,3.5));
#7386=CARTESIAN_POINT('Ctrl Pts',(12.6240570432576,32.744502552084,3.5));
#7387=CARTESIAN_POINT('Ctrl Pts',(12.7643292917538,32.8063549193176,3.5));
#7388=CARTESIAN_POINT('Ctrl Pts',(13.0552961394846,32.9346553387632,3.5));
#7389=CARTESIAN_POINT('Ctrl Pts',(13.3732145201536,32.9492702732992,3.5));
#7390=CARTESIAN_POINT('Ctrl Pts',(13.5378675840263,32.9568394919917,3.5));
#7391=CARTESIAN_POINT('',(12.6240570432576,32.744502552084,2.));
#7392=CARTESIAN_POINT('Ctrl Pts',(12.240126824411,32.3602213671464,2.));
#7393=CARTESIAN_POINT('Ctrl Pts',(12.240126824411,32.3602213671464,3.8));
#7394=CARTESIAN_POINT('Ctrl Pts',(12.2671096265256,32.4275533053332,2.));
#7395=CARTESIAN_POINT('Ctrl Pts',(12.2671096265256,32.4275533053332,3.8));
#7396=CARTESIAN_POINT('Ctrl Pts',(12.3384436741203,32.605557786219,2.));
#7397=CARTESIAN_POINT('Ctrl Pts',(12.3384436741203,32.605557786219,3.8));
#7398=CARTESIAN_POINT('Ctrl Pts',(12.5145590395761,32.6912341265542,2.));
#7399=CARTESIAN_POINT('Ctrl Pts',(12.5145590395761,32.6912341265542,3.8));
#7400=CARTESIAN_POINT('Ctrl Pts',(12.6240570432576,32.744502552084,2.));
#7401=CARTESIAN_POINT('Ctrl Pts',(12.6240570432576,32.744502552084,3.8));
#7402=CARTESIAN_POINT('Ctrl Pts',(12.6240570432576,32.744502552084,2.));
#7403=CARTESIAN_POINT('Ctrl Pts',(12.5145590395761,32.6912341265542,2.));
#7404=CARTESIAN_POINT('Ctrl Pts',(12.3384436741203,32.605557786219,2.));
#7405=CARTESIAN_POINT('Ctrl Pts',(12.2671096265256,32.4275533053332,2.));
#7406=CARTESIAN_POINT('Ctrl Pts',(12.240126824411,32.3602213671464,2.));
#7407=CARTESIAN_POINT('Ctrl Pts',(12.240126824411,32.3602213671464,3.5));
#7408=CARTESIAN_POINT('Ctrl Pts',(12.2671096265256,32.4275533053332,3.5));
#7409=CARTESIAN_POINT('Ctrl Pts',(12.3384436741203,32.605557786219,3.5));
#7410=CARTESIAN_POINT('Ctrl Pts',(12.5145590395761,32.6912341265542,3.5));
#7411=CARTESIAN_POINT('Ctrl Pts',(12.6240570432576,32.744502552084,3.5));
#7412=CARTESIAN_POINT('Origin',(28.1695875639095,30.7397651104091,3.5));
#7413=CARTESIAN_POINT('Origin',(28.1695875639095,30.7397651104091,2.));
#7414=CARTESIAN_POINT('Origin',(23.511236918463,33.266023995496,2.));
#7415=CARTESIAN_POINT('',(23.5114543895908,32.7892029801397,2.));
#7416=CARTESIAN_POINT('',(23.511236918463,33.266023995496,2.));
#7417=CARTESIAN_POINT('',(23.5114543895908,32.7892029801397,2.));
#7418=CARTESIAN_POINT('',(23.5114543895908,32.7892029801397,3.5));
#7419=CARTESIAN_POINT('',(23.5114543895908,32.7892029801397,2.));
#7420=CARTESIAN_POINT('',(23.511236918463,33.266023995496,3.5));
#7421=CARTESIAN_POINT('',(23.5114543895908,32.7892029801397,3.5));
#7422=CARTESIAN_POINT('',(23.511236918463,33.266023995496,2.));
#7423=CARTESIAN_POINT('Origin',(25.736353727179,33.3729992190302,2.));
#7424=CARTESIAN_POINT('',(25.736353727179,33.3729992190302,2.));
#7425=CARTESIAN_POINT('',(23.511236918463,33.266023995496,2.));
#7426=CARTESIAN_POINT('',(25.736353727179,33.3729992190302,3.5));
#7427=CARTESIAN_POINT('',(23.511236918463,33.266023995496,3.5));
#7428=CARTESIAN_POINT('',(25.736353727179,33.3729992190302,2.));
#7429=CARTESIAN_POINT('Origin',(25.7374954508043,30.8696884413746,2.));
#7430=CARTESIAN_POINT('',(25.7374954508043,30.8696884413746,2.));
#7431=CARTESIAN_POINT('',(25.736353727179,33.3729992190302,2.));
#7432=CARTESIAN_POINT('',(25.7374954508043,30.8696884413746,3.5));
#7433=CARTESIAN_POINT('',(25.736353727179,33.3729992190302,3.5));
#7434=CARTESIAN_POINT('',(25.7374954508043,30.8696884413746,2.));
#7435=CARTESIAN_POINT('Ctrl Pts',(26.6108088138645,32.7508817060746,2.));
#7436=CARTESIAN_POINT('Ctrl Pts',(26.6108088138645,32.7508817060746,3.8));
#7437=CARTESIAN_POINT('Ctrl Pts',(26.4428374629954,32.4957612561836,2.));
#7438=CARTESIAN_POINT('Ctrl Pts',(26.4428374629954,32.4957612561836,3.8));
#7439=CARTESIAN_POINT('Ctrl Pts',(26.0591555383217,31.913012443774,2.));
#7440=CARTESIAN_POINT('Ctrl Pts',(26.0591555383217,31.913012443774,3.8));
#7441=CARTESIAN_POINT('Ctrl Pts',(25.8532551278516,31.2451619746489,2.));
#7442=CARTESIAN_POINT('Ctrl Pts',(25.8532551278516,31.2451619746489,3.8));
#7443=CARTESIAN_POINT('Ctrl Pts',(25.7374954508043,30.8696884413747,2.));
#7444=CARTESIAN_POINT('Ctrl Pts',(25.7374954508043,30.8696884413747,3.8));
#7445=CARTESIAN_POINT('',(26.6108088138645,32.7508817060746,2.));
#7446=CARTESIAN_POINT('Ctrl Pts',(25.7374954508043,30.8696884413747,2.));
#7447=CARTESIAN_POINT('Ctrl Pts',(25.8532551278516,31.2451619746489,2.));
#7448=CARTESIAN_POINT('Ctrl Pts',(26.0591555383217,31.913012443774,2.));
#7449=CARTESIAN_POINT('Ctrl Pts',(26.4428374629954,32.4957612561836,2.));
#7450=CARTESIAN_POINT('Ctrl Pts',(26.6108088138645,32.7508817060746,2.));
#7451=CARTESIAN_POINT('',(26.6108088138645,32.7508817060746,3.5));
#7452=CARTESIAN_POINT('Ctrl Pts',(26.6108088138645,32.7508817060746,3.5));
#7453=CARTESIAN_POINT('Ctrl Pts',(26.4428374629954,32.4957612561836,3.5));
#7454=CARTESIAN_POINT('Ctrl Pts',(26.0591555383217,31.913012443774,3.5));
#7455=CARTESIAN_POINT('Ctrl Pts',(25.8532551278516,31.2451619746489,3.5));
#7456=CARTESIAN_POINT('Ctrl Pts',(25.7374954508043,30.8696884413747,3.5));
#7457=CARTESIAN_POINT('',(26.6108088138645,32.7508817060746,2.));
#7458=CARTESIAN_POINT('Ctrl Pts',(27.8555585047833,33.3739657574971,2.));
#7459=CARTESIAN_POINT('Ctrl Pts',(27.8555585047833,33.3739657574971,3.8));
#7460=CARTESIAN_POINT('Ctrl Pts',(27.6164964151209,33.3456956811071,2.));
#7461=CARTESIAN_POINT('Ctrl Pts',(27.6164964151209,33.3456956811071,3.8));
#7462=CARTESIAN_POINT('Ctrl Pts',(27.1275443964553,33.2878750917438,2.));
#7463=CARTESIAN_POINT('Ctrl Pts',(27.1275443964553,33.2878750917438,3.8));
#7464=CARTESIAN_POINT('Ctrl Pts',(26.7855782871659,32.9325027407809,2.));
#7465=CARTESIAN_POINT('Ctrl Pts',(26.7855782871659,32.9325027407809,3.8));
#7466=CARTESIAN_POINT('Ctrl Pts',(26.6108088138645,32.7508817060746,2.));
#7467=CARTESIAN_POINT('Ctrl Pts',(26.6108088138645,32.7508817060746,3.8));
#7468=CARTESIAN_POINT('',(27.8555585047833,33.3739657574971,2.));
#7469=CARTESIAN_POINT('Ctrl Pts',(26.6108088138645,32.7508817060746,2.));
#7470=CARTESIAN_POINT('Ctrl Pts',(26.7855782871659,32.9325027407809,2.));
#7471=CARTESIAN_POINT('Ctrl Pts',(27.1275443964553,33.2878750917438,2.));
#7472=CARTESIAN_POINT('Ctrl Pts',(27.6164964151209,33.3456956811071,2.));
#7473=CARTESIAN_POINT('Ctrl Pts',(27.8555585047833,33.3739657574971,2.));
#7474=CARTESIAN_POINT('',(27.8555585047833,33.3739657574971,3.5));
#7475=CARTESIAN_POINT('Ctrl Pts',(27.8555585047833,33.3739657574971,3.5));
#7476=CARTESIAN_POINT('Ctrl Pts',(27.6164964151209,33.3456956811071,3.5));
#7477=CARTESIAN_POINT('Ctrl Pts',(27.1275443964553,33.2878750917438,3.5));
#7478=CARTESIAN_POINT('Ctrl Pts',(26.7855782871659,32.9325027407809,3.5));
#7479=CARTESIAN_POINT('Ctrl Pts',(26.6108088138645,32.7508817060746,3.5));
#7480=CARTESIAN_POINT('',(27.8555585047833,33.3739657574971,2.));
#7481=CARTESIAN_POINT('Ctrl Pts',(28.6504049790231,33.0564477310642,2.));
#7482=CARTESIAN_POINT('Ctrl Pts',(28.6504049790231,33.0564477310642,3.8));
#7483=CARTESIAN_POINT('Ctrl Pts',(28.5409981298204,33.1490640619002,2.));
#7484=CARTESIAN_POINT('Ctrl Pts',(28.5409981298204,33.1490640619002,3.8));
#7485=CARTESIAN_POINT('Ctrl Pts',(28.3121427504729,33.3427973215793,2.));
#7486=CARTESIAN_POINT('Ctrl Pts',(28.3121427504729,33.3427973215793,3.8));
#7487=CARTESIAN_POINT('Ctrl Pts',(28.0121410625686,33.3632767478253,2.));
#7488=CARTESIAN_POINT('Ctrl Pts',(28.0121410625686,33.3632767478253,3.8));
#7489=CARTESIAN_POINT('Ctrl Pts',(27.8555585047833,33.3739657574971,2.));
#7490=CARTESIAN_POINT('Ctrl Pts',(27.8555585047833,33.3739657574971,3.8));
#7491=CARTESIAN_POINT('',(28.6504049790231,33.0564477310642,2.));
#7492=CARTESIAN_POINT('Ctrl Pts',(27.8555585047833,33.3739657574971,2.));
#7493=CARTESIAN_POINT('Ctrl Pts',(28.0121410625686,33.3632767478253,2.));
#7494=CARTESIAN_POINT('Ctrl Pts',(28.3121427504729,33.3427973215793,2.));
#7495=CARTESIAN_POINT('Ctrl Pts',(28.5409981298204,33.1490640619002,2.));
#7496=CARTESIAN_POINT('Ctrl Pts',(28.6504049790231,33.0564477310642,2.));
#7497=CARTESIAN_POINT('',(28.6504049790231,33.0564477310642,3.5));
#7498=CARTESIAN_POINT('Ctrl Pts',(28.6504049790231,33.0564477310642,3.5));
#7499=CARTESIAN_POINT('Ctrl Pts',(28.5409981298204,33.1490640619002,3.5));
#7500=CARTESIAN_POINT('Ctrl Pts',(28.3121427504729,33.3427973215793,3.5));
#7501=CARTESIAN_POINT('Ctrl Pts',(28.0121410625686,33.3632767478253,3.5));
#7502=CARTESIAN_POINT('Ctrl Pts',(27.8555585047833,33.3739657574971,3.5));
#7503=CARTESIAN_POINT('',(28.6504049790231,33.0564477310642,2.));
#7504=CARTESIAN_POINT('Ctrl Pts',(28.9554285181498,32.2089044028634,2.));
#7505=CARTESIAN_POINT('Ctrl Pts',(28.9554285181498,32.2089044028634,3.8));
#7506=CARTESIAN_POINT('Ctrl Pts',(28.9462824524632,32.3761569126787,2.));
#7507=CARTESIAN_POINT('Ctrl Pts',(28.9462824524632,32.3761569126787,3.8));
#7508=CARTESIAN_POINT('Ctrl Pts',(28.9291011005095,32.6903493025827,2.));
#7509=CARTESIAN_POINT('Ctrl Pts',(28.9291011005095,32.6903493025827,3.8));
#7510=CARTESIAN_POINT('Ctrl Pts',(28.7392115478477,32.939790401525,2.));
#7511=CARTESIAN_POINT('Ctrl Pts',(28.7392115478477,32.939790401525,3.8));
#7512=CARTESIAN_POINT('Ctrl Pts',(28.6504049790231,33.0564477310642,2.));
#7513=CARTESIAN_POINT('Ctrl Pts',(28.6504049790231,33.0564477310642,3.8));
#7514=CARTESIAN_POINT('',(28.9554285181498,32.2089044028634,2.));
#7515=CARTESIAN_POINT('Ctrl Pts',(28.6504049790231,33.0564477310642,2.));
#7516=CARTESIAN_POINT('Ctrl Pts',(28.7392115478477,32.939790401525,2.));
#7517=CARTESIAN_POINT('Ctrl Pts',(28.9291011005095,32.6903493025827,2.));
#7518=CARTESIAN_POINT('Ctrl Pts',(28.9462824524632,32.3761569126787,2.));
#7519=CARTESIAN_POINT('Ctrl Pts',(28.9554285181498,32.2089044028634,2.));
#7520=CARTESIAN_POINT('',(28.9554285181498,32.2089044028634,3.5));
#7521=CARTESIAN_POINT('Ctrl Pts',(28.9554285181498,32.2089044028634,3.5));
#7522=CARTESIAN_POINT('Ctrl Pts',(28.9462824524632,32.3761569126787,3.5));
#7523=CARTESIAN_POINT('Ctrl Pts',(28.9291011005095,32.6903493025827,3.5));
#7524=CARTESIAN_POINT('Ctrl Pts',(28.7392115478477,32.939790401525,3.5));
#7525=CARTESIAN_POINT('Ctrl Pts',(28.6504049790231,33.0564477310642,3.5));
#7526=CARTESIAN_POINT('',(28.9554285181498,32.2089044028634,2.));
#7527=CARTESIAN_POINT('Ctrl Pts',(28.7570298325125,31.5995423264042,2.));
#7528=CARTESIAN_POINT('Ctrl Pts',(28.7570298325125,31.5995423264042,3.8));
#7529=CARTESIAN_POINT('Ctrl Pts',(28.8148995293407,31.6873092163601,2.));
#7530=CARTESIAN_POINT('Ctrl Pts',(28.8148995293407,31.6873092163601,3.8));
#7531=CARTESIAN_POINT('Ctrl Pts',(28.9365542417322,31.8718143432276,2.));
#7532=CARTESIAN_POINT('Ctrl Pts',(28.9365542417322,31.8718143432276,3.8));
#7533=CARTESIAN_POINT('Ctrl Pts',(28.9489364032814,32.0929567850728,2.));
#7534=CARTESIAN_POINT('Ctrl Pts',(28.9489364032814,32.0929567850728,3.8));
#7535=CARTESIAN_POINT('Ctrl Pts',(28.9554285181498,32.2089044028634,2.));
#7536=CARTESIAN_POINT('Ctrl Pts',(28.9554285181498,32.2089044028634,3.8));
#7537=CARTESIAN_POINT('',(28.7570298325125,31.5995423264042,2.));
#7538=CARTESIAN_POINT('Ctrl Pts',(28.9554285181498,32.2089044028634,2.));
#7539=CARTESIAN_POINT('Ctrl Pts',(28.9489364032814,32.0929567850728,2.));
#7540=CARTESIAN_POINT('Ctrl Pts',(28.9365542417322,31.8718143432276,2.));
#7541=CARTESIAN_POINT('Ctrl Pts',(28.8148995293407,31.6873092163601,2.));
#7542=CARTESIAN_POINT('Ctrl Pts',(28.7570298325125,31.5995423264042,2.));
#7543=CARTESIAN_POINT('',(28.7570298325125,31.5995423264042,3.5));
#7544=CARTESIAN_POINT('Ctrl Pts',(28.7570298325125,31.5995423264042,3.5));
#7545=CARTESIAN_POINT('Ctrl Pts',(28.8148995293407,31.6873092163601,3.5));
#7546=CARTESIAN_POINT('Ctrl Pts',(28.9365542417322,31.8718143432276,3.5));
#7547=CARTESIAN_POINT('Ctrl Pts',(28.9489364032814,32.0929567850728,3.5));
#7548=CARTESIAN_POINT('Ctrl Pts',(28.9554285181498,32.2089044028634,3.5));
#7549=CARTESIAN_POINT('',(28.7570298325125,31.5995423264042,2.));
#7550=CARTESIAN_POINT('Ctrl Pts',(28.240583312642,31.3608959273661,2.));
#7551=CARTESIAN_POINT('Ctrl Pts',(28.240583312642,31.3608959273661,3.8));
#7552=CARTESIAN_POINT('Ctrl Pts',(28.3413396354272,31.3705966910975,2.));
#7553=CARTESIAN_POINT('Ctrl Pts',(28.3413396354272,31.3705966910975,3.8));
#7554=CARTESIAN_POINT('Ctrl Pts',(28.5414629408373,31.3898644536485,2.));
#7555=CARTESIAN_POINT('Ctrl Pts',(28.5414629408373,31.3898644536485,3.8));
#7556=CARTESIAN_POINT('Ctrl Pts',(28.6855075413553,31.5299739351363,2.));
#7557=CARTESIAN_POINT('Ctrl Pts',(28.6855075413553,31.5299739351363,3.8));
#7558=CARTESIAN_POINT('Ctrl Pts',(28.7570298325125,31.5995423264042,2.));
#7559=CARTESIAN_POINT('Ctrl Pts',(28.7570298325125,31.5995423264042,3.8));
#7560=CARTESIAN_POINT('',(28.240583312642,31.3608959273661,2.));
#7561=CARTESIAN_POINT('Ctrl Pts',(28.7570298325125,31.5995423264042,2.));
#7562=CARTESIAN_POINT('Ctrl Pts',(28.6855075413553,31.5299739351363,2.));
#7563=CARTESIAN_POINT('Ctrl Pts',(28.5414629408373,31.3898644536485,2.));
#7564=CARTESIAN_POINT('Ctrl Pts',(28.3413396354272,31.3705966910975,2.));
#7565=CARTESIAN_POINT('Ctrl Pts',(28.240583312642,31.3608959273661,2.));
#7566=CARTESIAN_POINT('',(28.240583312642,31.3608959273661,3.5));
#7567=CARTESIAN_POINT('Ctrl Pts',(28.240583312642,31.3608959273661,3.5));
#7568=CARTESIAN_POINT('Ctrl Pts',(28.3413396354272,31.3705966910975,3.5));
#7569=CARTESIAN_POINT('Ctrl Pts',(28.5414629408373,31.3898644536485,3.5));
#7570=CARTESIAN_POINT('Ctrl Pts',(28.6855075413553,31.5299739351363,3.5));
#7571=CARTESIAN_POINT('Ctrl Pts',(28.7570298325125,31.5995423264042,3.5));
#7572=CARTESIAN_POINT('',(28.240583312642,31.3608959273661,2.));
#7573=CARTESIAN_POINT('Ctrl Pts',(27.7636722803848,31.5593538299046,2.));
#7574=CARTESIAN_POINT('Ctrl Pts',(27.7636722803848,31.5593538299046,3.8));
#7575=CARTESIAN_POINT('Ctrl Pts',(27.8308506354234,31.5014439702488,2.));
#7576=CARTESIAN_POINT('Ctrl Pts',(27.8308506354234,31.5014439702488,3.8));
#7577=CARTESIAN_POINT('Ctrl Pts',(27.9679181468229,31.383287454747,2.));
#7578=CARTESIAN_POINT('Ctrl Pts',(27.9679181468229,31.383287454747,3.8));
#7579=CARTESIAN_POINT('Ctrl Pts',(28.1485044315201,31.3684575342242,2.));
#7580=CARTESIAN_POINT('Ctrl Pts',(28.1485044315201,31.3684575342242,3.8));
#7581=CARTESIAN_POINT('Ctrl Pts',(28.240583312642,31.3608959273661,2.));
#7582=CARTESIAN_POINT('Ctrl Pts',(28.240583312642,31.3608959273661,3.8));
#7583=CARTESIAN_POINT('',(27.7636722803848,31.5593538299046,2.));
#7584=CARTESIAN_POINT('Ctrl Pts',(28.240583312642,31.3608959273661,2.));
#7585=CARTESIAN_POINT('Ctrl Pts',(28.1485044315201,31.3684575342242,2.));
#7586=CARTESIAN_POINT('Ctrl Pts',(27.9679181468229,31.383287454747,2.));
#7587=CARTESIAN_POINT('Ctrl Pts',(27.8308506354234,31.5014439702488,2.));
#7588=CARTESIAN_POINT('Ctrl Pts',(27.7636722803848,31.5593538299046,2.));
#7589=CARTESIAN_POINT('',(27.7636722803848,31.5593538299046,3.5));
#7590=CARTESIAN_POINT('Ctrl Pts',(27.7636722803848,31.5593538299046,3.5));
#7591=CARTESIAN_POINT('Ctrl Pts',(27.8308506354234,31.5014439702488,3.5));
#7592=CARTESIAN_POINT('Ctrl Pts',(27.9679181468229,31.383287454747,3.5));
#7593=CARTESIAN_POINT('Ctrl Pts',(28.1485044315201,31.3684575342242,3.5));
#7594=CARTESIAN_POINT('Ctrl Pts',(28.240583312642,31.3608959273661,3.5));
#7595=CARTESIAN_POINT('',(27.7636722803848,31.5593538299046,2.));
#7596=CARTESIAN_POINT('Ctrl Pts',(27.5912387248413,32.1023218356154,2.));
#7597=CARTESIAN_POINT('Ctrl Pts',(27.5912387248413,32.1023218356154,3.8));
#7598=CARTESIAN_POINT('Ctrl Pts',(27.5968307183628,31.9990015340433,2.));
#7599=CARTESIAN_POINT('Ctrl Pts',(27.5968307183628,31.9990015340433,3.8));
#7600=CARTESIAN_POINT('Ctrl Pts',(27.6074575270949,31.8026556193495,2.));
#7601=CARTESIAN_POINT('Ctrl Pts',(27.6074575270949,31.8026556193495,3.8));
#7602=CARTESIAN_POINT('Ctrl Pts',(27.713453195898,31.6375691896104,2.));
#7603=CARTESIAN_POINT('Ctrl Pts',(27.713453195898,31.6375691896104,3.8));
#7604=CARTESIAN_POINT('Ctrl Pts',(27.7636722803848,31.5593538299046,2.));
#7605=CARTESIAN_POINT('Ctrl Pts',(27.7636722803848,31.5593538299046,3.8));
#7606=CARTESIAN_POINT('',(27.5912387248413,32.1023218356154,2.));
#7607=CARTESIAN_POINT('Ctrl Pts',(27.7636722803848,31.5593538299046,2.));
#7608=CARTESIAN_POINT('Ctrl Pts',(27.713453195898,31.6375691896104,2.));
#7609=CARTESIAN_POINT('Ctrl Pts',(27.6074575270949,31.8026556193495,2.));
#7610=CARTESIAN_POINT('Ctrl Pts',(27.5968307183628,31.9990015340433,2.));
#7611=CARTESIAN_POINT('Ctrl Pts',(27.5912387248413,32.1023218356154,2.));
#7612=CARTESIAN_POINT('',(27.5912387248413,32.1023218356154,3.5));
#7613=CARTESIAN_POINT('Ctrl Pts',(27.5912387248413,32.1023218356154,3.5));
#7614=CARTESIAN_POINT('Ctrl Pts',(27.5968307183628,31.9990015340433,3.5));
#7615=CARTESIAN_POINT('Ctrl Pts',(27.6074575270949,31.8026556193495,3.5));
#7616=CARTESIAN_POINT('Ctrl Pts',(27.713453195898,31.6375691896104,3.5));
#7617=CARTESIAN_POINT('Ctrl Pts',(27.7636722803848,31.5593538299046,3.5));
#7618=CARTESIAN_POINT('',(27.5912387248413,32.1023218356154,2.));
#7619=CARTESIAN_POINT('Ctrl Pts',(27.6837773628953,32.4864701210925,2.));
#7620=CARTESIAN_POINT('Ctrl Pts',(27.6837773628953,32.4864701210925,3.8));
#7621=CARTESIAN_POINT('Ctrl Pts',(27.6567805608221,32.4222456967773,2.));
#7622=CARTESIAN_POINT('Ctrl Pts',(27.6567805608221,32.4222456967773,3.8));
#7623=CARTESIAN_POINT('Ctrl Pts',(27.6050275144643,32.2991270548038,2.));
#7624=CARTESIAN_POINT('Ctrl Pts',(27.6050275144643,32.2991270548038,3.8));
#7625=CARTESIAN_POINT('Ctrl Pts',(27.5957003874894,32.1660024427913,2.));
#7626=CARTESIAN_POINT('Ctrl Pts',(27.5957003874894,32.1660024427913,3.8));
#7627=CARTESIAN_POINT('Ctrl Pts',(27.5912387248413,32.1023218356154,2.));
#7628=CARTESIAN_POINT('Ctrl Pts',(27.5912387248413,32.1023218356154,3.8));
#7629=CARTESIAN_POINT('',(27.6837773628953,32.4864701210925,2.));
#7630=CARTESIAN_POINT('Ctrl Pts',(27.5912387248413,32.1023218356154,2.));
#7631=CARTESIAN_POINT('Ctrl Pts',(27.5957003874894,32.1660024427913,2.));
#7632=CARTESIAN_POINT('Ctrl Pts',(27.6050275144643,32.2991270548038,2.));
#7633=CARTESIAN_POINT('Ctrl Pts',(27.6567805608221,32.4222456967773,2.));
#7634=CARTESIAN_POINT('Ctrl Pts',(27.6837773628953,32.4864701210925,2.));
#7635=CARTESIAN_POINT('',(27.6837773628953,32.4864701210925,3.5));
#7636=CARTESIAN_POINT('Ctrl Pts',(27.6837773628953,32.4864701210925,3.5));
#7637=CARTESIAN_POINT('Ctrl Pts',(27.6567805608221,32.4222456967773,3.5));
#7638=CARTESIAN_POINT('Ctrl Pts',(27.6050275144643,32.2991270548038,3.5));
#7639=CARTESIAN_POINT('Ctrl Pts',(27.5957003874894,32.1660024427913,3.5));
#7640=CARTESIAN_POINT('Ctrl Pts',(27.5912387248413,32.1023218356154,3.5));
#7641=CARTESIAN_POINT('',(27.6837773628953,32.4864701210925,2.));
#7642=CARTESIAN_POINT('Ctrl Pts',(27.7763848345934,32.7249232133071,2.));
#7643=CARTESIAN_POINT('Ctrl Pts',(27.7763848345934,32.7249232133071,3.8));
#7644=CARTESIAN_POINT('Ctrl Pts',(27.7692091222128,32.6982344449141,2.));
#7645=CARTESIAN_POINT('Ctrl Pts',(27.7692091222128,32.6982344449141,3.8));
#7646=CARTESIAN_POINT('Ctrl Pts',(27.7469951864027,32.6156137159198,2.));
#7647=CARTESIAN_POINT('Ctrl Pts',(27.7469951864027,32.6156137159198,3.8));
#7648=CARTESIAN_POINT('Ctrl Pts',(27.7092975951191,32.53860374967,2.));
#7649=CARTESIAN_POINT('Ctrl Pts',(27.7092975951191,32.53860374967,3.8));
#7650=CARTESIAN_POINT('Ctrl Pts',(27.6837773628953,32.4864701210925,2.));
#7651=CARTESIAN_POINT('Ctrl Pts',(27.6837773628953,32.4864701210925,3.8));
#7652=CARTESIAN_POINT('',(27.7763848345934,32.7249232133071,2.));
#7653=CARTESIAN_POINT('Ctrl Pts',(27.6837773628953,32.4864701210925,2.));
#7654=CARTESIAN_POINT('Ctrl Pts',(27.7092975951191,32.53860374967,2.));
#7655=CARTESIAN_POINT('Ctrl Pts',(27.7469951864027,32.6156137159198,2.));
#7656=CARTESIAN_POINT('Ctrl Pts',(27.7692091222128,32.6982344449141,2.));
#7657=CARTESIAN_POINT('Ctrl Pts',(27.7763848345934,32.7249232133071,2.));
#7658=CARTESIAN_POINT('',(27.7763848345934,32.7249232133071,3.5));
#7659=CARTESIAN_POINT('Ctrl Pts',(27.7763848345934,32.7249232133071,3.5));
#7660=CARTESIAN_POINT('Ctrl Pts',(27.7692091222128,32.6982344449141,3.5));
#7661=CARTESIAN_POINT('Ctrl Pts',(27.7469951864027,32.6156137159198,3.5));
#7662=CARTESIAN_POINT('Ctrl Pts',(27.7092975951191,32.53860374967,3.5));
#7663=CARTESIAN_POINT('Ctrl Pts',(27.6837773628953,32.4864701210925,3.5));
#7664=CARTESIAN_POINT('',(27.7763848345934,32.7249232133071,2.));
#7665=CARTESIAN_POINT('Ctrl Pts',(27.723379299967,32.7778792283193,2.));
#7666=CARTESIAN_POINT('Ctrl Pts',(27.723379299967,32.7778792283193,3.8));
#7667=CARTESIAN_POINT('Ctrl Pts',(27.738517827104,32.7707249082967,2.));
#7668=CARTESIAN_POINT('Ctrl Pts',(27.738517827104,32.7707249082967,3.8));
#7669=CARTESIAN_POINT('Ctrl Pts',(27.7630451302274,32.7591335444706,2.));
#7670=CARTESIAN_POINT('Ctrl Pts',(27.7630451302274,32.7591335444706,3.8));
#7671=CARTESIAN_POINT('Ctrl Pts',(27.7726920876926,32.7343934452486,2.));
#7672=CARTESIAN_POINT('Ctrl Pts',(27.7726920876926,32.7343934452486,3.8));
#7673=CARTESIAN_POINT('Ctrl Pts',(27.7763848345934,32.7249232133071,2.));
#7674=CARTESIAN_POINT('Ctrl Pts',(27.7763848345934,32.7249232133071,3.8));
#7675=CARTESIAN_POINT('',(27.723379299967,32.7778792283193,2.));
#7676=CARTESIAN_POINT('Ctrl Pts',(27.7763848345934,32.7249232133071,2.));
#7677=CARTESIAN_POINT('Ctrl Pts',(27.7726920876926,32.7343934452486,2.));
#7678=CARTESIAN_POINT('Ctrl Pts',(27.7630451302274,32.7591335444706,2.));
#7679=CARTESIAN_POINT('Ctrl Pts',(27.738517827104,32.7707249082967,2.));
#7680=CARTESIAN_POINT('Ctrl Pts',(27.723379299967,32.7778792283193,2.));
#7681=CARTESIAN_POINT('',(27.723379299967,32.7778792283193,3.5));
#7682=CARTESIAN_POINT('Ctrl Pts',(27.723379299967,32.7778792283193,3.5));
#7683=CARTESIAN_POINT('Ctrl Pts',(27.738517827104,32.7707249082967,3.5));
#7684=CARTESIAN_POINT('Ctrl Pts',(27.7630451302274,32.7591335444706,3.5));
#7685=CARTESIAN_POINT('Ctrl Pts',(27.7726920876926,32.7343934452486,3.5));
#7686=CARTESIAN_POINT('Ctrl Pts',(27.7763848345934,32.7249232133071,3.5));
#7687=CARTESIAN_POINT('',(27.723379299967,32.7778792283193,2.));
#7688=CARTESIAN_POINT('Ctrl Pts',(27.6571501215871,32.7910937716477,2.));
#7689=CARTESIAN_POINT('Ctrl Pts',(27.6571501215871,32.7910937716477,3.8));
#7690=CARTESIAN_POINT('Ctrl Pts',(27.6714249580105,32.7873874379237,2.));
#7691=CARTESIAN_POINT('Ctrl Pts',(27.6714249580105,32.7873874379237,3.8));
#7692=CARTESIAN_POINT('Ctrl Pts',(27.6932658921972,32.7817166345225,2.));
#7693=CARTESIAN_POINT('Ctrl Pts',(27.6932658921972,32.7817166345225,3.8));
#7694=CARTESIAN_POINT('Ctrl Pts',(27.7156314596695,32.7788665496695,2.));
#7695=CARTESIAN_POINT('Ctrl Pts',(27.7156314596695,32.7788665496695,3.8));
#7696=CARTESIAN_POINT('Ctrl Pts',(27.723379299967,32.7778792283193,2.));
#7697=CARTESIAN_POINT('Ctrl Pts',(27.723379299967,32.7778792283193,3.8));
#7698=CARTESIAN_POINT('',(27.6571501215871,32.7910937716477,2.));
#7699=CARTESIAN_POINT('Ctrl Pts',(27.723379299967,32.7778792283193,2.));
#7700=CARTESIAN_POINT('Ctrl Pts',(27.7156314596695,32.7788665496695,2.));
#7701=CARTESIAN_POINT('Ctrl Pts',(27.6932658921972,32.7817166345225,2.));
#7702=CARTESIAN_POINT('Ctrl Pts',(27.6714249580105,32.7873874379237,2.));
#7703=CARTESIAN_POINT('Ctrl Pts',(27.6571501215871,32.7910937716477,2.));
#7704=CARTESIAN_POINT('',(27.6571501215871,32.7910937716477,3.5));
#7705=CARTESIAN_POINT('Ctrl Pts',(27.6571501215871,32.7910937716477,3.5));
#7706=CARTESIAN_POINT('Ctrl Pts',(27.6714249580105,32.7873874379237,3.5));
#7707=CARTESIAN_POINT('Ctrl Pts',(27.6932658921972,32.7817166345225,3.5));
#7708=CARTESIAN_POINT('Ctrl Pts',(27.7156314596695,32.7788665496695,3.5));
#7709=CARTESIAN_POINT('Ctrl Pts',(27.723379299967,32.7778792283193,3.5));
#7710=CARTESIAN_POINT('',(27.6571501215871,32.7910937716477,2.));
#7711=CARTESIAN_POINT('Ctrl Pts',(26.492093615325,31.6779796070459,2.));
#7712=CARTESIAN_POINT('Ctrl Pts',(26.492093615325,31.6779796070459,3.8));
#7713=CARTESIAN_POINT('Ctrl Pts',(26.6545342865245,31.9961987674355,2.));
#7714=CARTESIAN_POINT('Ctrl Pts',(26.6545342865245,31.9961987674355,3.8));
#7715=CARTESIAN_POINT('Ctrl Pts',(26.9187039888648,32.5137037756231,2.));
#7716=CARTESIAN_POINT('Ctrl Pts',(26.9187039888648,32.5137037756231,3.8));
#7717=CARTESIAN_POINT('Ctrl Pts',(27.4518435633577,32.7139723908895,2.));
#7718=CARTESIAN_POINT('Ctrl Pts',(27.4518435633577,32.7139723908895,3.8));
#7719=CARTESIAN_POINT('Ctrl Pts',(27.6571501215871,32.7910937716477,2.));
#7720=CARTESIAN_POINT('Ctrl Pts',(27.6571501215871,32.7910937716477,3.8));
#7721=CARTESIAN_POINT('',(26.492093615325,31.6779796070459,2.));
#7722=CARTESIAN_POINT('Ctrl Pts',(27.6571501215871,32.7910937716477,2.));
#7723=CARTESIAN_POINT('Ctrl Pts',(27.4518435633577,32.7139723908895,2.));
#7724=CARTESIAN_POINT('Ctrl Pts',(26.9187039888648,32.5137037756231,2.));
#7725=CARTESIAN_POINT('Ctrl Pts',(26.6545342865245,31.9961987674355,2.));
#7726=CARTESIAN_POINT('Ctrl Pts',(26.492093615325,31.6779796070459,2.));
#7727=CARTESIAN_POINT('',(26.492093615325,31.6779796070459,3.5));
#7728=CARTESIAN_POINT('Ctrl Pts',(26.492093615325,31.6779796070459,3.5));
#7729=CARTESIAN_POINT('Ctrl Pts',(26.6545342865245,31.9961987674355,3.5));
#7730=CARTESIAN_POINT('Ctrl Pts',(26.9187039888648,32.5137037756231,3.5));
#7731=CARTESIAN_POINT('Ctrl Pts',(27.4518435633577,32.7139723908895,3.5));
#7732=CARTESIAN_POINT('Ctrl Pts',(27.6571501215871,32.7910937716477,3.5));
#7733=CARTESIAN_POINT('',(26.492093615325,31.6779796070459,2.));
#7734=CARTESIAN_POINT('Ctrl Pts',(25.910376030348,29.3465883154289,2.));
#7735=CARTESIAN_POINT('Ctrl Pts',(25.910376030348,29.3465883154289,3.8));
#7736=CARTESIAN_POINT('Ctrl Pts',(25.9347283195746,29.7521565981953,2.));
#7737=CARTESIAN_POINT('Ctrl Pts',(25.9347283195746,29.7521565981953,3.8));
#7738=CARTESIAN_POINT('Ctrl Pts',(25.9835614702914,30.5654344339664,2.));
#7739=CARTESIAN_POINT('Ctrl Pts',(25.9835614702914,30.5654344339664,3.8));
#7740=CARTESIAN_POINT('Ctrl Pts',(26.3222856259501,31.3064808517078,2.));
#7741=CARTESIAN_POINT('Ctrl Pts',(26.3222856259501,31.3064808517078,3.8));
#7742=CARTESIAN_POINT('Ctrl Pts',(26.492093615325,31.6779796070459,2.));
#7743=CARTESIAN_POINT('Ctrl Pts',(26.492093615325,31.6779796070459,3.8));
#7744=CARTESIAN_POINT('',(25.910376030348,29.3465883154289,2.));
#7745=CARTESIAN_POINT('Ctrl Pts',(26.492093615325,31.6779796070459,2.));
#7746=CARTESIAN_POINT('Ctrl Pts',(26.3222856259501,31.3064808517078,2.));
#7747=CARTESIAN_POINT('Ctrl Pts',(25.9835614702914,30.5654344339664,2.));
#7748=CARTESIAN_POINT('Ctrl Pts',(25.9347283195746,29.7521565981953,2.));
#7749=CARTESIAN_POINT('Ctrl Pts',(25.910376030348,29.3465883154289,2.));
#7750=CARTESIAN_POINT('',(25.910376030348,29.3465883154289,3.5));
#7751=CARTESIAN_POINT('Ctrl Pts',(25.910376030348,29.3465883154289,3.5));
#7752=CARTESIAN_POINT('Ctrl Pts',(25.9347283195746,29.7521565981953,3.5));
#7753=CARTESIAN_POINT('Ctrl Pts',(25.9835614702914,30.5654344339664,3.5));
#7754=CARTESIAN_POINT('Ctrl Pts',(26.3222856259501,31.3064808517078,3.5));
#7755=CARTESIAN_POINT('Ctrl Pts',(26.492093615325,31.6779796070459,3.5));
#7756=CARTESIAN_POINT('',(25.910376030348,29.3465883154289,2.));
#7757=CARTESIAN_POINT('Origin',(25.9109801170257,28.022085031403,2.));
#7758=CARTESIAN_POINT('',(25.9109801170257,28.022085031403,2.));
#7759=CARTESIAN_POINT('',(25.910376030348,29.3465883154289,2.));
#7760=CARTESIAN_POINT('',(25.9109801170257,28.022085031403,3.5));
#7761=CARTESIAN_POINT('',(25.910376030348,29.3465883154289,3.5));
#7762=CARTESIAN_POINT('',(25.9109801170257,28.022085031403,2.));
#7763=CARTESIAN_POINT('Ctrl Pts',(26.6131768335979,27.5588289280606,2.));
#7764=CARTESIAN_POINT('Ctrl Pts',(26.6131768335979,27.5588289280606,3.8));
#7765=CARTESIAN_POINT('Ctrl Pts',(26.4102410978766,27.5620144333596,2.));
#7766=CARTESIAN_POINT('Ctrl Pts',(26.4102410978766,27.5620144333596,3.8));
#7767=CARTESIAN_POINT('Ctrl Pts',(26.0606956924267,27.5675012873005,2.));
#7768=CARTESIAN_POINT('Ctrl Pts',(26.0606956924267,27.5675012873005,3.8));
#7769=CARTESIAN_POINT('Ctrl Pts',(25.955219815783,27.8877593418736,2.));
#7770=CARTESIAN_POINT('Ctrl Pts',(25.955219815783,27.8877593418736,3.8));
#7771=CARTESIAN_POINT('Ctrl Pts',(25.9109801170257,28.022085031403,2.));
#7772=CARTESIAN_POINT('Ctrl Pts',(25.9109801170257,28.022085031403,3.8));
#7773=CARTESIAN_POINT('',(26.6131768335979,27.5588289280606,2.));
#7774=CARTESIAN_POINT('Ctrl Pts',(25.9109801170257,28.022085031403,2.));
#7775=CARTESIAN_POINT('Ctrl Pts',(25.955219815783,27.8877593418736,2.));
#7776=CARTESIAN_POINT('Ctrl Pts',(26.0606956924267,27.5675012873005,2.));
#7777=CARTESIAN_POINT('Ctrl Pts',(26.4102410978766,27.5620144333596,2.));
#7778=CARTESIAN_POINT('Ctrl Pts',(26.6131768335979,27.5588289280606,2.));
#7779=CARTESIAN_POINT('',(26.6131768335979,27.5588289280606,3.5));
#7780=CARTESIAN_POINT('Ctrl Pts',(26.6131768335979,27.5588289280606,3.5));
#7781=CARTESIAN_POINT('Ctrl Pts',(26.4102410978766,27.5620144333596,3.5));
#7782=CARTESIAN_POINT('Ctrl Pts',(26.0606956924267,27.5675012873005,3.5));
#7783=CARTESIAN_POINT('Ctrl Pts',(25.955219815783,27.8877593418736,3.5));
#7784=CARTESIAN_POINT('Ctrl Pts',(25.9109801170257,28.022085031403,3.5));
#7785=CARTESIAN_POINT('',(26.6131768335979,27.5588289280606,2.));
#7786=CARTESIAN_POINT('Origin',(27.4078807113618,27.5591913809371,2.));
#7787=CARTESIAN_POINT('',(27.4078807113618,27.5591913809371,2.));
#7788=CARTESIAN_POINT('',(26.6131768335979,27.5588289280606,2.));
#7789=CARTESIAN_POINT('',(27.4078807113618,27.5591913809371,3.5));
#7790=CARTESIAN_POINT('',(26.6131768335979,27.5588289280606,3.5));
#7791=CARTESIAN_POINT('',(27.4078807113618,27.5591913809371,2.));
#7792=CARTESIAN_POINT('Origin',(27.4081102642341,27.0558802760584,2.));
#7793=CARTESIAN_POINT('',(27.4081102642341,27.0558802760584,2.));
#7794=CARTESIAN_POINT('',(27.4078807113618,27.5591913809371,2.));
#7795=CARTESIAN_POINT('',(27.4081102642341,27.0558802760584,3.5));
#7796=CARTESIAN_POINT('',(27.4078807113618,27.5591913809371,3.5));
#7797=CARTESIAN_POINT('',(27.4081102642341,27.0558802760584,2.));
#7798=CARTESIAN_POINT('Origin',(23.5538049209376,27.0541223834673,2.));
#7799=CARTESIAN_POINT('',(23.5538049209376,27.0541223834673,2.));
#7800=CARTESIAN_POINT('',(27.4081102642341,27.0558802760584,2.));
#7801=CARTESIAN_POINT('',(23.5538049209376,27.0541223834673,3.5));
#7802=CARTESIAN_POINT('',(27.4081102642341,27.0558802760584,3.5));
#7803=CARTESIAN_POINT('',(23.5538049209376,27.0541223834673,2.));
#7804=CARTESIAN_POINT('Origin',(23.5535753680653,27.557433488346,2.));
#7805=CARTESIAN_POINT('',(23.5535753680653,27.557433488346,2.));
#7806=CARTESIAN_POINT('',(23.5538049209376,27.0541223834673,2.));
#7807=CARTESIAN_POINT('',(23.5535753680653,27.557433488346,3.5));
#7808=CARTESIAN_POINT('',(23.5538049209376,27.0541223834673,3.5));
#7809=CARTESIAN_POINT('',(23.5535753680653,27.557433488346,2.));
#7810=CARTESIAN_POINT('Origin',(24.1628468310335,27.557711368196,2.));
#7811=CARTESIAN_POINT('',(24.1628468310335,27.557711368196,2.));
#7812=CARTESIAN_POINT('',(23.5535753680653,27.557433488346,2.));
#7813=CARTESIAN_POINT('',(24.1628468310335,27.557711368196,3.5));
#7814=CARTESIAN_POINT('',(23.5535753680653,27.557433488346,3.5));
#7815=CARTESIAN_POINT('',(24.1628468310335,27.557711368196,2.));
#7816=CARTESIAN_POINT('Ctrl Pts',(24.8116598223512,27.9818488028847,2.));
#7817=CARTESIAN_POINT('Ctrl Pts',(24.8116598223512,27.9818488028847,3.8));
#7818=CARTESIAN_POINT('Ctrl Pts',(24.770604608165,27.8590369613198,2.));
#7819=CARTESIAN_POINT('Ctrl Pts',(24.770604608165,27.8590369613198,3.8));
#7820=CARTESIAN_POINT('Ctrl Pts',(24.6722443593698,27.5648038527901,2.));
#7821=CARTESIAN_POINT('Ctrl Pts',(24.6722443593698,27.5648038527901,3.8));
#7822=CARTESIAN_POINT('Ctrl Pts',(24.3503712574997,27.5603223233573,2.));
#7823=CARTESIAN_POINT('Ctrl Pts',(24.3503712574997,27.5603223233573,3.8));
#7824=CARTESIAN_POINT('Ctrl Pts',(24.1628468310335,27.557711368196,2.));
#7825=CARTESIAN_POINT('Ctrl Pts',(24.1628468310335,27.557711368196,3.8));
#7826=CARTESIAN_POINT('',(24.8116598223512,27.9818488028847,2.));
#7827=CARTESIAN_POINT('Ctrl Pts',(24.1628468310335,27.557711368196,2.));
#7828=CARTESIAN_POINT('Ctrl Pts',(24.3503712574997,27.5603223233573,2.));
#7829=CARTESIAN_POINT('Ctrl Pts',(24.6722443593698,27.5648038527901,2.));
#7830=CARTESIAN_POINT('Ctrl Pts',(24.770604608165,27.8590369613198,2.));
#7831=CARTESIAN_POINT('Ctrl Pts',(24.8116598223512,27.9818488028847,2.));
#7832=CARTESIAN_POINT('',(24.8116598223512,27.9818488028847,3.5));
#7833=CARTESIAN_POINT('Ctrl Pts',(24.8116598223512,27.9818488028847,3.5));
#7834=CARTESIAN_POINT('Ctrl Pts',(24.770604608165,27.8590369613198,3.5));
#7835=CARTESIAN_POINT('Ctrl Pts',(24.6722443593698,27.5648038527901,3.5));
#7836=CARTESIAN_POINT('Ctrl Pts',(24.3503712574997,27.5603223233573,3.5));
#7837=CARTESIAN_POINT('Ctrl Pts',(24.1628468310335,27.557711368196,3.5));
#7838=CARTESIAN_POINT('',(24.8116598223512,27.9818488028847,2.));
#7839=CARTESIAN_POINT('Origin',(24.8098596443341,31.9288679693936,2.));
#7840=CARTESIAN_POINT('',(24.8098596443341,31.9288679693936,2.));
#7841=CARTESIAN_POINT('',(24.8116598223512,27.9818488028847,2.));
#7842=CARTESIAN_POINT('',(24.8098596443341,31.9288679693936,3.5));
#7843=CARTESIAN_POINT('',(24.8116598223512,27.9818488028847,3.5));
#7844=CARTESIAN_POINT('',(24.8098596443341,31.9288679693936,2.));
#7845=CARTESIAN_POINT('Ctrl Pts',(24.0545003307299,32.7894506554927,2.));
#7846=CARTESIAN_POINT('Ctrl Pts',(24.0545003307299,32.7894506554927,3.8));
#7847=CARTESIAN_POINT('Ctrl Pts',(24.2745544621754,32.7467245630715,2.));
#7848=CARTESIAN_POINT('Ctrl Pts',(24.2745544621754,32.7467245630715,3.8));
#7849=CARTESIAN_POINT('Ctrl Pts',(24.7389887585657,32.6565491933075,2.));
#7850=CARTESIAN_POINT('Ctrl Pts',(24.7389887585657,32.6565491933075,3.8));
#7851=CARTESIAN_POINT('Ctrl Pts',(24.7854252687696,32.1797528867137,2.));
#7852=CARTESIAN_POINT('Ctrl Pts',(24.7854252687696,32.1797528867137,3.8));
#7853=CARTESIAN_POINT('Ctrl Pts',(24.8098596443341,31.9288679693936,2.));
#7854=CARTESIAN_POINT('Ctrl Pts',(24.8098596443341,31.9288679693936,3.8));
#7855=CARTESIAN_POINT('',(24.0545003307299,32.7894506554927,2.));
#7856=CARTESIAN_POINT('Ctrl Pts',(24.8098596443341,31.9288679693936,2.));
#7857=CARTESIAN_POINT('Ctrl Pts',(24.7854252687696,32.1797528867137,2.));
#7858=CARTESIAN_POINT('Ctrl Pts',(24.7389887585657,32.6565491933075,2.));
#7859=CARTESIAN_POINT('Ctrl Pts',(24.2745544621754,32.7467245630715,2.));
#7860=CARTESIAN_POINT('Ctrl Pts',(24.0545003307299,32.7894506554927,2.));
#7861=CARTESIAN_POINT('',(24.0545003307299,32.7894506554927,3.5));
#7862=CARTESIAN_POINT('Ctrl Pts',(24.0545003307299,32.7894506554927,3.5));
#7863=CARTESIAN_POINT('Ctrl Pts',(24.2745544621754,32.7467245630715,3.5));
#7864=CARTESIAN_POINT('Ctrl Pts',(24.7389887585657,32.6565491933075,3.5));
#7865=CARTESIAN_POINT('Ctrl Pts',(24.7854252687696,32.1797528867137,3.5));
#7866=CARTESIAN_POINT('Ctrl Pts',(24.8098596443341,31.9288679693936,3.5));
#7867=CARTESIAN_POINT('',(24.0545003307299,32.7894506554927,2.));
#7868=CARTESIAN_POINT('Origin',(23.5114543895908,32.7892029801397,2.));
#7869=CARTESIAN_POINT('',(24.0545003307299,32.7894506554927,2.));
#7870=CARTESIAN_POINT('',(24.0545003307299,32.7894506554927,3.5));
#7871=CARTESIAN_POINT('Origin',(28.1695875639095,30.7397651104091,3.5));
#7872=CARTESIAN_POINT('Origin',(28.1695875639095,30.7397651104091,2.));
#7873=CARTESIAN_POINT('Ctrl Pts',(31.0481208308821,32.2628390394462,2.));
#7874=CARTESIAN_POINT('Ctrl Pts',(31.0481208308821,32.2628390394462,3.8));
#7875=CARTESIAN_POINT('Ctrl Pts',(31.2111520336847,32.471511449313,2.));
#7876=CARTESIAN_POINT('Ctrl Pts',(31.2111520336847,32.471511449313,3.8));
#7877=CARTESIAN_POINT('Ctrl Pts',(31.5328213635349,32.8832333349777,2.));
#7878=CARTESIAN_POINT('Ctrl Pts',(31.5328213635349,32.8832333349777,3.8));
#7879=CARTESIAN_POINT('Ctrl Pts',(32.0506795285728,32.9471318298613,2.));
#7880=CARTESIAN_POINT('Ctrl Pts',(32.0506795285728,32.9471318298613,3.8));
#7881=CARTESIAN_POINT('Ctrl Pts',(32.3060723862511,32.9786447426846,2.));
#7882=CARTESIAN_POINT('Ctrl Pts',(32.3060723862511,32.9786447426846,3.8));
#7883=CARTESIAN_POINT('',(32.3060723862511,32.9786447426846,2.));
#7884=CARTESIAN_POINT('',(31.0481208308821,32.2628390394462,2.));
#7885=CARTESIAN_POINT('Ctrl Pts',(32.3060723862511,32.9786447426846,2.));
#7886=CARTESIAN_POINT('Ctrl Pts',(32.0506795285728,32.9471318298613,2.));
#7887=CARTESIAN_POINT('Ctrl Pts',(31.5328213635349,32.8832333349777,2.));
#7888=CARTESIAN_POINT('Ctrl Pts',(31.2111520336847,32.471511449313,2.));
#7889=CARTESIAN_POINT('Ctrl Pts',(31.0481208308821,32.2628390394462,2.));
#7890=CARTESIAN_POINT('',(32.3060723862511,32.9786447426846,3.5));
#7891=CARTESIAN_POINT('',(32.3060723862511,32.9786447426846,2.));
#7892=CARTESIAN_POINT('',(31.0481208308821,32.2628390394462,3.5));
#7893=CARTESIAN_POINT('Ctrl Pts',(31.0481208308821,32.2628390394462,3.5));
#7894=CARTESIAN_POINT('Ctrl Pts',(31.2111520336847,32.471511449313,3.5));
#7895=CARTESIAN_POINT('Ctrl Pts',(31.5328213635349,32.8832333349777,3.5));
#7896=CARTESIAN_POINT('Ctrl Pts',(32.0506795285728,32.9471318298613,3.5));
#7897=CARTESIAN_POINT('Ctrl Pts',(32.3060723862511,32.9786447426846,3.5));
#7898=CARTESIAN_POINT('',(31.0481208308821,32.2628390394462,2.));
#7899=CARTESIAN_POINT('Ctrl Pts',(30.6119655410661,30.2229051820337,2.));
#7900=CARTESIAN_POINT('Ctrl Pts',(30.6119655410661,30.2229051820337,3.8));
#7901=CARTESIAN_POINT('Ctrl Pts',(30.6189634965518,30.6226337164196,2.));
#7902=CARTESIAN_POINT('Ctrl Pts',(30.6189634965518,30.6226337164196,3.8));
#7903=CARTESIAN_POINT('Ctrl Pts',(30.631406936034,31.3334124341573,2.));
#7904=CARTESIAN_POINT('Ctrl Pts',(30.631406936034,31.3334124341573,3.8));
#7905=CARTESIAN_POINT('Ctrl Pts',(30.921270892248,31.9799166092048,2.));
#7906=CARTESIAN_POINT('Ctrl Pts',(30.921270892248,31.9799166092048,3.8));
#7907=CARTESIAN_POINT('Ctrl Pts',(31.0481208308821,32.2628390394462,2.));
#7908=CARTESIAN_POINT('Ctrl Pts',(31.0481208308821,32.2628390394462,3.8));
#7909=CARTESIAN_POINT('',(30.6119655410661,30.2229051820337,2.));
#7910=CARTESIAN_POINT('Ctrl Pts',(31.0481208308821,32.2628390394462,2.));
#7911=CARTESIAN_POINT('Ctrl Pts',(30.921270892248,31.9799166092048,2.));
#7912=CARTESIAN_POINT('Ctrl Pts',(30.631406936034,31.3334124341573,2.));
#7913=CARTESIAN_POINT('Ctrl Pts',(30.6189634965518,30.6226337164196,2.));
#7914=CARTESIAN_POINT('Ctrl Pts',(30.6119655410661,30.2229051820337,2.));
#7915=CARTESIAN_POINT('',(30.6119655410661,30.2229051820337,3.5));
#7916=CARTESIAN_POINT('Ctrl Pts',(30.6119655410661,30.2229051820337,3.5));
#7917=CARTESIAN_POINT('Ctrl Pts',(30.6189634965518,30.6226337164196,3.5));
#7918=CARTESIAN_POINT('Ctrl Pts',(30.631406936034,31.3334124341573,3.5));
#7919=CARTESIAN_POINT('Ctrl Pts',(30.921270892248,31.9799166092048,3.5));
#7920=CARTESIAN_POINT('Ctrl Pts',(31.0481208308821,32.2628390394462,3.5));
#7921=CARTESIAN_POINT('',(30.6119655410661,30.2229051820337,2.));
#7922=CARTESIAN_POINT('Ctrl Pts',(31.0500297445989,28.0774090672359,2.));
#7923=CARTESIAN_POINT('Ctrl Pts',(31.0500297445989,28.0774090672359,3.8));
#7924=CARTESIAN_POINT('Ctrl Pts',(30.9229717234316,28.373656166365,2.));
#7925=CARTESIAN_POINT('Ctrl Pts',(30.9229717234316,28.373656166365,3.8));
#7926=CARTESIAN_POINT('Ctrl Pts',(30.6302325561354,29.0562036223711,2.));
#7927=CARTESIAN_POINT('Ctrl Pts',(30.6302325561354,29.0562036223711,3.8));
#7928=CARTESIAN_POINT('Ctrl Pts',(30.6185675608816,29.8012387638268,2.));
#7929=CARTESIAN_POINT('Ctrl Pts',(30.6185675608816,29.8012387638268,3.8));
#7930=CARTESIAN_POINT('Ctrl Pts',(30.6119655410661,30.2229051820337,2.));
#7931=CARTESIAN_POINT('Ctrl Pts',(30.6119655410661,30.2229051820337,3.8));
#7932=CARTESIAN_POINT('',(31.0500297445989,28.0774090672359,2.));
#7933=CARTESIAN_POINT('Ctrl Pts',(30.6119655410661,30.2229051820337,2.));
#7934=CARTESIAN_POINT('Ctrl Pts',(30.6185675608816,29.8012387638268,2.));
#7935=CARTESIAN_POINT('Ctrl Pts',(30.6302325561354,29.0562036223711,2.));
#7936=CARTESIAN_POINT('Ctrl Pts',(30.9229717234316,28.373656166365,2.));
#7937=CARTESIAN_POINT('Ctrl Pts',(31.0500297445989,28.0774090672359,2.));
#7938=CARTESIAN_POINT('',(31.0500297445989,28.0774090672359,3.5));
#7939=CARTESIAN_POINT('Ctrl Pts',(31.0500297445989,28.0774090672359,3.5));
#7940=CARTESIAN_POINT('Ctrl Pts',(30.9229717234316,28.373656166365,3.5));
#7941=CARTESIAN_POINT('Ctrl Pts',(30.6302325561354,29.0562036223711,3.5));
#7942=CARTESIAN_POINT('Ctrl Pts',(30.6185675608816,29.8012387638268,3.5));
#7943=CARTESIAN_POINT('Ctrl Pts',(30.6119655410661,30.2229051820337,3.5));
#7944=CARTESIAN_POINT('',(31.0500297445989,28.0774090672359,2.));
#7945=CARTESIAN_POINT('Ctrl Pts',(32.3218839053232,27.3495118260391,2.));
#7946=CARTESIAN_POINT('Ctrl Pts',(32.3218839053232,27.3495118260391,3.8));
#7947=CARTESIAN_POINT('Ctrl Pts',(32.0598862387142,27.3804059398622,2.));
#7948=CARTESIAN_POINT('Ctrl Pts',(32.0598862387142,27.3804059398622,3.8));
#7949=CARTESIAN_POINT('Ctrl Pts',(31.533002107449,27.442534807396,2.));
#7950=CARTESIAN_POINT('Ctrl Pts',(31.533002107449,27.442534807396,3.8));
#7951=CARTESIAN_POINT('Ctrl Pts',(31.2116079117865,27.8650121948887,2.));
#7952=CARTESIAN_POINT('Ctrl Pts',(31.2116079117865,27.8650121948887,3.8));
#7953=CARTESIAN_POINT('Ctrl Pts',(31.0500297445989,28.0774090672359,2.));
#7954=CARTESIAN_POINT('Ctrl Pts',(31.0500297445989,28.0774090672359,3.8));
#7955=CARTESIAN_POINT('',(32.3218839053232,27.3495118260391,2.));
#7956=CARTESIAN_POINT('Ctrl Pts',(31.0500297445989,28.0774090672359,2.));
#7957=CARTESIAN_POINT('Ctrl Pts',(31.2116079117865,27.8650121948887,2.));
#7958=CARTESIAN_POINT('Ctrl Pts',(31.533002107449,27.442534807396,2.));
#7959=CARTESIAN_POINT('Ctrl Pts',(32.0598862387142,27.3804059398622,2.));
#7960=CARTESIAN_POINT('Ctrl Pts',(32.3218839053232,27.3495118260391,2.));
#7961=CARTESIAN_POINT('',(32.3218839053232,27.3495118260391,3.5));
#7962=CARTESIAN_POINT('Ctrl Pts',(32.3218839053232,27.3495118260391,3.5));
#7963=CARTESIAN_POINT('Ctrl Pts',(32.0598862387142,27.3804059398622,3.5));
#7964=CARTESIAN_POINT('Ctrl Pts',(31.533002107449,27.442534807396,3.5));
#7965=CARTESIAN_POINT('Ctrl Pts',(31.2116079117865,27.8650121948887,3.5));
#7966=CARTESIAN_POINT('Ctrl Pts',(31.0500297445989,28.0774090672359,3.5));
#7967=CARTESIAN_POINT('',(32.3218839053232,27.3495118260391,2.));
#7968=CARTESIAN_POINT('Ctrl Pts',(33.5930699135531,28.0918142563981,2.));
#7969=CARTESIAN_POINT('Ctrl Pts',(33.5930699135531,28.0918142563981,3.8));
#7970=CARTESIAN_POINT('Ctrl Pts',(33.4322725710878,27.875410570122,2.));
#7971=CARTESIAN_POINT('Ctrl Pts',(33.4322725710878,27.875410570122,3.8));
#7972=CARTESIAN_POINT('Ctrl Pts',(33.1137293992041,27.4467099736021,2.));
#7973=CARTESIAN_POINT('Ctrl Pts',(33.1137293992041,27.4467099736021,3.8));
#7974=CARTESIAN_POINT('Ctrl Pts',(32.5841413243733,27.3817036305177,2.));
#7975=CARTESIAN_POINT('Ctrl Pts',(32.5841413243733,27.3817036305177,3.8));
#7976=CARTESIAN_POINT('Ctrl Pts',(32.3218839053232,27.3495118260391,2.));
#7977=CARTESIAN_POINT('Ctrl Pts',(32.3218839053232,27.3495118260391,3.8));
#7978=CARTESIAN_POINT('',(33.5930699135531,28.0918142563981,2.));
#7979=CARTESIAN_POINT('Ctrl Pts',(32.3218839053232,27.3495118260391,2.));
#7980=CARTESIAN_POINT('Ctrl Pts',(32.5841413243733,27.3817036305177,2.));
#7981=CARTESIAN_POINT('Ctrl Pts',(33.1137293992041,27.4467099736021,2.));
#7982=CARTESIAN_POINT('Ctrl Pts',(33.4322725710878,27.875410570122,2.));
#7983=CARTESIAN_POINT('Ctrl Pts',(33.5930699135531,28.0918142563981,2.));
#7984=CARTESIAN_POINT('',(33.5930699135531,28.0918142563981,3.5));
#7985=CARTESIAN_POINT('Ctrl Pts',(33.5930699135531,28.0918142563981,3.5));
#7986=CARTESIAN_POINT('Ctrl Pts',(33.4322725710878,27.875410570122,3.5));
#7987=CARTESIAN_POINT('Ctrl Pts',(33.1137293992041,27.4467099736021,3.5));
#7988=CARTESIAN_POINT('Ctrl Pts',(32.5841413243733,27.3817036305177,3.5));
#7989=CARTESIAN_POINT('Ctrl Pts',(32.3218839053232,27.3495118260391,3.5));
#7990=CARTESIAN_POINT('',(33.5930699135531,28.0918142563981,2.));
#7991=CARTESIAN_POINT('Ctrl Pts',(34.0424173705321,30.2509592601899,2.));
#7992=CARTESIAN_POINT('Ctrl Pts',(34.0424173705321,30.2509592601899,3.8));
#7993=CARTESIAN_POINT('Ctrl Pts',(34.0354429882652,29.8279705668616,2.));
#7994=CARTESIAN_POINT('Ctrl Pts',(34.0354429882652,29.8279705668616,3.8));
#7995=CARTESIAN_POINT('Ctrl Pts',(34.0230644462691,29.0772254680355,2.));
#7996=CARTESIAN_POINT('Ctrl Pts',(34.0230644462691,29.0772254680355,3.8));
#7997=CARTESIAN_POINT('Ctrl Pts',(33.7237451716419,28.3912805393552,2.));
#7998=CARTESIAN_POINT('Ctrl Pts',(33.7237451716419,28.3912805393552,3.8));
#7999=CARTESIAN_POINT('Ctrl Pts',(33.5930699135531,28.0918142563981,2.));
#8000=CARTESIAN_POINT('Ctrl Pts',(33.5930699135531,28.0918142563981,3.8));
#8001=CARTESIAN_POINT('',(34.0424173705321,30.2509592601899,2.));
#8002=CARTESIAN_POINT('Ctrl Pts',(33.5930699135531,28.0918142563981,2.));
#8003=CARTESIAN_POINT('Ctrl Pts',(33.7237451716419,28.3912805393552,2.));
#8004=CARTESIAN_POINT('Ctrl Pts',(34.0230644462691,29.0772254680355,2.));
#8005=CARTESIAN_POINT('Ctrl Pts',(34.0354429882652,29.8279705668616,2.));
#8006=CARTESIAN_POINT('Ctrl Pts',(34.0424173705321,30.2509592601899,2.));
#8007=CARTESIAN_POINT('',(34.0424173705321,30.2509592601899,3.5));
#8008=CARTESIAN_POINT('Ctrl Pts',(34.0424173705321,30.2509592601899,3.5));
#8009=CARTESIAN_POINT('Ctrl Pts',(34.0354429882652,29.8279705668616,3.5));
#8010=CARTESIAN_POINT('Ctrl Pts',(34.0230644462691,29.0772254680355,3.5));
#8011=CARTESIAN_POINT('Ctrl Pts',(33.7237451716419,28.3912805393552,3.5));
#8012=CARTESIAN_POINT('Ctrl Pts',(33.5930699135531,28.0918142563981,3.5));
#8013=CARTESIAN_POINT('',(34.0424173705321,30.2509592601899,2.));
#8014=CARTESIAN_POINT('Ctrl Pts',(33.5779168491446,32.2772381881439,2.));
#8015=CARTESIAN_POINT('Ctrl Pts',(33.5779168491446,32.2772381881439,3.8));
#8016=CARTESIAN_POINT('Ctrl Pts',(33.7127192170518,31.9982924477334,2.));
#8017=CARTESIAN_POINT('Ctrl Pts',(33.7127192170518,31.9982924477334,3.8));
#8018=CARTESIAN_POINT('Ctrl Pts',(34.0207315497767,31.3609243544176,2.));
#8019=CARTESIAN_POINT('Ctrl Pts',(34.0207315497767,31.3609243544176,3.8));
#8020=CARTESIAN_POINT('Ctrl Pts',(34.0346118297888,30.6504773538065,2.));
#8021=CARTESIAN_POINT('Ctrl Pts',(34.0346118297888,30.6504773538065,3.8));
#8022=CARTESIAN_POINT('Ctrl Pts',(34.0424173705321,30.2509592601899,2.));
#8023=CARTESIAN_POINT('Ctrl Pts',(34.0424173705321,30.2509592601899,3.8));
#8024=CARTESIAN_POINT('',(33.5779168491446,32.2772381881439,2.));
#8025=CARTESIAN_POINT('Ctrl Pts',(34.0424173705321,30.2509592601899,2.));
#8026=CARTESIAN_POINT('Ctrl Pts',(34.0346118297888,30.6504773538065,2.));
#8027=CARTESIAN_POINT('Ctrl Pts',(34.0207315497767,31.3609243544176,2.));
#8028=CARTESIAN_POINT('Ctrl Pts',(33.7127192170518,31.9982924477334,2.));
#8029=CARTESIAN_POINT('Ctrl Pts',(33.5779168491446,32.2772381881439,2.));
#8030=CARTESIAN_POINT('',(33.5779168491446,32.2772381881439,3.5));
#8031=CARTESIAN_POINT('Ctrl Pts',(33.5779168491446,32.2772381881439,3.5));
#8032=CARTESIAN_POINT('Ctrl Pts',(33.7127192170518,31.9982924477334,3.5));
#8033=CARTESIAN_POINT('Ctrl Pts',(34.0207315497767,31.3609243544176,3.5));
#8034=CARTESIAN_POINT('Ctrl Pts',(34.0346118297888,30.6504773538065,3.5));
#8035=CARTESIAN_POINT('Ctrl Pts',(34.0424173705321,30.2509592601899,3.5));
#8036=CARTESIAN_POINT('',(33.5779168491446,32.2772381881439,2.));
#8037=CARTESIAN_POINT('Ctrl Pts',(32.3060723862511,32.9786447426846,2.));
#8038=CARTESIAN_POINT('Ctrl Pts',(32.3060723862511,32.9786447426846,3.8));
#8039=CARTESIAN_POINT('Ctrl Pts',(32.5647111497544,32.948969320377,2.));
#8040=CARTESIAN_POINT('Ctrl Pts',(32.5647111497544,32.948969320377,3.8));
#8041=CARTESIAN_POINT('Ctrl Pts',(33.0844225744789,32.8893392177663,2.));
#8042=CARTESIAN_POINT('Ctrl Pts',(33.0844225744789,32.8893392177663,3.8));
#8043=CARTESIAN_POINT('Ctrl Pts',(33.412905976224,32.4819078882777,2.));
#8044=CARTESIAN_POINT('Ctrl Pts',(33.412905976224,32.4819078882777,3.8));
#8045=CARTESIAN_POINT('Ctrl Pts',(33.5779168491446,32.2772381881439,2.));
#8046=CARTESIAN_POINT('Ctrl Pts',(33.5779168491446,32.2772381881439,3.8));
#8047=CARTESIAN_POINT('Ctrl Pts',(33.5779168491446,32.2772381881439,2.));
#8048=CARTESIAN_POINT('Ctrl Pts',(33.412905976224,32.4819078882777,2.));
#8049=CARTESIAN_POINT('Ctrl Pts',(33.0844225744789,32.8893392177663,2.));
#8050=CARTESIAN_POINT('Ctrl Pts',(32.5647111497544,32.948969320377,2.));
#8051=CARTESIAN_POINT('Ctrl Pts',(32.3060723862511,32.9786447426846,2.));
#8052=CARTESIAN_POINT('Ctrl Pts',(32.3060723862511,32.9786447426846,3.5));
#8053=CARTESIAN_POINT('Ctrl Pts',(32.5647111497544,32.948969320377,3.5));
#8054=CARTESIAN_POINT('Ctrl Pts',(33.0844225744789,32.8893392177663,3.5));
#8055=CARTESIAN_POINT('Ctrl Pts',(33.412905976224,32.4819078882777,3.5));
#8056=CARTESIAN_POINT('Ctrl Pts',(33.5779168491446,32.2772381881439,3.5));
#8057=CARTESIAN_POINT('Ctrl Pts',(34.4122323618109,32.5425190615912,2.));
#8058=CARTESIAN_POINT('Ctrl Pts',(34.4122323618109,32.5425190615912,3.8));
#8059=CARTESIAN_POINT('Ctrl Pts',(34.1141414850921,32.8089350783032,2.));
#8060=CARTESIAN_POINT('Ctrl Pts',(34.1141414850921,32.8089350783032,3.8));
#8061=CARTESIAN_POINT('Ctrl Pts',(33.5133250774637,33.3459092918635,2.));
#8062=CARTESIAN_POINT('Ctrl Pts',(33.5133250774637,33.3459092918635,3.8));
#8063=CARTESIAN_POINT('Ctrl Pts',(32.7104095133784,33.4187596152781,2.));
#8064=CARTESIAN_POINT('Ctrl Pts',(32.7104095133784,33.4187596152781,3.8));
#8065=CARTESIAN_POINT('Ctrl Pts',(32.3058549151232,33.4554657580409,2.));
#8066=CARTESIAN_POINT('Ctrl Pts',(32.3058549151232,33.4554657580409,3.8));
#8067=CARTESIAN_POINT('',(32.3058549151232,33.4554657580409,2.));
#8068=CARTESIAN_POINT('',(34.4122323618109,32.5425190615912,2.));
#8069=CARTESIAN_POINT('Ctrl Pts',(32.3058549151232,33.4554657580409,2.));
#8070=CARTESIAN_POINT('Ctrl Pts',(32.7104095133784,33.4187596152781,2.));
#8071=CARTESIAN_POINT('Ctrl Pts',(33.5133250774637,33.3459092918635,2.));
#8072=CARTESIAN_POINT('Ctrl Pts',(34.1141414850921,32.8089350783032,2.));
#8073=CARTESIAN_POINT('Ctrl Pts',(34.4122323618109,32.5425190615912,2.));
#8074=CARTESIAN_POINT('',(32.3058549151232,33.4554657580409,3.5));
#8075=CARTESIAN_POINT('',(32.3058549151232,33.4554657580409,2.));
#8076=CARTESIAN_POINT('',(34.4122323618109,32.5425190615912,3.5));
#8077=CARTESIAN_POINT('Ctrl Pts',(34.4122323618109,32.5425190615912,3.5));
#8078=CARTESIAN_POINT('Ctrl Pts',(34.1141414850921,32.8089350783032,3.5));
#8079=CARTESIAN_POINT('Ctrl Pts',(33.5133250774637,33.3459092918635,3.5));
#8080=CARTESIAN_POINT('Ctrl Pts',(32.7104095133784,33.4187596152781,3.5));
#8081=CARTESIAN_POINT('Ctrl Pts',(32.3058549151232,33.4554657580409,3.5));
#8082=CARTESIAN_POINT('',(34.4122323618109,32.5425190615912,2.));
#8083=CARTESIAN_POINT('Ctrl Pts',(35.2610086234462,30.1455546618005,2.));
#8084=CARTESIAN_POINT('Ctrl Pts',(35.2610086234462,30.1455546618005,3.8));
#8085=CARTESIAN_POINT('Ctrl Pts',(35.232802907491,30.6080928982378,2.));
#8086=CARTESIAN_POINT('Ctrl Pts',(35.232802907491,30.6080928982378,3.8));
#8087=CARTESIAN_POINT('Ctrl Pts',(35.1789849638259,31.4906394285571,2.));
#8088=CARTESIAN_POINT('Ctrl Pts',(35.1789849638259,31.4906394285571,3.8));
#8089=CARTESIAN_POINT('Ctrl Pts',(34.6594714385994,32.2033408851096,2.));
#8090=CARTESIAN_POINT('Ctrl Pts',(34.6594714385994,32.2033408851096,3.8));
#8091=CARTESIAN_POINT('Ctrl Pts',(34.4122323618109,32.5425190615912,2.));
#8092=CARTESIAN_POINT('Ctrl Pts',(34.4122323618109,32.5425190615912,3.8));
#8093=CARTESIAN_POINT('',(35.2610086234462,30.1455546618005,2.));
#8094=CARTESIAN_POINT('Ctrl Pts',(34.4122323618109,32.5425190615912,2.));
#8095=CARTESIAN_POINT('Ctrl Pts',(34.6594714385994,32.2033408851096,2.));
#8096=CARTESIAN_POINT('Ctrl Pts',(35.1789849638259,31.4906394285571,2.));
#8097=CARTESIAN_POINT('Ctrl Pts',(35.232802907491,30.6080928982378,2.));
#8098=CARTESIAN_POINT('Ctrl Pts',(35.2610086234462,30.1455546618005,2.));
#8099=CARTESIAN_POINT('',(35.2610086234462,30.1455546618005,3.5));
#8100=CARTESIAN_POINT('Ctrl Pts',(35.2610086234462,30.1455546618005,3.5));
#8101=CARTESIAN_POINT('Ctrl Pts',(35.232802907491,30.6080928982378,3.5));
#8102=CARTESIAN_POINT('Ctrl Pts',(35.1789849638259,31.4906394285571,3.5));
#8103=CARTESIAN_POINT('Ctrl Pts',(34.6594714385994,32.2033408851096,3.5));
#8104=CARTESIAN_POINT('Ctrl Pts',(34.4122323618109,32.5425190615912,3.5));
#8105=CARTESIAN_POINT('',(35.2610086234462,30.1455546618005,2.));
#8106=CARTESIAN_POINT('Ctrl Pts',(34.4011605387562,27.7743016743832,2.));
#8107=CARTESIAN_POINT('Ctrl Pts',(34.4011605387562,27.7743016743832,3.8));
#8108=CARTESIAN_POINT('Ctrl Pts',(34.6519937906007,28.1109909512898,2.));
#8109=CARTESIAN_POINT('Ctrl Pts',(34.6519937906007,28.1109909512898,3.8));
#8110=CARTESIAN_POINT('Ctrl Pts',(35.1752843722413,28.8133951431146,2.));
#8111=CARTESIAN_POINT('Ctrl Pts',(35.1752843722413,28.8133951431146,3.8));
#8112=CARTESIAN_POINT('Ctrl Pts',(35.2316573675442,29.689434551264,2.));
#8113=CARTESIAN_POINT('Ctrl Pts',(35.2316573675442,29.689434551264,3.8));
#8114=CARTESIAN_POINT('Ctrl Pts',(35.2610086234462,30.1455546618005,2.));
#8115=CARTESIAN_POINT('Ctrl Pts',(35.2610086234462,30.1455546618005,3.8));
#8116=CARTESIAN_POINT('',(34.4011605387562,27.7743016743832,2.));
#8117=CARTESIAN_POINT('Ctrl Pts',(35.2610086234462,30.1455546618005,2.));
#8118=CARTESIAN_POINT('Ctrl Pts',(35.2316573675442,29.689434551264,2.));
#8119=CARTESIAN_POINT('Ctrl Pts',(35.1752843722413,28.8133951431146,2.));
#8120=CARTESIAN_POINT('Ctrl Pts',(34.6519937906007,28.1109909512898,2.));
#8121=CARTESIAN_POINT('Ctrl Pts',(34.4011605387562,27.7743016743832,2.));
#8122=CARTESIAN_POINT('',(34.4011605387562,27.7743016743832,3.5));
#8123=CARTESIAN_POINT('Ctrl Pts',(34.4011605387562,27.7743016743832,3.5));
#8124=CARTESIAN_POINT('Ctrl Pts',(34.6519937906007,28.1109909512898,3.5));
#8125=CARTESIAN_POINT('Ctrl Pts',(35.1752843722413,28.8133951431146,3.5));
#8126=CARTESIAN_POINT('Ctrl Pts',(35.2316573675442,29.689434551264,3.5));
#8127=CARTESIAN_POINT('Ctrl Pts',(35.2610086234462,30.1455546618005,3.5));
#8128=CARTESIAN_POINT('',(34.4011605387562,27.7743016743832,2.));
#8129=CARTESIAN_POINT('Ctrl Pts',(32.295613074796,26.8726793258002,2.));
#8130=CARTESIAN_POINT('Ctrl Pts',(32.295613074796,26.8726793258002,3.8));
#8131=CARTESIAN_POINT('Ctrl Pts',(32.6946321325952,26.9104198034402,2.));
#8132=CARTESIAN_POINT('Ctrl Pts',(32.6946321325952,26.9104198034402,3.8));
#8133=CARTESIAN_POINT('Ctrl Pts',(33.4928362249739,26.9859164573261,2.));
#8134=CARTESIAN_POINT('Ctrl Pts',(33.4928362249739,26.9859164573261,3.8));
#8135=CARTESIAN_POINT('Ctrl Pts',(34.098343798197,27.5114701745412,2.));
#8136=CARTESIAN_POINT('Ctrl Pts',(34.098343798197,27.5114701745412,3.8));
#8137=CARTESIAN_POINT('Ctrl Pts',(34.4011605387562,27.7743016743832,2.));
#8138=CARTESIAN_POINT('Ctrl Pts',(34.4011605387562,27.7743016743832,3.8));
#8139=CARTESIAN_POINT('',(32.295613074796,26.8726793258002,2.));
#8140=CARTESIAN_POINT('Ctrl Pts',(34.4011605387562,27.7743016743832,2.));
#8141=CARTESIAN_POINT('Ctrl Pts',(34.098343798197,27.5114701745412,2.));
#8142=CARTESIAN_POINT('Ctrl Pts',(33.4928362249739,26.9859164573261,2.));
#8143=CARTESIAN_POINT('Ctrl Pts',(32.6946321325952,26.9104198034402,2.));
#8144=CARTESIAN_POINT('Ctrl Pts',(32.295613074796,26.8726793258002,2.));
#8145=CARTESIAN_POINT('',(32.295613074796,26.8726793258002,3.5));
#8146=CARTESIAN_POINT('Ctrl Pts',(32.295613074796,26.8726793258002,3.5));
#8147=CARTESIAN_POINT('Ctrl Pts',(32.6946321325952,26.9104198034402,3.5));
#8148=CARTESIAN_POINT('Ctrl Pts',(33.4928362249739,26.9859164573261,3.5));
#8149=CARTESIAN_POINT('Ctrl Pts',(34.098343798197,27.5114701745412,3.5));
#8150=CARTESIAN_POINT('Ctrl Pts',(34.4011605387562,27.7743016743832,3.5));
#8151=CARTESIAN_POINT('',(32.295613074796,26.8726793258002,2.));
#8152=CARTESIAN_POINT('Ctrl Pts',(30.215726313677,27.7856381042663,2.));
#8153=CARTESIAN_POINT('Ctrl Pts',(30.215726313677,27.7856381042663,3.8));
#8154=CARTESIAN_POINT('Ctrl Pts',(30.5114569400348,27.5192173335293,2.));
#8155=CARTESIAN_POINT('Ctrl Pts',(30.5114569400348,27.5192173335293,3.8));
#8156=CARTESIAN_POINT('Ctrl Pts',(31.1039369812486,26.9854579756618,2.));
#8157=CARTESIAN_POINT('Ctrl Pts',(31.1039369812486,26.9854579756618,3.8));
#8158=CARTESIAN_POINT('Ctrl Pts',(31.8979326099349,26.9103152791824,2.));
#8159=CARTESIAN_POINT('Ctrl Pts',(31.8979326099349,26.9103152791824,3.8));
#8160=CARTESIAN_POINT('Ctrl Pts',(32.295613074796,26.8726793258002,2.));
#8161=CARTESIAN_POINT('Ctrl Pts',(32.295613074796,26.8726793258002,3.8));
#8162=CARTESIAN_POINT('',(30.215726313677,27.7856381042663,2.));
#8163=CARTESIAN_POINT('Ctrl Pts',(32.295613074796,26.8726793258002,2.));
#8164=CARTESIAN_POINT('Ctrl Pts',(31.8979326099349,26.9103152791824,2.));
#8165=CARTESIAN_POINT('Ctrl Pts',(31.1039369812486,26.9854579756618,2.));
#8166=CARTESIAN_POINT('Ctrl Pts',(30.5114569400348,27.5192173335293,2.));
#8167=CARTESIAN_POINT('Ctrl Pts',(30.215726313677,27.7856381042663,2.));
#8168=CARTESIAN_POINT('',(30.215726313677,27.7856381042663,3.5));
#8169=CARTESIAN_POINT('Ctrl Pts',(30.215726313677,27.7856381042663,3.5));
#8170=CARTESIAN_POINT('Ctrl Pts',(30.5114569400348,27.5192173335293,3.5));
#8171=CARTESIAN_POINT('Ctrl Pts',(31.1039369812486,26.9854579756618,3.5));
#8172=CARTESIAN_POINT('Ctrl Pts',(31.8979326099349,26.9103152791824,3.5));
#8173=CARTESIAN_POINT('Ctrl Pts',(32.295613074796,26.8726793258002,3.5));
#8174=CARTESIAN_POINT('',(30.215726313677,27.7856381042663,2.));
#8175=CARTESIAN_POINT('Ctrl Pts',(29.3934528196267,30.1561239005045,2.));
#8176=CARTESIAN_POINT('Ctrl Pts',(29.3934528196267,30.1561239005045,3.8));
#8177=CARTESIAN_POINT('Ctrl Pts',(29.4217163621803,29.7036009693438,2.));
#8178=CARTESIAN_POINT('Ctrl Pts',(29.4217163621803,29.7036009693438,3.8));
#8179=CARTESIAN_POINT('Ctrl Pts',(29.4759541058682,28.8352093759465,2.));
#8180=CARTESIAN_POINT('Ctrl Pts',(29.4759541058682,28.8352093759465,3.8));
#8181=CARTESIAN_POINT('Ctrl Pts',(29.9761735617549,28.1255098699468,2.));
#8182=CARTESIAN_POINT('Ctrl Pts',(29.9761735617549,28.1255098699468,3.8));
#8183=CARTESIAN_POINT('Ctrl Pts',(30.215726313677,27.7856381042663,2.));
#8184=CARTESIAN_POINT('Ctrl Pts',(30.215726313677,27.7856381042663,3.8));
#8185=CARTESIAN_POINT('',(29.3934528196267,30.1561239005045,2.));
#8186=CARTESIAN_POINT('Ctrl Pts',(30.215726313677,27.7856381042663,2.));
#8187=CARTESIAN_POINT('Ctrl Pts',(29.9761735617549,28.1255098699468,2.));
#8188=CARTESIAN_POINT('Ctrl Pts',(29.4759541058682,28.8352093759465,2.));
#8189=CARTESIAN_POINT('Ctrl Pts',(29.4217163621803,29.7036009693438,2.));
#8190=CARTESIAN_POINT('Ctrl Pts',(29.3934528196267,30.1561239005045,2.));
#8191=CARTESIAN_POINT('',(29.3934528196267,30.1561239005045,3.5));
#8192=CARTESIAN_POINT('Ctrl Pts',(29.3934528196267,30.1561239005045,3.5));
#8193=CARTESIAN_POINT('Ctrl Pts',(29.4217163621803,29.7036009693438,3.5));
#8194=CARTESIAN_POINT('Ctrl Pts',(29.4759541058682,28.8352093759465,3.5));
#8195=CARTESIAN_POINT('Ctrl Pts',(29.9761735617549,28.1255098699468,3.5));
#8196=CARTESIAN_POINT('Ctrl Pts',(30.215726313677,27.7856381042663,3.5));
#8197=CARTESIAN_POINT('',(29.3934528196267,30.1561239005045,2.));
#8198=CARTESIAN_POINT('Ctrl Pts',(30.213563683599,32.5273593604,2.));
#8199=CARTESIAN_POINT('Ctrl Pts',(30.213563683599,32.5273593604,3.8));
#8200=CARTESIAN_POINT('Ctrl Pts',(29.9743210491097,32.1872688188803,2.));
#8201=CARTESIAN_POINT('Ctrl Pts',(29.9743210491097,32.1872688188803,3.8));
#8202=CARTESIAN_POINT('Ctrl Pts',(29.4747494960284,31.4771129539861,2.));
#8203=CARTESIAN_POINT('Ctrl Pts',(29.4747494960284,31.4771129539861,3.8));
#8204=CARTESIAN_POINT('Ctrl Pts',(29.4213036719971,30.6086721809491,2.));
#8205=CARTESIAN_POINT('Ctrl Pts',(29.4213036719971,30.6086721809491,3.8));
#8206=CARTESIAN_POINT('Ctrl Pts',(29.3934528196267,30.1561239005045,2.));
#8207=CARTESIAN_POINT('Ctrl Pts',(29.3934528196267,30.1561239005045,3.8));
#8208=CARTESIAN_POINT('',(30.213563683599,32.5273593604,2.));
#8209=CARTESIAN_POINT('Ctrl Pts',(29.3934528196267,30.1561239005045,2.));
#8210=CARTESIAN_POINT('Ctrl Pts',(29.4213036719971,30.6086721809491,2.));
#8211=CARTESIAN_POINT('Ctrl Pts',(29.4747494960284,31.4771129539861,2.));
#8212=CARTESIAN_POINT('Ctrl Pts',(29.9743210491097,32.1872688188803,2.));
#8213=CARTESIAN_POINT('Ctrl Pts',(30.213563683599,32.5273593604,2.));
#8214=CARTESIAN_POINT('',(30.213563683599,32.5273593604,3.5));
#8215=CARTESIAN_POINT('Ctrl Pts',(30.213563683599,32.5273593604,3.5));
#8216=CARTESIAN_POINT('Ctrl Pts',(29.9743210491097,32.1872688188803,3.5));
#8217=CARTESIAN_POINT('Ctrl Pts',(29.4747494960284,31.4771129539861,3.5));
#8218=CARTESIAN_POINT('Ctrl Pts',(29.4213036719971,30.6086721809491,3.5));
#8219=CARTESIAN_POINT('Ctrl Pts',(29.3934528196267,30.1561239005045,3.5));
#8220=CARTESIAN_POINT('',(30.213563683599,32.5273593604,2.));
#8221=CARTESIAN_POINT('Ctrl Pts',(32.3058549151232,33.4554657580409,2.));
#8222=CARTESIAN_POINT('Ctrl Pts',(32.3058549151232,33.4554657580409,3.8));
#8223=CARTESIAN_POINT('Ctrl Pts',(31.9018417936541,33.4178256864304,2.));
#8224=CARTESIAN_POINT('Ctrl Pts',(31.9018417936541,33.4178256864304,3.8));
#8225=CARTESIAN_POINT('Ctrl Pts',(31.0998484133318,33.3431075976793,2.));
#8226=CARTESIAN_POINT('Ctrl Pts',(31.0998484133318,33.3431075976793,3.8));
#8227=CARTESIAN_POINT('Ctrl Pts',(30.5075066625457,32.7979083825057,2.));
#8228=CARTESIAN_POINT('Ctrl Pts',(30.5075066625457,32.7979083825057,3.8));
#8229=CARTESIAN_POINT('Ctrl Pts',(30.213563683599,32.5273593604,2.));
#8230=CARTESIAN_POINT('Ctrl Pts',(30.213563683599,32.5273593604,3.8));
#8231=CARTESIAN_POINT('Ctrl Pts',(30.213563683599,32.5273593604,2.));
#8232=CARTESIAN_POINT('Ctrl Pts',(30.5075066625457,32.7979083825057,2.));
#8233=CARTESIAN_POINT('Ctrl Pts',(31.0998484133318,33.3431075976793,2.));
#8234=CARTESIAN_POINT('Ctrl Pts',(31.9018417936541,33.4178256864304,2.));
#8235=CARTESIAN_POINT('Ctrl Pts',(32.3058549151232,33.4554657580409,2.));
#8236=CARTESIAN_POINT('Ctrl Pts',(32.3058549151232,33.4554657580409,3.5));
#8237=CARTESIAN_POINT('Ctrl Pts',(31.9018417936541,33.4178256864304,3.5));
#8238=CARTESIAN_POINT('Ctrl Pts',(31.0998484133318,33.3431075976793,3.5));
#8239=CARTESIAN_POINT('Ctrl Pts',(30.5075066625457,32.7979083825057,3.5));
#8240=CARTESIAN_POINT('Ctrl Pts',(30.213563683599,32.5273593604,3.5));
#8241=CARTESIAN_POINT('Origin',(28.1695875639095,30.7397651104091,3.5));
#8242=CARTESIAN_POINT('Origin',(28.1695875639095,30.7397651104091,2.));
#8243=CARTESIAN_POINT('Origin',(47.2609064298734,30.362948400866,2.));
#8244=CARTESIAN_POINT('',(47.261311167904,29.4755312959361,2.));
#8245=CARTESIAN_POINT('',(47.2609064298734,30.362948400866,2.));
#8246=CARTESIAN_POINT('',(47.261311167904,29.4755312959361,2.));
#8247=CARTESIAN_POINT('',(47.261311167904,29.4755312959361,3.5));
#8248=CARTESIAN_POINT('',(47.261311167904,29.4755312959361,2.));
#8249=CARTESIAN_POINT('',(47.2609064298734,30.362948400866,3.5));
#8250=CARTESIAN_POINT('',(47.261311167904,29.4755312959361,3.5));
#8251=CARTESIAN_POINT('',(47.2609064298734,30.362948400866,2.));
#8252=CARTESIAN_POINT('Ctrl Pts',(45.0227955300043,29.7129211968157,2.));
#8253=CARTESIAN_POINT('Ctrl Pts',(45.0227955300043,29.7129211968157,3.8));
#8254=CARTESIAN_POINT('Ctrl Pts',(45.3222684797286,29.8530118707336,2.));
#8255=CARTESIAN_POINT('Ctrl Pts',(45.3222684797286,29.8530118707336,3.8));
#8256=CARTESIAN_POINT('Ctrl Pts',(46.0327544191858,30.1853706168553,2.));
#8257=CARTESIAN_POINT('Ctrl Pts',(46.0327544191858,30.1853706168553,3.8));
#8258=CARTESIAN_POINT('Ctrl Pts',(46.8108066423295,30.2978687347007,2.));
#8259=CARTESIAN_POINT('Ctrl Pts',(46.8108066423295,30.2978687347007,3.8));
#8260=CARTESIAN_POINT('Ctrl Pts',(47.2609064298734,30.362948400866,2.));
#8261=CARTESIAN_POINT('Ctrl Pts',(47.2609064298734,30.362948400866,3.8));
#8262=CARTESIAN_POINT('',(45.0227955300043,29.7129211968157,2.));
#8263=CARTESIAN_POINT('Ctrl Pts',(47.2609064298734,30.362948400866,2.));
#8264=CARTESIAN_POINT('Ctrl Pts',(46.8108066423295,30.2978687347007,2.));
#8265=CARTESIAN_POINT('Ctrl Pts',(46.0327544191858,30.1853706168553,2.));
#8266=CARTESIAN_POINT('Ctrl Pts',(45.3222684797286,29.8530118707336,2.));
#8267=CARTESIAN_POINT('Ctrl Pts',(45.0227955300043,29.7129211968157,2.));
#8268=CARTESIAN_POINT('',(45.0227955300043,29.7129211968157,3.5));
#8269=CARTESIAN_POINT('Ctrl Pts',(45.0227955300043,29.7129211968157,3.5));
#8270=CARTESIAN_POINT('Ctrl Pts',(45.3222684797286,29.8530118707336,3.5));
#8271=CARTESIAN_POINT('Ctrl Pts',(46.0327544191858,30.1853706168553,3.5));
#8272=CARTESIAN_POINT('Ctrl Pts',(46.8108066423295,30.2978687347007,3.5));
#8273=CARTESIAN_POINT('Ctrl Pts',(47.2609064298734,30.362948400866,3.5));
#8274=CARTESIAN_POINT('',(45.0227955300043,29.7129211968157,2.));
#8275=CARTESIAN_POINT('Ctrl Pts',(44.3346198520461,28.4675734594117,2.));
#8276=CARTESIAN_POINT('Ctrl Pts',(44.3346198520461,28.4675734594117,3.8));
#8277=CARTESIAN_POINT('Ctrl Pts',(44.3626615803611,28.72442740062,2.));
#8278=CARTESIAN_POINT('Ctrl Pts',(44.3626615803611,28.72442740062,3.8));
#8279=CARTESIAN_POINT('Ctrl Pts',(44.4184848544532,29.2357520879089,2.));
#8280=CARTESIAN_POINT('Ctrl Pts',(44.4184848544532,29.2357520879089,3.8));
#8281=CARTESIAN_POINT('Ctrl Pts',(44.8219855202144,29.5543598188563,2.));
#8282=CARTESIAN_POINT('Ctrl Pts',(44.8219855202144,29.5543598188563,3.8));
#8283=CARTESIAN_POINT('Ctrl Pts',(45.0227955300043,29.7129211968157,2.));
#8284=CARTESIAN_POINT('Ctrl Pts',(45.0227955300043,29.7129211968157,3.8));
#8285=CARTESIAN_POINT('',(44.3346198520461,28.4675734594117,2.));
#8286=CARTESIAN_POINT('Ctrl Pts',(45.0227955300043,29.7129211968157,2.));
#8287=CARTESIAN_POINT('Ctrl Pts',(44.8219855202144,29.5543598188563,2.));
#8288=CARTESIAN_POINT('Ctrl Pts',(44.4184848544532,29.2357520879089,2.));
#8289=CARTESIAN_POINT('Ctrl Pts',(44.3626615803611,28.72442740062,2.));
#8290=CARTESIAN_POINT('Ctrl Pts',(44.3346198520461,28.4675734594117,2.));
#8291=CARTESIAN_POINT('',(44.3346198520461,28.4675734594117,3.5));
#8292=CARTESIAN_POINT('Ctrl Pts',(44.3346198520461,28.4675734594117,3.5));
#8293=CARTESIAN_POINT('Ctrl Pts',(44.3626615803611,28.72442740062,3.5));
#8294=CARTESIAN_POINT('Ctrl Pts',(44.4184848544532,29.2357520879089,3.5));
#8295=CARTESIAN_POINT('Ctrl Pts',(44.8219855202144,29.5543598188563,3.5));
#8296=CARTESIAN_POINT('Ctrl Pts',(45.0227955300043,29.7129211968157,3.5));
#8297=CARTESIAN_POINT('',(44.3346198520461,28.4675734594117,2.));
#8298=CARTESIAN_POINT('Ctrl Pts',(44.5998843911518,27.6729927838213,2.));
#8299=CARTESIAN_POINT('Ctrl Pts',(44.5998843911518,27.6729927838213,3.8));
#8300=CARTESIAN_POINT('Ctrl Pts',(44.5226638705394,27.7839424137516,2.));
#8301=CARTESIAN_POINT('Ctrl Pts',(44.5226638705394,27.7839424137516,3.8));
#8302=CARTESIAN_POINT('Ctrl Pts',(44.3570350171235,28.0219162042228,2.));
#8303=CARTESIAN_POINT('Ctrl Pts',(44.3570350171235,28.0219162042228,3.8));
#8304=CARTESIAN_POINT('Ctrl Pts',(44.3424206287887,28.3124787840242,2.));
#8305=CARTESIAN_POINT('Ctrl Pts',(44.3424206287887,28.3124787840242,3.8));
#8306=CARTESIAN_POINT('Ctrl Pts',(44.3346198520461,28.4675734594117,2.));
#8307=CARTESIAN_POINT('Ctrl Pts',(44.3346198520461,28.4675734594117,3.8));
#8308=CARTESIAN_POINT('',(44.5998843911518,27.6729927838213,2.));
#8309=CARTESIAN_POINT('Ctrl Pts',(44.3346198520461,28.4675734594117,2.));
#8310=CARTESIAN_POINT('Ctrl Pts',(44.3424206287887,28.3124787840242,2.));
#8311=CARTESIAN_POINT('Ctrl Pts',(44.3570350171235,28.0219162042228,2.));
#8312=CARTESIAN_POINT('Ctrl Pts',(44.5226638705394,27.7839424137516,2.));
#8313=CARTESIAN_POINT('Ctrl Pts',(44.5998843911518,27.6729927838213,2.));
#8314=CARTESIAN_POINT('',(44.5998843911518,27.6729927838213,3.5));
#8315=CARTESIAN_POINT('Ctrl Pts',(44.5998843911518,27.6729927838213,3.5));
#8316=CARTESIAN_POINT('Ctrl Pts',(44.5226638705394,27.7839424137516,3.5));
#8317=CARTESIAN_POINT('Ctrl Pts',(44.3570350171235,28.0219162042228,3.5));
#8318=CARTESIAN_POINT('Ctrl Pts',(44.3424206287887,28.3124787840242,3.5));
#8319=CARTESIAN_POINT('Ctrl Pts',(44.3346198520461,28.4675734594117,3.5));
#8320=CARTESIAN_POINT('',(44.5998843911518,27.6729927838213,2.));
#8321=CARTESIAN_POINT('Ctrl Pts',(45.3417313720451,27.3951848335698,2.));
#8322=CARTESIAN_POINT('Ctrl Pts',(45.3417313720451,27.3951848335698,3.8));
#8323=CARTESIAN_POINT('Ctrl Pts',(45.1973004152401,27.4044220045434,2.));
#8324=CARTESIAN_POINT('Ctrl Pts',(45.1973004152401,27.4044220045434,3.8));
#8325=CARTESIAN_POINT('Ctrl Pts',(44.921141816222,27.4220838981665,2.));
#8326=CARTESIAN_POINT('Ctrl Pts',(44.921141816222,27.4220838981665,3.8));
#8327=CARTESIAN_POINT('Ctrl Pts',(44.7036350913966,27.5919612790128,2.));
#8328=CARTESIAN_POINT('Ctrl Pts',(44.7036350913966,27.5919612790128,3.8));
#8329=CARTESIAN_POINT('Ctrl Pts',(44.5998843911518,27.6729927838213,2.));
#8330=CARTESIAN_POINT('Ctrl Pts',(44.5998843911518,27.6729927838213,3.8));
#8331=CARTESIAN_POINT('',(45.3417313720451,27.3951848335698,2.));
#8332=CARTESIAN_POINT('Ctrl Pts',(44.5998843911518,27.6729927838213,2.));
#8333=CARTESIAN_POINT('Ctrl Pts',(44.7036350913966,27.5919612790128,2.));
#8334=CARTESIAN_POINT('Ctrl Pts',(44.921141816222,27.4220838981665,2.));
#8335=CARTESIAN_POINT('Ctrl Pts',(45.1973004152401,27.4044220045434,2.));
#8336=CARTESIAN_POINT('Ctrl Pts',(45.3417313720451,27.3951848335698,2.));
#8337=CARTESIAN_POINT('',(45.3417313720451,27.3951848335698,3.5));
#8338=CARTESIAN_POINT('Ctrl Pts',(45.3417313720451,27.3951848335698,3.5));
#8339=CARTESIAN_POINT('Ctrl Pts',(45.1973004152401,27.4044220045434,3.5));
#8340=CARTESIAN_POINT('Ctrl Pts',(44.921141816222,27.4220838981665,3.5));
#8341=CARTESIAN_POINT('Ctrl Pts',(44.7036350913966,27.5919612790128,3.5));
#8342=CARTESIAN_POINT('Ctrl Pts',(44.5998843911518,27.6729927838213,3.5));
#8343=CARTESIAN_POINT('',(45.3417313720451,27.3951848335698,2.));
#8344=CARTESIAN_POINT('Ctrl Pts',(46.6792130083852,27.9785769302042,2.));
#8345=CARTESIAN_POINT('Ctrl Pts',(46.6792130083852,27.9785769302042,3.8));
#8346=CARTESIAN_POINT('Ctrl Pts',(46.4833619556022,27.8085229626051,2.));
#8347=CARTESIAN_POINT('Ctrl Pts',(46.4833619556022,27.8085229626051,3.8));
#8348=CARTESIAN_POINT('Ctrl Pts',(46.0980580335446,27.4739704557569,2.));
#8349=CARTESIAN_POINT('Ctrl Pts',(46.0980580335446,27.4739704557569,3.8));
#8350=CARTESIAN_POINT('Ctrl Pts',(45.591033787068,27.4211543608656,2.));
#8351=CARTESIAN_POINT('Ctrl Pts',(45.591033787068,27.4211543608656,3.8));
#8352=CARTESIAN_POINT('Ctrl Pts',(45.3417313720451,27.3951848335698,2.));
#8353=CARTESIAN_POINT('Ctrl Pts',(45.3417313720451,27.3951848335698,3.8));
#8354=CARTESIAN_POINT('',(46.6792130083852,27.9785769302042,2.));
#8355=CARTESIAN_POINT('Ctrl Pts',(45.3417313720451,27.3951848335698,2.));
#8356=CARTESIAN_POINT('Ctrl Pts',(45.591033787068,27.4211543608656,2.));
#8357=CARTESIAN_POINT('Ctrl Pts',(46.0980580335446,27.4739704557569,2.));
#8358=CARTESIAN_POINT('Ctrl Pts',(46.4833619556022,27.8085229626051,2.));
#8359=CARTESIAN_POINT('Ctrl Pts',(46.6792130083852,27.9785769302042,2.));
#8360=CARTESIAN_POINT('',(46.6792130083852,27.9785769302042,3.5));
#8361=CARTESIAN_POINT('Ctrl Pts',(46.6792130083852,27.9785769302042,3.5));
#8362=CARTESIAN_POINT('Ctrl Pts',(46.4833619556022,27.8085229626051,3.5));
#8363=CARTESIAN_POINT('Ctrl Pts',(46.0980580335446,27.4739704557569,3.5));
#8364=CARTESIAN_POINT('Ctrl Pts',(45.591033787068,27.4211543608656,3.5));
#8365=CARTESIAN_POINT('Ctrl Pts',(45.3417313720451,27.3951848335698,3.5));
#8366=CARTESIAN_POINT('',(46.6792130083852,27.9785769302042,2.));
#8367=CARTESIAN_POINT('Ctrl Pts',(47.261311167904,29.4755312959361,2.));
#8368=CARTESIAN_POINT('Ctrl Pts',(47.261311167904,29.4755312959361,3.8));
#8369=CARTESIAN_POINT('Ctrl Pts',(47.2393321904415,29.1902512049118,2.));
#8370=CARTESIAN_POINT('Ctrl Pts',(47.2393321904415,29.1902512049118,3.8));
#8371=CARTESIAN_POINT('Ctrl Pts',(47.1963055825056,28.6317796086187,2.));
#8372=CARTESIAN_POINT('Ctrl Pts',(47.1963055825056,28.6317796086187,3.8));
#8373=CARTESIAN_POINT('Ctrl Pts',(46.8490718110927,28.1931462944414,2.));
#8374=CARTESIAN_POINT('Ctrl Pts',(46.8490718110927,28.1931462944414,3.8));
#8375=CARTESIAN_POINT('Ctrl Pts',(46.6792130083852,27.9785769302042,2.));
#8376=CARTESIAN_POINT('Ctrl Pts',(46.6792130083852,27.9785769302042,3.8));
#8377=CARTESIAN_POINT('Ctrl Pts',(46.6792130083852,27.9785769302042,2.));
#8378=CARTESIAN_POINT('Ctrl Pts',(46.8490718110927,28.1931462944414,2.));
#8379=CARTESIAN_POINT('Ctrl Pts',(47.1963055825056,28.6317796086187,2.));
#8380=CARTESIAN_POINT('Ctrl Pts',(47.2393321904415,29.1902512049118,2.));
#8381=CARTESIAN_POINT('Ctrl Pts',(47.261311167904,29.4755312959361,2.));
#8382=CARTESIAN_POINT('Ctrl Pts',(47.261311167904,29.4755312959361,3.5));
#8383=CARTESIAN_POINT('Ctrl Pts',(47.2393321904415,29.1902512049118,3.5));
#8384=CARTESIAN_POINT('Ctrl Pts',(47.1963055825056,28.6317796086187,3.5));
#8385=CARTESIAN_POINT('Ctrl Pts',(46.8490718110927,28.1931462944414,3.5));
#8386=CARTESIAN_POINT('Ctrl Pts',(46.6792130083852,27.9785769302042,3.5));
#8387=CARTESIAN_POINT('Ctrl Pts',(44.7701251121203,31.9379715560733,2.));
#8388=CARTESIAN_POINT('Ctrl Pts',(44.7701251121203,31.9379715560733,3.8));
#8389=CARTESIAN_POINT('Ctrl Pts',(44.7095114381858,32.0363092174569,2.));
#8390=CARTESIAN_POINT('Ctrl Pts',(44.7095114381858,32.0363092174569,3.8));
#8391=CARTESIAN_POINT('Ctrl Pts',(44.6231079172486,32.176487491314,2.));
#8392=CARTESIAN_POINT('Ctrl Pts',(44.6231079172486,32.176487491314,3.8));
#8393=CARTESIAN_POINT('Ctrl Pts',(44.5627686604361,32.3293333794795,2.));
#8394=CARTESIAN_POINT('Ctrl Pts',(44.5627686604361,32.3293333794795,3.8));
#8395=CARTESIAN_POINT('Ctrl Pts',(44.544758512417,32.374955039662,2.));
#8396=CARTESIAN_POINT('Ctrl Pts',(44.544758512417,32.374955039662,3.8));
#8397=CARTESIAN_POINT('',(44.544758512417,32.374955039662,2.));
#8398=CARTESIAN_POINT('',(44.7701251121203,31.9379715560733,2.));
#8399=CARTESIAN_POINT('Ctrl Pts',(44.544758512417,32.374955039662,2.));
#8400=CARTESIAN_POINT('Ctrl Pts',(44.5627686604361,32.3293333794795,2.));
#8401=CARTESIAN_POINT('Ctrl Pts',(44.6231079172486,32.176487491314,2.));
#8402=CARTESIAN_POINT('Ctrl Pts',(44.7095114381858,32.0363092174569,2.));
#8403=CARTESIAN_POINT('Ctrl Pts',(44.7701251121203,31.9379715560733,2.));
#8404=CARTESIAN_POINT('',(44.544758512417,32.374955039662,3.5));
#8405=CARTESIAN_POINT('',(44.544758512417,32.374955039662,2.));
#8406=CARTESIAN_POINT('',(44.7701251121203,31.9379715560733,3.5));
#8407=CARTESIAN_POINT('Ctrl Pts',(44.7701251121203,31.9379715560733,3.5));
#8408=CARTESIAN_POINT('Ctrl Pts',(44.7095114381858,32.0363092174569,3.5));
#8409=CARTESIAN_POINT('Ctrl Pts',(44.6231079172486,32.176487491314,3.5));
#8410=CARTESIAN_POINT('Ctrl Pts',(44.5627686604361,32.3293333794795,3.5));
#8411=CARTESIAN_POINT('Ctrl Pts',(44.544758512417,32.374955039662,3.5));
#8412=CARTESIAN_POINT('',(44.7701251121203,31.9379715560733,2.));
#8413=CARTESIAN_POINT('Ctrl Pts',(44.8894927243152,31.5804100129867,2.));
#8414=CARTESIAN_POINT('Ctrl Pts',(44.8894927243152,31.5804100129867,3.8));
#8415=CARTESIAN_POINT('Ctrl Pts',(44.8828093644754,31.6377427353718,2.));
#8416=CARTESIAN_POINT('Ctrl Pts',(44.8828093644754,31.6377427353718,3.8));
#8417=CARTESIAN_POINT('Ctrl Pts',(44.8679865458463,31.7648992204017,2.));
#8418=CARTESIAN_POINT('Ctrl Pts',(44.8679865458463,31.7648992204017,3.8));
#8419=CARTESIAN_POINT('Ctrl Pts',(44.8048141411028,31.8766224521455,2.));
#8420=CARTESIAN_POINT('Ctrl Pts',(44.8048141411028,31.8766224521455,3.8));
#8421=CARTESIAN_POINT('Ctrl Pts',(44.7701251121203,31.9379715560733,2.));
#8422=CARTESIAN_POINT('Ctrl Pts',(44.7701251121203,31.9379715560733,3.8));
#8423=CARTESIAN_POINT('',(44.8894927243152,31.5804100129867,2.));
#8424=CARTESIAN_POINT('Ctrl Pts',(44.7701251121203,31.9379715560733,2.));
#8425=CARTESIAN_POINT('Ctrl Pts',(44.8048141411028,31.8766224521455,2.));
#8426=CARTESIAN_POINT('Ctrl Pts',(44.8679865458463,31.7648992204017,2.));
#8427=CARTESIAN_POINT('Ctrl Pts',(44.8828093644754,31.6377427353718,2.));
#8428=CARTESIAN_POINT('Ctrl Pts',(44.8894927243152,31.5804100129867,2.));
#8429=CARTESIAN_POINT('',(44.8894927243152,31.5804100129867,3.5));
#8430=CARTESIAN_POINT('Ctrl Pts',(44.8894927243152,31.5804100129867,3.5));
#8431=CARTESIAN_POINT('Ctrl Pts',(44.8828093644754,31.6377427353718,3.5));
#8432=CARTESIAN_POINT('Ctrl Pts',(44.8679865458463,31.7648992204017,3.5));
#8433=CARTESIAN_POINT('Ctrl Pts',(44.8048141411028,31.8766224521455,3.5));
#8434=CARTESIAN_POINT('Ctrl Pts',(44.7701251121203,31.9379715560733,3.5));
#8435=CARTESIAN_POINT('',(44.8894927243152,31.5804100129867,2.));
#8436=CARTESIAN_POINT('Ctrl Pts',(44.2010512479796,30.9178442450749,2.));
#8437=CARTESIAN_POINT('Ctrl Pts',(44.2010512479796,30.9178442450749,3.8));
#8438=CARTESIAN_POINT('Ctrl Pts',(44.4019086529459,30.9437569323078,2.));
#8439=CARTESIAN_POINT('Ctrl Pts',(44.4019086529459,30.9437569323078,3.8));
#8440=CARTESIAN_POINT('Ctrl Pts',(44.7974199461276,30.9947819888102,2.));
#8441=CARTESIAN_POINT('Ctrl Pts',(44.7974199461276,30.9947819888102,3.8));
#8442=CARTESIAN_POINT('Ctrl Pts',(44.8591244056852,31.3872526130804,2.));
#8443=CARTESIAN_POINT('Ctrl Pts',(44.8591244056852,31.3872526130804,3.8));
#8444=CARTESIAN_POINT('Ctrl Pts',(44.8894927243152,31.5804100129867,2.));
#8445=CARTESIAN_POINT('Ctrl Pts',(44.8894927243152,31.5804100129867,3.8));
#8446=CARTESIAN_POINT('',(44.2010512479796,30.9178442450749,2.));
#8447=CARTESIAN_POINT('Ctrl Pts',(44.8894927243152,31.5804100129867,2.));
#8448=CARTESIAN_POINT('Ctrl Pts',(44.8591244056852,31.3872526130804,2.));
#8449=CARTESIAN_POINT('Ctrl Pts',(44.7974199461276,30.9947819888102,2.));
#8450=CARTESIAN_POINT('Ctrl Pts',(44.4019086529459,30.9437569323078,2.));
#8451=CARTESIAN_POINT('Ctrl Pts',(44.2010512479796,30.9178442450749,2.));
#8452=CARTESIAN_POINT('',(44.2010512479796,30.9178442450749,3.5));
#8453=CARTESIAN_POINT('Ctrl Pts',(44.2010512479796,30.9178442450749,3.5));
#8454=CARTESIAN_POINT('Ctrl Pts',(44.4019086529459,30.9437569323078,3.5));
#8455=CARTESIAN_POINT('Ctrl Pts',(44.7974199461276,30.9947819888102,3.5));
#8456=CARTESIAN_POINT('Ctrl Pts',(44.8591244056852,31.3872526130804,3.5));
#8457=CARTESIAN_POINT('Ctrl Pts',(44.8894927243152,31.5804100129867,3.5));
#8458=CARTESIAN_POINT('',(44.2010512479796,30.9178442450749,2.));
#8459=CARTESIAN_POINT('Ctrl Pts',(43.6314263925101,31.1162598621876,2.));
#8460=CARTESIAN_POINT('Ctrl Pts',(43.6314263925101,31.1162598621876,3.8));
#8461=CARTESIAN_POINT('Ctrl Pts',(43.7134953030303,31.058372853504,2.));
#8462=CARTESIAN_POINT('Ctrl Pts',(43.7134953030303,31.058372853504,3.8));
#8463=CARTESIAN_POINT('Ctrl Pts',(43.8840674265322,30.9380604242084,2.));
#8464=CARTESIAN_POINT('Ctrl Pts',(43.8840674265322,30.9380604242084,3.8));
#8465=CARTESIAN_POINT('Ctrl Pts',(44.0927658085315,30.9247503320526,2.));
#8466=CARTESIAN_POINT('Ctrl Pts',(44.0927658085315,30.9247503320526,3.8));
#8467=CARTESIAN_POINT('Ctrl Pts',(44.2010512479796,30.9178442450749,2.));
#8468=CARTESIAN_POINT('Ctrl Pts',(44.2010512479796,30.9178442450749,3.8));
#8469=CARTESIAN_POINT('',(43.6314263925101,31.1162598621876,2.));
#8470=CARTESIAN_POINT('Ctrl Pts',(44.2010512479796,30.9178442450749,2.));
#8471=CARTESIAN_POINT('Ctrl Pts',(44.0927658085315,30.9247503320526,2.));
#8472=CARTESIAN_POINT('Ctrl Pts',(43.8840674265322,30.9380604242084,2.));
#8473=CARTESIAN_POINT('Ctrl Pts',(43.7134953030303,31.058372853504,2.));
#8474=CARTESIAN_POINT('Ctrl Pts',(43.6314263925101,31.1162598621876,2.));
#8475=CARTESIAN_POINT('',(43.6314263925101,31.1162598621876,3.5));
#8476=CARTESIAN_POINT('Ctrl Pts',(43.6314263925101,31.1162598621876,3.5));
#8477=CARTESIAN_POINT('Ctrl Pts',(43.7134953030303,31.058372853504,3.5));
#8478=CARTESIAN_POINT('Ctrl Pts',(43.8840674265322,30.9380604242084,3.5));
#8479=CARTESIAN_POINT('Ctrl Pts',(44.0927658085315,30.9247503320526,3.5));
#8480=CARTESIAN_POINT('Ctrl Pts',(44.2010512479796,30.9178442450749,3.5));
#8481=CARTESIAN_POINT('',(43.6314263925101,31.1162598621876,2.));
#8482=CARTESIAN_POINT('Ctrl Pts',(43.4192338372173,31.7121899244623,2.));
#8483=CARTESIAN_POINT('Ctrl Pts',(43.4192338372173,31.7121899244623,3.8));
#8484=CARTESIAN_POINT('Ctrl Pts',(43.4253976237821,31.5942148569889,2.));
#8485=CARTESIAN_POINT('Ctrl Pts',(43.4253976237821,31.5942148569889,3.8));
#8486=CARTESIAN_POINT('Ctrl Pts',(43.4369269791005,31.3735426358927,2.));
#8487=CARTESIAN_POINT('Ctrl Pts',(43.4369269791005,31.3735426358927,3.8));
#8488=CARTESIAN_POINT('Ctrl Pts',(43.5696563620122,31.1979689249541,2.));
#8489=CARTESIAN_POINT('Ctrl Pts',(43.5696563620122,31.1979689249541,3.8));
#8490=CARTESIAN_POINT('Ctrl Pts',(43.6314263925101,31.1162598621876,2.));
#8491=CARTESIAN_POINT('Ctrl Pts',(43.6314263925101,31.1162598621876,3.8));
#8492=CARTESIAN_POINT('',(43.4192338372173,31.7121899244623,2.));
#8493=CARTESIAN_POINT('Ctrl Pts',(43.6314263925101,31.1162598621876,2.));
#8494=CARTESIAN_POINT('Ctrl Pts',(43.5696563620122,31.1979689249541,2.));
#8495=CARTESIAN_POINT('Ctrl Pts',(43.4369269791005,31.3735426358927,2.));
#8496=CARTESIAN_POINT('Ctrl Pts',(43.4253976237821,31.5942148569889,2.));
#8497=CARTESIAN_POINT('Ctrl Pts',(43.4192338372173,31.7121899244623,2.));
#8498=CARTESIAN_POINT('',(43.4192338372173,31.7121899244623,3.5));
#8499=CARTESIAN_POINT('Ctrl Pts',(43.4192338372173,31.7121899244623,3.5));
#8500=CARTESIAN_POINT('Ctrl Pts',(43.4253976237821,31.5942148569889,3.5));
#8501=CARTESIAN_POINT('Ctrl Pts',(43.4369269791005,31.3735426358927,3.5));
#8502=CARTESIAN_POINT('Ctrl Pts',(43.5696563620122,31.1979689249541,3.5));
#8503=CARTESIAN_POINT('Ctrl Pts',(43.6314263925101,31.1162598621876,3.5));
#8504=CARTESIAN_POINT('',(43.4192338372173,31.7121899244623,2.));
#8505=CARTESIAN_POINT('Ctrl Pts',(44.1868925420777,32.9178384723462,2.));
#8506=CARTESIAN_POINT('Ctrl Pts',(44.1868925420777,32.9178384723462,3.8));
#8507=CARTESIAN_POINT('Ctrl Pts',(43.963447376592,32.7502602801065,2.));
#8508=CARTESIAN_POINT('Ctrl Pts',(43.963447376592,32.7502602801065,3.8));
#8509=CARTESIAN_POINT('Ctrl Pts',(43.5525941880238,32.4421308360589,2.));
#8510=CARTESIAN_POINT('Ctrl Pts',(43.5525941880238,32.4421308360589,3.8));
#8511=CARTESIAN_POINT('Ctrl Pts',(43.4610095686462,31.9408472075109,2.));
#8512=CARTESIAN_POINT('Ctrl Pts',(43.4610095686462,31.9408472075109,3.8));
#8513=CARTESIAN_POINT('Ctrl Pts',(43.4192338372173,31.7121899244623,2.));
#8514=CARTESIAN_POINT('Ctrl Pts',(43.4192338372173,31.7121899244623,3.8));
#8515=CARTESIAN_POINT('',(44.1868925420777,32.9178384723462,2.));
#8516=CARTESIAN_POINT('Ctrl Pts',(43.4192338372173,31.7121899244623,2.));
#8517=CARTESIAN_POINT('Ctrl Pts',(43.4610095686462,31.9408472075109,2.));
#8518=CARTESIAN_POINT('Ctrl Pts',(43.5525941880238,32.4421308360589,2.));
#8519=CARTESIAN_POINT('Ctrl Pts',(43.963447376592,32.7502602801065,2.));
#8520=CARTESIAN_POINT('Ctrl Pts',(44.1868925420777,32.9178384723462,2.));
#8521=CARTESIAN_POINT('',(44.1868925420777,32.9178384723462,3.5));
#8522=CARTESIAN_POINT('Ctrl Pts',(44.1868925420777,32.9178384723462,3.5));
#8523=CARTESIAN_POINT('Ctrl Pts',(43.963447376592,32.7502602801065,3.5));
#8524=CARTESIAN_POINT('Ctrl Pts',(43.5525941880238,32.4421308360589,3.5));
#8525=CARTESIAN_POINT('Ctrl Pts',(43.4610095686462,31.9408472075109,3.5));
#8526=CARTESIAN_POINT('Ctrl Pts',(43.4192338372173,31.7121899244623,3.5));
#8527=CARTESIAN_POINT('',(44.1868925420777,32.9178384723462,2.));
#8528=CARTESIAN_POINT('Ctrl Pts',(46.107183887949,33.448515593898,2.));
#8529=CARTESIAN_POINT('Ctrl Pts',(46.107183887949,33.448515593898,3.8));
#8530=CARTESIAN_POINT('Ctrl Pts',(45.7472541996901,33.4316857497779,2.));
#8531=CARTESIAN_POINT('Ctrl Pts',(45.7472541996901,33.4316857497779,3.8));
#8532=CARTESIAN_POINT('Ctrl Pts',(45.0657212711232,33.3998181563989,2.));
#8533=CARTESIAN_POINT('Ctrl Pts',(45.0657212711232,33.3998181563989,3.8));
#8534=CARTESIAN_POINT('Ctrl Pts',(44.4686430917103,33.072360094598,2.));
#8535=CARTESIAN_POINT('Ctrl Pts',(44.4686430917103,33.072360094598,3.8));
#8536=CARTESIAN_POINT('Ctrl Pts',(44.1868925420777,32.9178384723462,2.));
#8537=CARTESIAN_POINT('Ctrl Pts',(44.1868925420777,32.9178384723462,3.8));
#8538=CARTESIAN_POINT('',(46.107183887949,33.448515593898,2.));
#8539=CARTESIAN_POINT('Ctrl Pts',(44.1868925420777,32.9178384723462,2.));
#8540=CARTESIAN_POINT('Ctrl Pts',(44.4686430917103,33.072360094598,2.));
#8541=CARTESIAN_POINT('Ctrl Pts',(45.0657212711232,33.3998181563989,2.));
#8542=CARTESIAN_POINT('Ctrl Pts',(45.7472541996901,33.4316857497779,2.));
#8543=CARTESIAN_POINT('Ctrl Pts',(46.107183887949,33.448515593898,2.));
#8544=CARTESIAN_POINT('',(46.107183887949,33.448515593898,3.5));
#8545=CARTESIAN_POINT('Ctrl Pts',(46.107183887949,33.448515593898,3.5));
#8546=CARTESIAN_POINT('Ctrl Pts',(45.7472541996901,33.4316857497779,3.5));
#8547=CARTESIAN_POINT('Ctrl Pts',(45.0657212711232,33.3998181563989,3.5));
#8548=CARTESIAN_POINT('Ctrl Pts',(44.4686430917103,33.072360094598,3.5));
#8549=CARTESIAN_POINT('Ctrl Pts',(44.1868925420777,32.9178384723462,3.5));
#8550=CARTESIAN_POINT('',(46.107183887949,33.448515593898,2.));
#8551=CARTESIAN_POINT('Ctrl Pts',(47.7497796766349,32.9856883928906,2.));
#8552=CARTESIAN_POINT('Ctrl Pts',(47.7497796766349,32.9856883928906,3.8));
#8553=CARTESIAN_POINT('Ctrl Pts',(47.5191940428063,33.1205202171025,2.));
#8554=CARTESIAN_POINT('Ctrl Pts',(47.5191940428063,33.1205202171025,3.8));
#8555=CARTESIAN_POINT('Ctrl Pts',(47.0137258617291,33.4160858852843,2.));
#8556=CARTESIAN_POINT('Ctrl Pts',(47.0137258617291,33.4160858852843,3.8));
#8557=CARTESIAN_POINT('Ctrl Pts',(46.4265179487694,33.4370920626746,2.));
#8558=CARTESIAN_POINT('Ctrl Pts',(46.4265179487694,33.4370920626746,3.8));
#8559=CARTESIAN_POINT('Ctrl Pts',(46.107183887949,33.448515593898,2.));
#8560=CARTESIAN_POINT('Ctrl Pts',(46.107183887949,33.448515593898,3.8));
#8561=CARTESIAN_POINT('',(47.7497796766349,32.9856883928906,2.));
#8562=CARTESIAN_POINT('Ctrl Pts',(46.107183887949,33.448515593898,2.));
#8563=CARTESIAN_POINT('Ctrl Pts',(46.4265179487694,33.4370920626746,2.));
#8564=CARTESIAN_POINT('Ctrl Pts',(47.0137258617291,33.4160858852843,2.));
#8565=CARTESIAN_POINT('Ctrl Pts',(47.5191940428063,33.1205202171025,2.));
#8566=CARTESIAN_POINT('Ctrl Pts',(47.7497796766349,32.9856883928906,2.));
#8567=CARTESIAN_POINT('',(47.7497796766349,32.9856883928906,3.5));
#8568=CARTESIAN_POINT('Ctrl Pts',(47.7497796766349,32.9856883928906,3.5));
#8569=CARTESIAN_POINT('Ctrl Pts',(47.5191940428063,33.1205202171025,3.5));
#8570=CARTESIAN_POINT('Ctrl Pts',(47.0137258617291,33.4160858852843,3.5));
#8571=CARTESIAN_POINT('Ctrl Pts',(46.4265179487694,33.4370920626746,3.5));
#8572=CARTESIAN_POINT('Ctrl Pts',(46.107183887949,33.448515593898,3.5));
#8573=CARTESIAN_POINT('',(47.7497796766349,32.9856883928906,2.));
#8574=CARTESIAN_POINT('Ctrl Pts',(48.3595863923651,31.8071587780236,2.));
#8575=CARTESIAN_POINT('Ctrl Pts',(48.3595863923651,31.8071587780236,3.8));
#8576=CARTESIAN_POINT('Ctrl Pts',(48.3329381881493,32.0392279232052,2.));
#8577=CARTESIAN_POINT('Ctrl Pts',(48.3329381881493,32.0392279232052,3.8));
#8578=CARTESIAN_POINT('Ctrl Pts',(48.2790181157612,32.5087974674007,2.));
#8579=CARTESIAN_POINT('Ctrl Pts',(48.2790181157612,32.5087974674007,3.8));
#8580=CARTESIAN_POINT('Ctrl Pts',(47.9275475787685,32.8255036952129,2.));
#8581=CARTESIAN_POINT('Ctrl Pts',(47.9275475787685,32.8255036952129,3.8));
#8582=CARTESIAN_POINT('Ctrl Pts',(47.7497796766349,32.9856883928906,2.));
#8583=CARTESIAN_POINT('Ctrl Pts',(47.7497796766349,32.9856883928906,3.8));
#8584=CARTESIAN_POINT('',(48.3595863923651,31.8071587780236,2.));
#8585=CARTESIAN_POINT('Ctrl Pts',(47.7497796766349,32.9856883928906,2.));
#8586=CARTESIAN_POINT('Ctrl Pts',(47.9275475787685,32.8255036952129,2.));
#8587=CARTESIAN_POINT('Ctrl Pts',(48.2790181157612,32.5087974674007,2.));
#8588=CARTESIAN_POINT('Ctrl Pts',(48.3329381881493,32.0392279232052,2.));
#8589=CARTESIAN_POINT('Ctrl Pts',(48.3595863923651,31.8071587780236,2.));
#8590=CARTESIAN_POINT('',(48.3595863923651,31.8071587780236,3.5));
#8591=CARTESIAN_POINT('Ctrl Pts',(48.3595863923651,31.8071587780236,3.5));
#8592=CARTESIAN_POINT('Ctrl Pts',(48.3329381881493,32.0392279232052,3.5));
#8593=CARTESIAN_POINT('Ctrl Pts',(48.2790181157612,32.5087974674007,3.5));
#8594=CARTESIAN_POINT('Ctrl Pts',(47.9275475787685,32.8255036952129,3.5));
#8595=CARTESIAN_POINT('Ctrl Pts',(47.7497796766349,32.9856883928906,3.5));
#8596=CARTESIAN_POINT('',(48.3595863923651,31.8071587780236,2.));
#8597=CARTESIAN_POINT('Origin',(48.3611388950291,28.4031855526538,2.));
#8598=CARTESIAN_POINT('',(48.3611388950291,28.4031855526538,2.));
#8599=CARTESIAN_POINT('',(48.3595863923651,31.8071587780236,2.));
#8600=CARTESIAN_POINT('',(48.3611388950291,28.4031855526538,3.5));
#8601=CARTESIAN_POINT('',(48.3595863923651,31.8071587780236,3.5));
#8602=CARTESIAN_POINT('',(48.3611388950291,28.4031855526538,2.));
#8603=CARTESIAN_POINT('Ctrl Pts',(48.8913357259482,27.5425001732222,2.));
#8604=CARTESIAN_POINT('Ctrl Pts',(48.8913357259482,27.5425001732222,3.8));
#8605=CARTESIAN_POINT('Ctrl Pts',(48.7380784262681,27.5987556285533,2.));
#8606=CARTESIAN_POINT('Ctrl Pts',(48.7380784262681,27.5987556285533,3.8));
#8607=CARTESIAN_POINT('Ctrl Pts',(48.3612811269079,27.737064888127,2.));
#8608=CARTESIAN_POINT('Ctrl Pts',(48.3612811269079,27.737064888127,3.8));
#8609=CARTESIAN_POINT('Ctrl Pts',(48.3611918561131,28.1551506339951,2.));
#8610=CARTESIAN_POINT('Ctrl Pts',(48.3611918561131,28.1551506339951,3.8));
#8611=CARTESIAN_POINT('Ctrl Pts',(48.3611388950291,28.4031855526538,2.));
#8612=CARTESIAN_POINT('Ctrl Pts',(48.3611388950291,28.4031855526538,3.8));
#8613=CARTESIAN_POINT('',(48.8913357259482,27.5425001732222,2.));
#8614=CARTESIAN_POINT('Ctrl Pts',(48.3611388950291,28.4031855526538,2.));
#8615=CARTESIAN_POINT('Ctrl Pts',(48.3611918561131,28.1551506339951,2.));
#8616=CARTESIAN_POINT('Ctrl Pts',(48.3612811269079,27.737064888127,2.));
#8617=CARTESIAN_POINT('Ctrl Pts',(48.7380784262681,27.5987556285533,2.));
#8618=CARTESIAN_POINT('Ctrl Pts',(48.8913357259482,27.5425001732222,2.));
#8619=CARTESIAN_POINT('',(48.8913357259482,27.5425001732222,3.5));
#8620=CARTESIAN_POINT('Ctrl Pts',(48.8913357259482,27.5425001732222,3.5));
#8621=CARTESIAN_POINT('Ctrl Pts',(48.7380784262681,27.5987556285533,3.5));
#8622=CARTESIAN_POINT('Ctrl Pts',(48.3612811269079,27.737064888127,3.5));
#8623=CARTESIAN_POINT('Ctrl Pts',(48.3611918561131,28.1551506339951,3.5));
#8624=CARTESIAN_POINT('Ctrl Pts',(48.3611388950291,28.4031855526538,3.5));
#8625=CARTESIAN_POINT('',(48.8913357259482,27.5425001732222,2.));
#8626=CARTESIAN_POINT('Ctrl Pts',(49.1562149224129,27.5823558252958,2.));
#8627=CARTESIAN_POINT('Ctrl Pts',(49.1562149224129,27.5823558252958,3.8));
#8628=CARTESIAN_POINT('Ctrl Pts',(49.1145304168243,27.5707520051134,2.));
#8629=CARTESIAN_POINT('Ctrl Pts',(49.1145304168243,27.5707520051134,3.8));
#8630=CARTESIAN_POINT('Ctrl Pts',(49.0279006306695,27.5466366546544,2.));
#8631=CARTESIAN_POINT('Ctrl Pts',(49.0279006306695,27.5466366546544,3.8));
#8632=CARTESIAN_POINT('Ctrl Pts',(48.9379855062687,27.5439131713165,2.));
#8633=CARTESIAN_POINT('Ctrl Pts',(48.9379855062687,27.5439131713165,3.8));
#8634=CARTESIAN_POINT('Ctrl Pts',(48.8913357259482,27.5425001732222,2.));
#8635=CARTESIAN_POINT('Ctrl Pts',(48.8913357259482,27.5425001732222,3.8));
#8636=CARTESIAN_POINT('',(49.1562149224129,27.5823558252958,2.));
#8637=CARTESIAN_POINT('Ctrl Pts',(48.8913357259482,27.5425001732222,2.));
#8638=CARTESIAN_POINT('Ctrl Pts',(48.9379855062687,27.5439131713165,2.));
#8639=CARTESIAN_POINT('Ctrl Pts',(49.0279006306695,27.5466366546544,2.));
#8640=CARTESIAN_POINT('Ctrl Pts',(49.1145304168243,27.5707520051134,2.));
#8641=CARTESIAN_POINT('Ctrl Pts',(49.1562149224129,27.5823558252958,2.));
#8642=CARTESIAN_POINT('',(49.1562149224129,27.5823558252958,3.5));
#8643=CARTESIAN_POINT('Ctrl Pts',(49.1562149224129,27.5823558252958,3.5));
#8644=CARTESIAN_POINT('Ctrl Pts',(49.1145304168243,27.5707520051134,3.5));
#8645=CARTESIAN_POINT('Ctrl Pts',(49.0279006306695,27.5466366546544,3.5));
#8646=CARTESIAN_POINT('Ctrl Pts',(48.9379855062687,27.5439131713165,3.5));
#8647=CARTESIAN_POINT('Ctrl Pts',(48.8913357259482,27.5425001732222,3.5));
#8648=CARTESIAN_POINT('',(49.1562149224129,27.5823558252958,2.));
#8649=CARTESIAN_POINT('Ctrl Pts',(49.43429105414,27.7414232219698,2.));
#8650=CARTESIAN_POINT('Ctrl Pts',(49.43429105414,27.7414232219698,3.8));
#8651=CARTESIAN_POINT('Ctrl Pts',(49.3877557495197,27.7088891149103,2.));
#8652=CARTESIAN_POINT('Ctrl Pts',(49.3877557495197,27.7088891149103,3.8));
#8653=CARTESIAN_POINT('Ctrl Pts',(49.2998486785803,27.6474308719578,2.));
#8654=CARTESIAN_POINT('Ctrl Pts',(49.2998486785803,27.6474308719578,3.8));
#8655=CARTESIAN_POINT('Ctrl Pts',(49.2021805446424,27.6031811179794,2.));
#8656=CARTESIAN_POINT('Ctrl Pts',(49.2021805446424,27.6031811179794,3.8));
#8657=CARTESIAN_POINT('Ctrl Pts',(49.1562149224129,27.5823558252958,2.));
#8658=CARTESIAN_POINT('Ctrl Pts',(49.1562149224129,27.5823558252958,3.8));
#8659=CARTESIAN_POINT('',(49.43429105414,27.7414232219698,2.));
#8660=CARTESIAN_POINT('Ctrl Pts',(49.1562149224129,27.5823558252958,2.));
#8661=CARTESIAN_POINT('Ctrl Pts',(49.2021805446424,27.6031811179794,2.));
#8662=CARTESIAN_POINT('Ctrl Pts',(49.2998486785803,27.6474308719578,2.));
#8663=CARTESIAN_POINT('Ctrl Pts',(49.3877557495197,27.7088891149103,2.));
#8664=CARTESIAN_POINT('Ctrl Pts',(49.43429105414,27.7414232219698,2.));
#8665=CARTESIAN_POINT('',(49.43429105414,27.7414232219698,3.5));
#8666=CARTESIAN_POINT('Ctrl Pts',(49.43429105414,27.7414232219698,3.5));
#8667=CARTESIAN_POINT('Ctrl Pts',(49.3877557495197,27.7088891149103,3.5));
#8668=CARTESIAN_POINT('Ctrl Pts',(49.2998486785803,27.6474308719578,3.5));
#8669=CARTESIAN_POINT('Ctrl Pts',(49.2021805446424,27.6031811179794,3.5));
#8670=CARTESIAN_POINT('Ctrl Pts',(49.1562149224129,27.5823558252958,3.5));
#8671=CARTESIAN_POINT('',(49.43429105414,27.7414232219698,2.));
#8672=CARTESIAN_POINT('Origin',(49.6861097099932,27.3839220878772,2.));
#8673=CARTESIAN_POINT('',(49.6861097099932,27.3839220878772,2.));
#8674=CARTESIAN_POINT('',(49.43429105414,27.7414232219698,2.));
#8675=CARTESIAN_POINT('',(49.6861097099932,27.3839220878772,3.5));
#8676=CARTESIAN_POINT('',(49.43429105414,27.7414232219698,3.5));
#8677=CARTESIAN_POINT('',(49.6861097099932,27.3839220878772,2.));
#8678=CARTESIAN_POINT('Ctrl Pts',(48.6267356819706,26.8801277132213,2.));
#8679=CARTESIAN_POINT('Ctrl Pts',(48.6267356819706,26.8801277132213,3.8));
#8680=CARTESIAN_POINT('Ctrl Pts',(48.8200813452498,26.9050106979335,2.));
#8681=CARTESIAN_POINT('Ctrl Pts',(48.8200813452498,26.9050106979335,3.8));
#8682=CARTESIAN_POINT('Ctrl Pts',(49.2267034908882,26.9573417017014,2.));
#8683=CARTESIAN_POINT('Ctrl Pts',(49.2267034908882,26.9573417017014,3.8));
#8684=CARTESIAN_POINT('Ctrl Pts',(49.5280507339617,27.2371568586963,2.));
#8685=CARTESIAN_POINT('Ctrl Pts',(49.5280507339617,27.2371568586963,3.8));
#8686=CARTESIAN_POINT('Ctrl Pts',(49.6861097099932,27.3839220878772,2.));
#8687=CARTESIAN_POINT('Ctrl Pts',(49.6861097099932,27.3839220878772,3.8));
#8688=CARTESIAN_POINT('',(48.6267356819706,26.8801277132213,2.));
#8689=CARTESIAN_POINT('Ctrl Pts',(49.6861097099932,27.3839220878772,2.));
#8690=CARTESIAN_POINT('Ctrl Pts',(49.5280507339617,27.2371568586963,2.));
#8691=CARTESIAN_POINT('Ctrl Pts',(49.2267034908882,26.9573417017014,2.));
#8692=CARTESIAN_POINT('Ctrl Pts',(48.8200813452498,26.9050106979335,2.));
#8693=CARTESIAN_POINT('Ctrl Pts',(48.6267356819706,26.8801277132213,2.));
#8694=CARTESIAN_POINT('',(48.6267356819706,26.8801277132213,3.5));
#8695=CARTESIAN_POINT('Ctrl Pts',(48.6267356819706,26.8801277132213,3.5));
#8696=CARTESIAN_POINT('Ctrl Pts',(48.8200813452498,26.9050106979335,3.5));
#8697=CARTESIAN_POINT('Ctrl Pts',(49.2267034908882,26.9573417017014,3.5));
#8698=CARTESIAN_POINT('Ctrl Pts',(49.5280507339617,27.2371568586963,3.5));
#8699=CARTESIAN_POINT('Ctrl Pts',(49.6861097099932,27.3839220878772,3.5));
#8700=CARTESIAN_POINT('',(48.6267356819706,26.8801277132213,2.));
#8701=CARTESIAN_POINT('Ctrl Pts',(47.314969115914,27.9921122348549,2.));
#8702=CARTESIAN_POINT('Ctrl Pts',(47.314969115914,27.9921122348549,3.8));
#8703=CARTESIAN_POINT('Ctrl Pts',(47.4541435932335,27.6683989673634,2.));
#8704=CARTESIAN_POINT('Ctrl Pts',(47.4541435932335,27.6683989673634,3.8));
#8705=CARTESIAN_POINT('Ctrl Pts',(47.7107631833194,27.0715139090612,2.));
#8706=CARTESIAN_POINT('Ctrl Pts',(47.7107631833194,27.0715139090612,3.8));
#8707=CARTESIAN_POINT('Ctrl Pts',(48.3391477524634,26.9402172463447,2.));
#8708=CARTESIAN_POINT('Ctrl Pts',(48.3391477524634,26.9402172463447,3.8));
#8709=CARTESIAN_POINT('Ctrl Pts',(48.6267356819706,26.8801277132213,2.));
#8710=CARTESIAN_POINT('Ctrl Pts',(48.6267356819706,26.8801277132213,3.8));
#8711=CARTESIAN_POINT('',(47.314969115914,27.9921122348549,2.));
#8712=CARTESIAN_POINT('Ctrl Pts',(48.6267356819706,26.8801277132213,2.));
#8713=CARTESIAN_POINT('Ctrl Pts',(48.3391477524634,26.9402172463447,2.));
#8714=CARTESIAN_POINT('Ctrl Pts',(47.7107631833194,27.0715139090612,2.));
#8715=CARTESIAN_POINT('Ctrl Pts',(47.4541435932335,27.6683989673634,2.));
#8716=CARTESIAN_POINT('Ctrl Pts',(47.314969115914,27.9921122348549,2.));
#8717=CARTESIAN_POINT('',(47.314969115914,27.9921122348549,3.5));
#8718=CARTESIAN_POINT('Ctrl Pts',(47.314969115914,27.9921122348549,3.5));
#8719=CARTESIAN_POINT('Ctrl Pts',(47.4541435932335,27.6683989673634,3.5));
#8720=CARTESIAN_POINT('Ctrl Pts',(47.7107631833194,27.0715139090612,3.5));
#8721=CARTESIAN_POINT('Ctrl Pts',(48.3391477524634,26.9402172463447,3.5));
#8722=CARTESIAN_POINT('Ctrl Pts',(48.6267356819706,26.8801277132213,3.5));
#8723=CARTESIAN_POINT('',(47.314969115914,27.9921122348549,2.));
#8724=CARTESIAN_POINT('Ctrl Pts',(46.3087274809702,27.1572156071787,2.));
#8725=CARTESIAN_POINT('Ctrl Pts',(46.3087274809702,27.1572156071787,3.8));
#8726=CARTESIAN_POINT('Ctrl Pts',(46.4670557158283,27.2596068745975,2.));
#8727=CARTESIAN_POINT('Ctrl Pts',(46.4670557158283,27.2596068745975,3.8));
#8728=CARTESIAN_POINT('Ctrl Pts',(46.8351522382204,27.4976558207881,2.));
#8729=CARTESIAN_POINT('Ctrl Pts',(46.8351522382204,27.4976558207881,3.8));
#8730=CARTESIAN_POINT('Ctrl Pts',(47.1407927981407,27.8126216802176,2.));
#8731=CARTESIAN_POINT('Ctrl Pts',(47.1407927981407,27.8126216802176,3.8));
#8732=CARTESIAN_POINT('Ctrl Pts',(47.314969115914,27.9921122348549,2.));
#8733=CARTESIAN_POINT('Ctrl Pts',(47.314969115914,27.9921122348549,3.8));
#8734=CARTESIAN_POINT('',(46.3087274809702,27.1572156071787,2.));
#8735=CARTESIAN_POINT('Ctrl Pts',(47.314969115914,27.9921122348549,2.));
#8736=CARTESIAN_POINT('Ctrl Pts',(47.1407927981407,27.8126216802176,2.));
#8737=CARTESIAN_POINT('Ctrl Pts',(46.8351522382204,27.4976558207881,2.));
#8738=CARTESIAN_POINT('Ctrl Pts',(46.4670557158283,27.2596068745975,2.));
#8739=CARTESIAN_POINT('Ctrl Pts',(46.3087274809702,27.1572156071787,2.));
#8740=CARTESIAN_POINT('',(46.3087274809702,27.1572156071787,3.5));
#8741=CARTESIAN_POINT('Ctrl Pts',(46.3087274809702,27.1572156071787,3.5));
#8742=CARTESIAN_POINT('Ctrl Pts',(46.4670557158283,27.2596068745975,3.5));
#8743=CARTESIAN_POINT('Ctrl Pts',(46.8351522382204,27.4976558207881,3.5));
#8744=CARTESIAN_POINT('Ctrl Pts',(47.1407927981407,27.8126216802176,3.5));
#8745=CARTESIAN_POINT('Ctrl Pts',(47.314969115914,27.9921122348549,3.5));
#8746=CARTESIAN_POINT('',(46.3087274809702,27.1572156071787,2.));
#8747=CARTESIAN_POINT('Ctrl Pts',(45.0505765766822,26.8784966790826,2.));
#8748=CARTESIAN_POINT('Ctrl Pts',(45.0505765766822,26.8784966790826,3.8));
#8749=CARTESIAN_POINT('Ctrl Pts',(45.2824154541773,26.8870847029711,2.));
#8750=CARTESIAN_POINT('Ctrl Pts',(45.2824154541773,26.8870847029711,3.8));
#8751=CARTESIAN_POINT('Ctrl Pts',(45.7194085653151,26.9032722696039,2.));
#8752=CARTESIAN_POINT('Ctrl Pts',(45.7194085653151,26.9032722696039,3.8));
#8753=CARTESIAN_POINT('Ctrl Pts',(46.1204509561273,27.0760853942575,2.));
#8754=CARTESIAN_POINT('Ctrl Pts',(46.1204509561273,27.0760853942575,3.8));
#8755=CARTESIAN_POINT('Ctrl Pts',(46.3087274809702,27.1572156071787,2.));
#8756=CARTESIAN_POINT('Ctrl Pts',(46.3087274809702,27.1572156071787,3.8));
#8757=CARTESIAN_POINT('',(45.0505765766822,26.8784966790826,2.));
#8758=CARTESIAN_POINT('Ctrl Pts',(46.3087274809702,27.1572156071787,2.));
#8759=CARTESIAN_POINT('Ctrl Pts',(46.1204509561273,27.0760853942575,2.));
#8760=CARTESIAN_POINT('Ctrl Pts',(45.7194085653151,26.9032722696039,2.));
#8761=CARTESIAN_POINT('Ctrl Pts',(45.2824154541773,26.8870847029711,2.));
#8762=CARTESIAN_POINT('Ctrl Pts',(45.0505765766822,26.8784966790826,2.));
#8763=CARTESIAN_POINT('',(45.0505765766822,26.8784966790826,3.5));
#8764=CARTESIAN_POINT('Ctrl Pts',(45.0505765766822,26.8784966790826,3.5));
#8765=CARTESIAN_POINT('Ctrl Pts',(45.2824154541773,26.8870847029711,3.5));
#8766=CARTESIAN_POINT('Ctrl Pts',(45.7194085653151,26.9032722696039,3.5));
#8767=CARTESIAN_POINT('Ctrl Pts',(46.1204509561273,27.0760853942575,3.5));
#8768=CARTESIAN_POINT('Ctrl Pts',(46.3087274809702,27.1572156071787,3.5));
#8769=CARTESIAN_POINT('',(45.0505765766822,26.8784966790826,2.));
#8770=CARTESIAN_POINT('Ctrl Pts',(43.6199317086722,27.2751950122163,2.));
#8771=CARTESIAN_POINT('Ctrl Pts',(43.6199317086722,27.2751950122163,3.8));
#8772=CARTESIAN_POINT('Ctrl Pts',(43.820488190118,27.1596421951781,2.));
#8773=CARTESIAN_POINT('Ctrl Pts',(43.820488190118,27.1596421951781,3.8));
#8774=CARTESIAN_POINT('Ctrl Pts',(44.2615810585178,26.9055016999339,2.));
#8775=CARTESIAN_POINT('Ctrl Pts',(44.2615810585178,26.9055016999339,3.8));
#8776=CARTESIAN_POINT('Ctrl Pts',(44.7721523016506,26.8880263318875,2.));
#8777=CARTESIAN_POINT('Ctrl Pts',(44.7721523016506,26.8880263318875,3.8));
#8778=CARTESIAN_POINT('Ctrl Pts',(45.0505765766822,26.8784966790826,2.));
#8779=CARTESIAN_POINT('Ctrl Pts',(45.0505765766822,26.8784966790826,3.8));
#8780=CARTESIAN_POINT('',(43.6199317086722,27.2751950122163,2.));
#8781=CARTESIAN_POINT('Ctrl Pts',(45.0505765766822,26.8784966790826,2.));
#8782=CARTESIAN_POINT('Ctrl Pts',(44.7721523016506,26.8880263318875,2.));
#8783=CARTESIAN_POINT('Ctrl Pts',(44.2615810585178,26.9055016999339,2.));
#8784=CARTESIAN_POINT('Ctrl Pts',(43.820488190118,27.1596421951781,2.));
#8785=CARTESIAN_POINT('Ctrl Pts',(43.6199317086722,27.2751950122163,2.));
#8786=CARTESIAN_POINT('',(43.6199317086722,27.2751950122163,3.5));
#8787=CARTESIAN_POINT('Ctrl Pts',(43.6199317086722,27.2751950122163,3.5));
#8788=CARTESIAN_POINT('Ctrl Pts',(43.820488190118,27.1596421951781,3.5));
#8789=CARTESIAN_POINT('Ctrl Pts',(44.2615810585178,26.9055016999339,3.5));
#8790=CARTESIAN_POINT('Ctrl Pts',(44.7721523016506,26.8880263318875,3.5));
#8791=CARTESIAN_POINT('Ctrl Pts',(45.0505765766822,26.8784966790826,3.5));
#8792=CARTESIAN_POINT('',(43.6199317086722,27.2751950122163,2.));
#8793=CARTESIAN_POINT('Ctrl Pts',(43.11613733456,28.3345678481462,2.));
#8794=CARTESIAN_POINT('Ctrl Pts',(43.11613733456,28.3345678481462,3.8));
#8795=CARTESIAN_POINT('Ctrl Pts',(43.1364047458339,28.1254994852811,2.));
#8796=CARTESIAN_POINT('Ctrl Pts',(43.1364047458339,28.1254994852811,3.8));
#8797=CARTESIAN_POINT('Ctrl Pts',(43.1765623209886,27.7112542528366,2.));
#8798=CARTESIAN_POINT('Ctrl Pts',(43.1765623209886,27.7112542528366,3.8));
#8799=CARTESIAN_POINT('Ctrl Pts',(43.4730703959502,27.4196349178143,2.));
#8800=CARTESIAN_POINT('Ctrl Pts',(43.4730703959502,27.4196349178143,3.8));
#8801=CARTESIAN_POINT('Ctrl Pts',(43.6199317086722,27.2751950122163,2.));
#8802=CARTESIAN_POINT('Ctrl Pts',(43.6199317086722,27.2751950122163,3.8));
#8803=CARTESIAN_POINT('',(43.11613733456,28.3345678481462,2.));
#8804=CARTESIAN_POINT('Ctrl Pts',(43.6199317086722,27.2751950122163,2.));
#8805=CARTESIAN_POINT('Ctrl Pts',(43.4730703959502,27.4196349178143,2.));
#8806=CARTESIAN_POINT('Ctrl Pts',(43.1765623209886,27.7112542528366,2.));
#8807=CARTESIAN_POINT('Ctrl Pts',(43.1364047458339,28.1254994852811,2.));
#8808=CARTESIAN_POINT('Ctrl Pts',(43.11613733456,28.3345678481462,2.));
#8809=CARTESIAN_POINT('',(43.11613733456,28.3345678481462,3.5));
#8810=CARTESIAN_POINT('Ctrl Pts',(43.11613733456,28.3345678481462,3.5));
#8811=CARTESIAN_POINT('Ctrl Pts',(43.1364047458339,28.1254994852811,3.5));
#8812=CARTESIAN_POINT('Ctrl Pts',(43.1765623209886,27.7112542528366,3.5));
#8813=CARTESIAN_POINT('Ctrl Pts',(43.4730703959502,27.4196349178143,3.5));
#8814=CARTESIAN_POINT('Ctrl Pts',(43.6199317086722,27.2751950122163,3.5));
#8815=CARTESIAN_POINT('',(43.11613733456,28.3345678481462,2.));
#8816=CARTESIAN_POINT('Ctrl Pts',(44.2015043127161,29.9244673781018,2.));
#8817=CARTESIAN_POINT('Ctrl Pts',(44.2015043127161,29.9244673781018,3.8));
#8818=CARTESIAN_POINT('Ctrl Pts',(43.8856244979726,29.712480716098,2.));
#8819=CARTESIAN_POINT('Ctrl Pts',(43.8856244979726,29.712480716098,3.8));
#8820=CARTESIAN_POINT('Ctrl Pts',(43.3059156567895,29.3234386297074,2.));
#8821=CARTESIAN_POINT('Ctrl Pts',(43.3059156567895,29.3234386297074,3.8));
#8822=CARTESIAN_POINT('Ctrl Pts',(43.1754933302005,28.6438519070932,2.));
#8823=CARTESIAN_POINT('Ctrl Pts',(43.1754933302005,28.6438519070932,3.8));
#8824=CARTESIAN_POINT('Ctrl Pts',(43.11613733456,28.3345678481462,2.));
#8825=CARTESIAN_POINT('Ctrl Pts',(43.11613733456,28.3345678481462,3.8));
#8826=CARTESIAN_POINT('',(44.2015043127161,29.9244673781018,2.));
#8827=CARTESIAN_POINT('Ctrl Pts',(43.11613733456,28.3345678481462,2.));
#8828=CARTESIAN_POINT('Ctrl Pts',(43.1754933302005,28.6438519070932,2.));
#8829=CARTESIAN_POINT('Ctrl Pts',(43.3059156567895,29.3234386297074,2.));
#8830=CARTESIAN_POINT('Ctrl Pts',(43.8856244979726,29.712480716098,2.));
#8831=CARTESIAN_POINT('Ctrl Pts',(44.2015043127161,29.9244673781018,2.));
#8832=CARTESIAN_POINT('',(44.2015043127161,29.9244673781018,3.5));
#8833=CARTESIAN_POINT('Ctrl Pts',(44.2015043127161,29.9244673781018,3.5));
#8834=CARTESIAN_POINT('Ctrl Pts',(43.8856244979726,29.712480716098,3.5));
#8835=CARTESIAN_POINT('Ctrl Pts',(43.3059156567895,29.3234386297074,3.5));
#8836=CARTESIAN_POINT('Ctrl Pts',(43.1754933302005,28.6438519070932,3.5));
#8837=CARTESIAN_POINT('Ctrl Pts',(43.11613733456,28.3345678481462,3.5));
#8838=CARTESIAN_POINT('',(44.2015043127161,29.9244673781018,2.));
#8839=CARTESIAN_POINT('Ctrl Pts',(47.2607010404899,30.8132793266999,2.));
#8840=CARTESIAN_POINT('Ctrl Pts',(47.2607010404899,30.8132793266999,3.8));
#8841=CARTESIAN_POINT('Ctrl Pts',(46.6691435982289,30.7343072734001,2.));
#8842=CARTESIAN_POINT('Ctrl Pts',(46.6691435982289,30.7343072734001,3.8));
#8843=CARTESIAN_POINT('Ctrl Pts',(45.6027729228216,30.5919483479612,2.));
#8844=CARTESIAN_POINT('Ctrl Pts',(45.6027729228216,30.5919483479612,3.8));
#8845=CARTESIAN_POINT('Ctrl Pts',(44.63321196005,30.1301072083671,2.));
#8846=CARTESIAN_POINT('Ctrl Pts',(44.63321196005,30.1301072083671,3.8));
#8847=CARTESIAN_POINT('Ctrl Pts',(44.2015043127161,29.9244673781018,2.));
#8848=CARTESIAN_POINT('Ctrl Pts',(44.2015043127161,29.9244673781018,3.8));
#8849=CARTESIAN_POINT('',(47.2607010404899,30.8132793266999,2.));
#8850=CARTESIAN_POINT('Ctrl Pts',(44.2015043127161,29.9244673781018,2.));
#8851=CARTESIAN_POINT('Ctrl Pts',(44.63321196005,30.1301072083671,2.));
#8852=CARTESIAN_POINT('Ctrl Pts',(45.6027729228216,30.5919483479612,2.));
#8853=CARTESIAN_POINT('Ctrl Pts',(46.6691435982289,30.7343072734001,2.));
#8854=CARTESIAN_POINT('Ctrl Pts',(47.2607010404899,30.8132793266999,2.));
#8855=CARTESIAN_POINT('',(47.2607010404899,30.8132793266999,3.5));
#8856=CARTESIAN_POINT('Ctrl Pts',(47.2607010404899,30.8132793266999,3.5));
#8857=CARTESIAN_POINT('Ctrl Pts',(46.6691435982289,30.7343072734001,3.5));
#8858=CARTESIAN_POINT('Ctrl Pts',(45.6027729228216,30.5919483479612,3.5));
#8859=CARTESIAN_POINT('Ctrl Pts',(44.63321196005,30.1301072083671,3.5));
#8860=CARTESIAN_POINT('Ctrl Pts',(44.2015043127161,29.9244673781018,3.5));
#8861=CARTESIAN_POINT('',(47.2607010404899,30.8132793266999,2.));
#8862=CARTESIAN_POINT('Origin',(47.2602781797068,31.7404318639366,2.));
#8863=CARTESIAN_POINT('',(47.2602781797068,31.7404318639366,2.));
#8864=CARTESIAN_POINT('',(47.2607010404899,30.8132793266999,2.));
#8865=CARTESIAN_POINT('',(47.2602781797068,31.7404318639366,3.5));
#8866=CARTESIAN_POINT('',(47.2607010404899,30.8132793266999,3.5));
#8867=CARTESIAN_POINT('',(47.2602781797068,31.7404318639366,2.));
#8868=CARTESIAN_POINT('Ctrl Pts',(46.8492785441953,32.6276617025075,2.));
#8869=CARTESIAN_POINT('Ctrl Pts',(46.8492785441953,32.6276617025075,3.8));
#8870=CARTESIAN_POINT('Ctrl Pts',(46.9690911758994,32.5043039554697,2.));
#8871=CARTESIAN_POINT('Ctrl Pts',(46.9690911758994,32.5043039554697,3.8));
#8872=CARTESIAN_POINT('Ctrl Pts',(47.2096377136724,32.2566399276008,2.));
#8873=CARTESIAN_POINT('Ctrl Pts',(47.2096377136724,32.2566399276008,3.8));
#8874=CARTESIAN_POINT('Ctrl Pts',(47.2433549795345,31.9129399997429,2.));
#8875=CARTESIAN_POINT('Ctrl Pts',(47.2433549795345,31.9129399997429,3.8));
#8876=CARTESIAN_POINT('Ctrl Pts',(47.2602781797068,31.7404318639366,2.));
#8877=CARTESIAN_POINT('Ctrl Pts',(47.2602781797068,31.7404318639366,3.8));
#8878=CARTESIAN_POINT('',(46.8492785441953,32.6276617025075,2.));
#8879=CARTESIAN_POINT('Ctrl Pts',(47.2602781797068,31.7404318639366,2.));
#8880=CARTESIAN_POINT('Ctrl Pts',(47.2433549795345,31.9129399997429,2.));
#8881=CARTESIAN_POINT('Ctrl Pts',(47.2096377136724,32.2566399276008,2.));
#8882=CARTESIAN_POINT('Ctrl Pts',(46.9690911758994,32.5043039554697,2.));
#8883=CARTESIAN_POINT('Ctrl Pts',(46.8492785441953,32.6276617025075,2.));
#8884=CARTESIAN_POINT('',(46.8492785441953,32.6276617025075,3.5));
#8885=CARTESIAN_POINT('Ctrl Pts',(46.8492785441953,32.6276617025075,3.5));
#8886=CARTESIAN_POINT('Ctrl Pts',(46.9690911758994,32.5043039554697,3.5));
#8887=CARTESIAN_POINT('Ctrl Pts',(47.2096377136724,32.2566399276008,3.5));
#8888=CARTESIAN_POINT('Ctrl Pts',(47.2433549795345,31.9129399997429,3.5));
#8889=CARTESIAN_POINT('Ctrl Pts',(47.2602781797068,31.7404318639366,3.5));
#8890=CARTESIAN_POINT('',(46.8492785441953,32.6276617025075,2.));
#8891=CARTESIAN_POINT('Ctrl Pts',(45.8424992720322,32.9715731645073,2.));
#8892=CARTESIAN_POINT('Ctrl Pts',(45.8424992720322,32.9715731645073,3.8));
#8893=CARTESIAN_POINT('Ctrl Pts',(46.0338304026014,32.9597804142764,2.));
#8894=CARTESIAN_POINT('Ctrl Pts',(46.0338304026014,32.9597804142764,3.8));
#8895=CARTESIAN_POINT('Ctrl Pts',(46.4016131230745,32.9371120186583,2.));
#8896=CARTESIAN_POINT('Ctrl Pts',(46.4016131230745,32.9371120186583,3.8));
#8897=CARTESIAN_POINT('Ctrl Pts',(46.7041365092379,32.7279916509138,2.));
#8898=CARTESIAN_POINT('Ctrl Pts',(46.7041365092379,32.7279916509138,3.8));
#8899=CARTESIAN_POINT('Ctrl Pts',(46.8492785441953,32.6276617025075,2.));
#8900=CARTESIAN_POINT('Ctrl Pts',(46.8492785441953,32.6276617025075,3.8));
#8901=CARTESIAN_POINT('',(45.8424992720322,32.9715731645073,2.));
#8902=CARTESIAN_POINT('Ctrl Pts',(46.8492785441953,32.6276617025075,2.));
#8903=CARTESIAN_POINT('Ctrl Pts',(46.7041365092379,32.7279916509138,2.));
#8904=CARTESIAN_POINT('Ctrl Pts',(46.4016131230745,32.9371120186583,2.));
#8905=CARTESIAN_POINT('Ctrl Pts',(46.0338304026014,32.9597804142764,2.));
#8906=CARTESIAN_POINT('Ctrl Pts',(45.8424992720322,32.9715731645073,2.));
#8907=CARTESIAN_POINT('',(45.8424992720322,32.9715731645073,3.5));
#8908=CARTESIAN_POINT('Ctrl Pts',(45.8424992720322,32.9715731645073,3.5));
#8909=CARTESIAN_POINT('Ctrl Pts',(46.0338304026014,32.9597804142764,3.5));
#8910=CARTESIAN_POINT('Ctrl Pts',(46.4016131230745,32.9371120186583,3.5));
#8911=CARTESIAN_POINT('Ctrl Pts',(46.7041365092379,32.7279916509138,3.5));
#8912=CARTESIAN_POINT('Ctrl Pts',(46.8492785441953,32.6276617025075,3.5));
#8913=CARTESIAN_POINT('',(45.8424992720322,32.9715731645073,2.));
#8914=CARTESIAN_POINT('Ctrl Pts',(44.9286899233563,32.7592362251434,2.));
#8915=CARTESIAN_POINT('Ctrl Pts',(44.9286899233563,32.7592362251434,3.8));
#8916=CARTESIAN_POINT('Ctrl Pts',(45.0689613709057,32.8210885876216,2.));
#8917=CARTESIAN_POINT('Ctrl Pts',(45.0689613709057,32.8210885876216,3.8));
#8918=CARTESIAN_POINT('Ctrl Pts',(45.3599276607915,32.9493894838153,2.));
#8919=CARTESIAN_POINT('Ctrl Pts',(45.3599276607915,32.9493894838153,3.8));
#8920=CARTESIAN_POINT('Ctrl Pts',(45.6778457683244,32.9640040894395,2.));
#8921=CARTESIAN_POINT('Ctrl Pts',(45.6778457683244,32.9640040894395,3.8));
#8922=CARTESIAN_POINT('Ctrl Pts',(45.8424992720322,32.9715731645073,2.));
#8923=CARTESIAN_POINT('Ctrl Pts',(45.8424992720322,32.9715731645073,3.8));
#8924=CARTESIAN_POINT('',(44.9286899233563,32.7592362251434,2.));
#8925=CARTESIAN_POINT('Ctrl Pts',(45.8424992720322,32.9715731645073,2.));
#8926=CARTESIAN_POINT('Ctrl Pts',(45.6778457683244,32.9640040894395,2.));
#8927=CARTESIAN_POINT('Ctrl Pts',(45.3599276607915,32.9493894838153,2.));
#8928=CARTESIAN_POINT('Ctrl Pts',(45.0689613709057,32.8210885876216,2.));
#8929=CARTESIAN_POINT('Ctrl Pts',(44.9286899233563,32.7592362251434,2.));
#8930=CARTESIAN_POINT('',(44.9286899233563,32.7592362251434,3.5));
#8931=CARTESIAN_POINT('Ctrl Pts',(44.9286899233563,32.7592362251434,3.5));
#8932=CARTESIAN_POINT('Ctrl Pts',(45.0689613709057,32.8210885876216,3.5));
#8933=CARTESIAN_POINT('Ctrl Pts',(45.3599276607915,32.9493894838153,3.5));
#8934=CARTESIAN_POINT('Ctrl Pts',(45.6778457683244,32.9640040894395,3.5));
#8935=CARTESIAN_POINT('Ctrl Pts',(45.8424992720322,32.9715731645073,3.5));
#8936=CARTESIAN_POINT('',(44.9286899233563,32.7592362251434,2.));
#8937=CARTESIAN_POINT('Ctrl Pts',(44.544758512417,32.374955039662,2.));
#8938=CARTESIAN_POINT('Ctrl Pts',(44.544758512417,32.374955039662,3.8));
#8939=CARTESIAN_POINT('Ctrl Pts',(44.5717408669289,32.4422870167293,2.));
#8940=CARTESIAN_POINT('Ctrl Pts',(44.5717408669289,32.4422870167293,3.8));
#8941=CARTESIAN_POINT('Ctrl Pts',(44.643074095837,32.6202925103134,2.));
#8942=CARTESIAN_POINT('Ctrl Pts',(44.643074095837,32.6202925103134,3.8));
#8943=CARTESIAN_POINT('Ctrl Pts',(44.8191907672057,32.7059681004094,2.));
#8944=CARTESIAN_POINT('Ctrl Pts',(44.8191907672057,32.7059681004094,3.8));
#8945=CARTESIAN_POINT('Ctrl Pts',(44.9286899233563,32.7592362251434,2.));
#8946=CARTESIAN_POINT('Ctrl Pts',(44.9286899233563,32.7592362251434,3.8));
#8947=CARTESIAN_POINT('Ctrl Pts',(44.9286899233563,32.7592362251434,2.));
#8948=CARTESIAN_POINT('Ctrl Pts',(44.8191907672057,32.7059681004094,2.));
#8949=CARTESIAN_POINT('Ctrl Pts',(44.643074095837,32.6202925103134,2.));
#8950=CARTESIAN_POINT('Ctrl Pts',(44.5717408669289,32.4422870167293,2.));
#8951=CARTESIAN_POINT('Ctrl Pts',(44.544758512417,32.374955039662,2.));
#8952=CARTESIAN_POINT('Ctrl Pts',(44.544758512417,32.374955039662,3.5));
#8953=CARTESIAN_POINT('Ctrl Pts',(44.5717408669289,32.4422870167293,3.5));
#8954=CARTESIAN_POINT('Ctrl Pts',(44.643074095837,32.6202925103134,3.5));
#8955=CARTESIAN_POINT('Ctrl Pts',(44.8191907672057,32.7059681004094,3.5));
#8956=CARTESIAN_POINT('Ctrl Pts',(44.9286899233563,32.7592362251434,3.5));
#8957=CARTESIAN_POINT('Origin',(28.1695875639095,30.7397651104091,3.5));
#8958=CARTESIAN_POINT('Origin',(28.1695875639095,30.7397651104091,2.));
#8959=CARTESIAN_POINT('Ctrl Pts',(38.4124624523296,32.041032298762,2.));
#8960=CARTESIAN_POINT('Ctrl Pts',(38.4124624523296,32.041032298762,3.8));
#8961=CARTESIAN_POINT('Ctrl Pts',(38.5800171133421,32.2572884077798,2.));
#8962=CARTESIAN_POINT('Ctrl Pts',(38.5800171133421,32.2572884077798,3.8));
#8963=CARTESIAN_POINT('Ctrl Pts',(38.8994832293235,32.6696105645476,2.));
#8964=CARTESIAN_POINT('Ctrl Pts',(38.8994832293235,32.6696105645476,3.8));
#8965=CARTESIAN_POINT('Ctrl Pts',(39.4129810266012,32.7466761043119,2.));
#8966=CARTESIAN_POINT('Ctrl Pts',(39.4129810266012,32.7466761043119,3.8));
#8967=CARTESIAN_POINT('Ctrl Pts',(39.6571577752626,32.7833220510584,2.));
#8968=CARTESIAN_POINT('Ctrl Pts',(39.6571577752626,32.7833220510584,3.8));
#8969=CARTESIAN_POINT('',(39.6571577752626,32.7833220510584,2.));
#8970=CARTESIAN_POINT('',(38.4124624523296,32.041032298762,2.));
#8971=CARTESIAN_POINT('Ctrl Pts',(39.6571577752626,32.7833220510584,2.));
#8972=CARTESIAN_POINT('Ctrl Pts',(39.4129810266012,32.7466761043119,2.));
#8973=CARTESIAN_POINT('Ctrl Pts',(38.8994832293235,32.6696105645476,2.));
#8974=CARTESIAN_POINT('Ctrl Pts',(38.5800171133421,32.2572884077798,2.));
#8975=CARTESIAN_POINT('Ctrl Pts',(38.4124624523296,32.041032298762,2.));
#8976=CARTESIAN_POINT('',(39.6571577752626,32.7833220510584,3.5));
#8977=CARTESIAN_POINT('',(39.6571577752626,32.7833220510584,2.));
#8978=CARTESIAN_POINT('',(38.4124624523296,32.041032298762,3.5));
#8979=CARTESIAN_POINT('Ctrl Pts',(38.4124624523296,32.041032298762,3.5));
#8980=CARTESIAN_POINT('Ctrl Pts',(38.5800171133421,32.2572884077798,3.5));
#8981=CARTESIAN_POINT('Ctrl Pts',(38.8994832293235,32.6696105645476,3.5));
#8982=CARTESIAN_POINT('Ctrl Pts',(39.4129810266012,32.7466761043119,3.5));
#8983=CARTESIAN_POINT('Ctrl Pts',(39.6571577752626,32.7833220510584,3.5));
#8984=CARTESIAN_POINT('',(38.4124624523296,32.041032298762,2.));
#8985=CARTESIAN_POINT('Ctrl Pts',(37.9365216153619,30.1070400798245,2.));
#8986=CARTESIAN_POINT('Ctrl Pts',(37.9365216153619,30.1070400798245,3.8));
#8987=CARTESIAN_POINT('Ctrl Pts',(37.9484469436412,30.4762600304102,2.));
#8988=CARTESIAN_POINT('Ctrl Pts',(37.9484469436412,30.4762600304102,3.8));
#8989=CARTESIAN_POINT('Ctrl Pts',(37.9704139446996,31.1563800954815,2.));
#8990=CARTESIAN_POINT('Ctrl Pts',(37.9704139446996,31.1563800954815,3.8));
#8991=CARTESIAN_POINT('Ctrl Pts',(38.2737842150289,31.7635016521077,2.));
#8992=CARTESIAN_POINT('Ctrl Pts',(38.2737842150289,31.7635016521077,3.8));
#8993=CARTESIAN_POINT('Ctrl Pts',(38.4124624523296,32.041032298762,2.));
#8994=CARTESIAN_POINT('Ctrl Pts',(38.4124624523296,32.041032298762,3.8));
#8995=CARTESIAN_POINT('',(37.9365216153619,30.1070400798245,2.));
#8996=CARTESIAN_POINT('Ctrl Pts',(38.4124624523296,32.041032298762,2.));
#8997=CARTESIAN_POINT('Ctrl Pts',(38.2737842150289,31.7635016521077,2.));
#8998=CARTESIAN_POINT('Ctrl Pts',(37.9704139446996,31.1563800954815,2.));
#8999=CARTESIAN_POINT('Ctrl Pts',(37.9484469436412,30.4762600304102,2.));
#9000=CARTESIAN_POINT('Ctrl Pts',(37.9365216153619,30.1070400798245,2.));
#9001=CARTESIAN_POINT('',(37.9365216153619,30.1070400798245,3.5));
#9002=CARTESIAN_POINT('Ctrl Pts',(37.9365216153619,30.1070400798245,3.5));
#9003=CARTESIAN_POINT('Ctrl Pts',(37.9484469436412,30.4762600304102,3.5));
#9004=CARTESIAN_POINT('Ctrl Pts',(37.9704139446996,31.1563800954815,3.5));
#9005=CARTESIAN_POINT('Ctrl Pts',(38.2737842150289,31.7635016521077,3.5));
#9006=CARTESIAN_POINT('Ctrl Pts',(38.4124624523296,32.041032298762,3.5));
#9007=CARTESIAN_POINT('',(37.9365216153619,30.1070400798245,2.));
#9008=CARTESIAN_POINT('Ctrl Pts',(38.387747781289,28.1469812292816,2.));
#9009=CARTESIAN_POINT('Ctrl Pts',(38.387747781289,28.1469812292816,3.8));
#9010=CARTESIAN_POINT('Ctrl Pts',(38.2567603446065,28.4183232325034,2.));
#9011=CARTESIAN_POINT('Ctrl Pts',(38.2567603446065,28.4183232325034,3.8));
#9012=CARTESIAN_POINT('Ctrl Pts',(37.9590421596421,29.0350499259162,2.));
#9013=CARTESIAN_POINT('Ctrl Pts',(37.9590421596421,29.0350499259162,3.8));
#9014=CARTESIAN_POINT('Ctrl Pts',(37.9446061795213,29.7222104296352,2.));
#9015=CARTESIAN_POINT('Ctrl Pts',(37.9446061795213,29.7222104296352,3.8));
#9016=CARTESIAN_POINT('Ctrl Pts',(37.9365216153619,30.1070400798245,2.));
#9017=CARTESIAN_POINT('Ctrl Pts',(37.9365216153619,30.1070400798245,3.8));
#9018=CARTESIAN_POINT('',(38.387747781289,28.1469812292816,2.));
#9019=CARTESIAN_POINT('Ctrl Pts',(37.9365216153619,30.1070400798245,2.));
#9020=CARTESIAN_POINT('Ctrl Pts',(37.9446061795213,29.7222104296352,2.));
#9021=CARTESIAN_POINT('Ctrl Pts',(37.9590421596421,29.0350499259162,2.));
#9022=CARTESIAN_POINT('Ctrl Pts',(38.2567603446065,28.4183232325034,2.));
#9023=CARTESIAN_POINT('Ctrl Pts',(38.387747781289,28.1469812292816,2.));
#9024=CARTESIAN_POINT('',(38.387747781289,28.1469812292816,3.5));
#9025=CARTESIAN_POINT('Ctrl Pts',(38.387747781289,28.1469812292816,3.5));
#9026=CARTESIAN_POINT('Ctrl Pts',(38.2567603446065,28.4183232325034,3.5));
#9027=CARTESIAN_POINT('Ctrl Pts',(37.9590421596421,29.0350499259162,3.5));
#9028=CARTESIAN_POINT('Ctrl Pts',(37.9446061795213,29.7222104296352,3.5));
#9029=CARTESIAN_POINT('Ctrl Pts',(37.9365216153619,30.1070400798245,3.5));
#9030=CARTESIAN_POINT('',(38.387747781289,28.1469812292816,2.));
#9031=CARTESIAN_POINT('Ctrl Pts',(39.65958016271,27.4720641682169,2.));
#9032=CARTESIAN_POINT('Ctrl Pts',(39.65958016271,27.4720641682169,3.8));
#9033=CARTESIAN_POINT('Ctrl Pts',(39.4042820872488,27.5005582695169,2.));
#9034=CARTESIAN_POINT('Ctrl Pts',(39.4042820872488,27.5005582695169,3.8));
#9035=CARTESIAN_POINT('Ctrl Pts',(38.8915558025056,27.5577842187148,2.));
#9036=CARTESIAN_POINT('Ctrl Pts',(38.8915558025056,27.5577842187148,3.8));
#9037=CARTESIAN_POINT('Ctrl Pts',(38.5561482746055,27.9500390150619,2.));
#9038=CARTESIAN_POINT('Ctrl Pts',(38.5561482746055,27.9500390150619,3.8));
#9039=CARTESIAN_POINT('Ctrl Pts',(38.387747781289,28.1469812292816,2.));
#9040=CARTESIAN_POINT('Ctrl Pts',(38.387747781289,28.1469812292816,3.8));
#9041=CARTESIAN_POINT('',(39.65958016271,27.4720641682169,2.));
#9042=CARTESIAN_POINT('Ctrl Pts',(38.387747781289,28.1469812292816,2.));
#9043=CARTESIAN_POINT('Ctrl Pts',(38.5561482746055,27.9500390150619,2.));
#9044=CARTESIAN_POINT('Ctrl Pts',(38.8915558025056,27.5577842187148,2.));
#9045=CARTESIAN_POINT('Ctrl Pts',(39.4042820872488,27.5005582695169,2.));
#9046=CARTESIAN_POINT('Ctrl Pts',(39.65958016271,27.4720641682169,2.));
#9047=CARTESIAN_POINT('',(39.65958016271,27.4720641682169,3.5));
#9048=CARTESIAN_POINT('Ctrl Pts',(39.65958016271,27.4720641682169,3.5));
#9049=CARTESIAN_POINT('Ctrl Pts',(39.4042820872488,27.5005582695169,3.5));
#9050=CARTESIAN_POINT('Ctrl Pts',(38.8915558025056,27.5577842187148,3.5));
#9051=CARTESIAN_POINT('Ctrl Pts',(38.5561482746055,27.9500390150619,3.5));
#9052=CARTESIAN_POINT('Ctrl Pts',(38.387747781289,28.1469812292816,3.5));
#9053=CARTESIAN_POINT('',(39.65958016271,27.4720641682169,2.));
#9054=CARTESIAN_POINT('Ctrl Pts',(41.2212806343918,30.1350283056561,2.));
#9055=CARTESIAN_POINT('Ctrl Pts',(41.2212806343918,30.1350283056561,3.8));
#9056=CARTESIAN_POINT('Ctrl Pts',(41.22958155459,29.3700113563019,2.));
#9057=CARTESIAN_POINT('Ctrl Pts',(41.22958155459,29.3700113563019,3.8));
#9058=CARTESIAN_POINT('Ctrl Pts',(41.2433820897904,28.0981471428992,2.));
#9059=CARTESIAN_POINT('Ctrl Pts',(41.2433820897904,28.0981471428992,3.8));
#9060=CARTESIAN_POINT('Ctrl Pts',(40.1108875746831,27.6504677186565,2.));
#9061=CARTESIAN_POINT('Ctrl Pts',(40.1108875746831,27.6504677186565,3.8));
#9062=CARTESIAN_POINT('Ctrl Pts',(39.65958016271,27.4720641682169,2.));
#9063=CARTESIAN_POINT('Ctrl Pts',(39.65958016271,27.4720641682169,3.8));
#9064=CARTESIAN_POINT('',(41.2212806343918,30.1350283056561,2.));
#9065=CARTESIAN_POINT('Ctrl Pts',(39.65958016271,27.4720641682169,2.));
#9066=CARTESIAN_POINT('Ctrl Pts',(40.1108875746831,27.6504677186565,2.));
#9067=CARTESIAN_POINT('Ctrl Pts',(41.2433820897904,28.0981471428992,2.));
#9068=CARTESIAN_POINT('Ctrl Pts',(41.22958155459,29.3700113563019,2.));
#9069=CARTESIAN_POINT('Ctrl Pts',(41.2212806343918,30.1350283056561,2.));
#9070=CARTESIAN_POINT('',(41.2212806343918,30.1350283056561,3.5));
#9071=CARTESIAN_POINT('Ctrl Pts',(41.2212806343918,30.1350283056561,3.5));
#9072=CARTESIAN_POINT('Ctrl Pts',(41.22958155459,29.3700113563019,3.5));
#9073=CARTESIAN_POINT('Ctrl Pts',(41.2433820897904,28.0981471428992,3.5));
#9074=CARTESIAN_POINT('Ctrl Pts',(40.1108875746831,27.6504677186565,3.5));
#9075=CARTESIAN_POINT('Ctrl Pts',(39.65958016271,27.4720641682169,3.5));
#9076=CARTESIAN_POINT('',(41.2212806343918,30.1350283056561,2.));
#9077=CARTESIAN_POINT('Ctrl Pts',(40.8097869202676,32.0951058736387,2.));
#9078=CARTESIAN_POINT('Ctrl Pts',(40.8097869202676,32.0951058736387,3.8));
#9079=CARTESIAN_POINT('Ctrl Pts',(40.9291899319844,31.8229975814885,2.));
#9080=CARTESIAN_POINT('Ctrl Pts',(40.9291899319844,31.8229975814885,3.8));
#9081=CARTESIAN_POINT('Ctrl Pts',(41.2023138302874,31.2005737712,2.));
#9082=CARTESIAN_POINT('Ctrl Pts',(41.2023138302874,31.2005737712,3.8));
#9083=CARTESIAN_POINT('Ctrl Pts',(41.2144500626105,30.5187663749964,2.));
#9084=CARTESIAN_POINT('Ctrl Pts',(41.2144500626105,30.5187663749964,3.8));
#9085=CARTESIAN_POINT('Ctrl Pts',(41.2212806343918,30.1350283056561,2.));
#9086=CARTESIAN_POINT('Ctrl Pts',(41.2212806343918,30.1350283056561,3.8));
#9087=CARTESIAN_POINT('',(40.8097869202676,32.0951058736387,2.));
#9088=CARTESIAN_POINT('Ctrl Pts',(41.2212806343918,30.1350283056561,2.));
#9089=CARTESIAN_POINT('Ctrl Pts',(41.2144500626105,30.5187663749964,2.));
#9090=CARTESIAN_POINT('Ctrl Pts',(41.2023138302874,31.2005737712,2.));
#9091=CARTESIAN_POINT('Ctrl Pts',(40.9291899319844,31.8229975814885,2.));
#9092=CARTESIAN_POINT('Ctrl Pts',(40.8097869202676,32.0951058736387,2.));
#9093=CARTESIAN_POINT('',(40.8097869202676,32.0951058736387,3.5));
#9094=CARTESIAN_POINT('Ctrl Pts',(40.8097869202676,32.0951058736387,3.5));
#9095=CARTESIAN_POINT('Ctrl Pts',(40.9291899319844,31.8229975814885,3.5));
#9096=CARTESIAN_POINT('Ctrl Pts',(41.2023138302874,31.2005737712,3.5));
#9097=CARTESIAN_POINT('Ctrl Pts',(41.2144500626105,30.5187663749964,3.5));
#9098=CARTESIAN_POINT('Ctrl Pts',(41.2212806343918,30.1350283056561,3.5));
#9099=CARTESIAN_POINT('',(40.8097869202676,32.0951058736387,2.));
#9100=CARTESIAN_POINT('Ctrl Pts',(39.6571577752626,32.7833220510584,2.));
#9101=CARTESIAN_POINT('Ctrl Pts',(39.6571577752626,32.7833220510584,3.8));
#9102=CARTESIAN_POINT('Ctrl Pts',(39.8921558569465,32.7520918975386,2.));
#9103=CARTESIAN_POINT('Ctrl Pts',(39.8921558569465,32.7520918975386,3.8));
#9104=CARTESIAN_POINT('Ctrl Pts',(40.3736248762801,32.6881069012311,2.));
#9105=CARTESIAN_POINT('Ctrl Pts',(40.3736248762801,32.6881069012311,3.8));
#9106=CARTESIAN_POINT('Ctrl Pts',(40.6621081633625,32.2958882567128,2.));
#9107=CARTESIAN_POINT('Ctrl Pts',(40.6621081633625,32.2958882567128,3.8));
#9108=CARTESIAN_POINT('Ctrl Pts',(40.8097869202676,32.0951058736387,2.));
#9109=CARTESIAN_POINT('Ctrl Pts',(40.8097869202676,32.0951058736387,3.8));
#9110=CARTESIAN_POINT('Ctrl Pts',(40.8097869202676,32.0951058736387,2.));
#9111=CARTESIAN_POINT('Ctrl Pts',(40.6621081633625,32.2958882567128,2.));
#9112=CARTESIAN_POINT('Ctrl Pts',(40.3736248762801,32.6881069012311,2.));
#9113=CARTESIAN_POINT('Ctrl Pts',(39.8921558569465,32.7520918975386,2.));
#9114=CARTESIAN_POINT('Ctrl Pts',(39.6571577752626,32.7833220510584,2.));
#9115=CARTESIAN_POINT('Ctrl Pts',(39.6571577752626,32.7833220510584,3.5));
#9116=CARTESIAN_POINT('Ctrl Pts',(39.8921558569465,32.7520918975386,3.5));
#9117=CARTESIAN_POINT('Ctrl Pts',(40.3736248762801,32.6881069012311,3.5));
#9118=CARTESIAN_POINT('Ctrl Pts',(40.6621081633625,32.2958882567128,3.5));
#9119=CARTESIAN_POINT('Ctrl Pts',(40.8097869202676,32.0951058736387,3.5));
#9120=CARTESIAN_POINT('Origin',(37.7363553401183,33.3784722451789,2.));
#9121=CARTESIAN_POINT('',(35.7364033982728,33.2715997160646,2.));
#9122=CARTESIAN_POINT('',(37.7363553401183,33.3784722451789,2.));
#9123=CARTESIAN_POINT('',(35.7364033982728,33.2715997160646,2.));
#9124=CARTESIAN_POINT('',(35.7364033982728,33.2715997160646,3.5));
#9125=CARTESIAN_POINT('',(35.7364033982728,33.2715997160646,2.));
#9126=CARTESIAN_POINT('',(37.7363553401183,33.3784722451789,3.5));
#9127=CARTESIAN_POINT('',(35.7364033982728,33.2715997160646,3.5));
#9128=CARTESIAN_POINT('',(37.7363553401183,33.3784722451789,2.));
#9129=CARTESIAN_POINT('Ctrl Pts',(37.8558679329745,32.7030302238701,2.));
#9130=CARTESIAN_POINT('Ctrl Pts',(37.8558679329745,32.7030302238701,3.8));
#9131=CARTESIAN_POINT('Ctrl Pts',(37.8376921387722,32.8168214040346,2.));
#9132=CARTESIAN_POINT('Ctrl Pts',(37.8376921387722,32.8168214040346,3.8));
#9133=CARTESIAN_POINT('Ctrl Pts',(37.8016229378237,33.0426358525177,2.));
#9134=CARTESIAN_POINT('Ctrl Pts',(37.8016229378237,33.0426358525177,3.8));
#9135=CARTESIAN_POINT('Ctrl Pts',(37.7579973571183,33.2671125939167,2.));
#9136=CARTESIAN_POINT('Ctrl Pts',(37.7579973571183,33.2671125939167,3.8));
#9137=CARTESIAN_POINT('Ctrl Pts',(37.7363553401183,33.3784722451789,2.));
#9138=CARTESIAN_POINT('Ctrl Pts',(37.7363553401183,33.3784722451789,3.8));
#9139=CARTESIAN_POINT('',(37.8558679329745,32.7030302238701,2.));
#9140=CARTESIAN_POINT('Ctrl Pts',(37.7363553401183,33.3784722451789,2.));
#9141=CARTESIAN_POINT('Ctrl Pts',(37.7579973571183,33.2671125939167,2.));
#9142=CARTESIAN_POINT('Ctrl Pts',(37.8016229378237,33.0426358525177,2.));
#9143=CARTESIAN_POINT('Ctrl Pts',(37.8376921387722,32.8168214040346,2.));
#9144=CARTESIAN_POINT('Ctrl Pts',(37.8558679329745,32.7030302238701,2.));
#9145=CARTESIAN_POINT('',(37.8558679329745,32.7030302238701,3.5));
#9146=CARTESIAN_POINT('Ctrl Pts',(37.8558679329745,32.7030302238701,3.5));
#9147=CARTESIAN_POINT('Ctrl Pts',(37.8376921387722,32.8168214040346,3.5));
#9148=CARTESIAN_POINT('Ctrl Pts',(37.8016229378237,33.0426358525177,3.5));
#9149=CARTESIAN_POINT('Ctrl Pts',(37.7579973571183,33.2671125939167,3.5));
#9150=CARTESIAN_POINT('Ctrl Pts',(37.7363553401183,33.3784722451789,3.5));
#9151=CARTESIAN_POINT('',(37.8558679329745,32.7030302238701,2.));
#9152=CARTESIAN_POINT('Ctrl Pts',(37.9091513474509,32.0408027458897,2.));
#9153=CARTESIAN_POINT('Ctrl Pts',(37.9091513474509,32.0408027458897,3.8));
#9154=CARTESIAN_POINT('Ctrl Pts',(37.9066985618005,32.1491284980809,2.));
#9155=CARTESIAN_POINT('Ctrl Pts',(37.9066985618005,32.1491284980809,3.8));
#9156=CARTESIAN_POINT('Ctrl Pts',(37.901677404369,32.3708847920088,2.));
#9157=CARTESIAN_POINT('Ctrl Pts',(37.901677404369,32.3708847920088,3.8));
#9158=CARTESIAN_POINT('Ctrl Pts',(37.8713703113619,32.590628923274,2.));
#9159=CARTESIAN_POINT('Ctrl Pts',(37.8713703113619,32.590628923274,3.8));
#9160=CARTESIAN_POINT('Ctrl Pts',(37.8558679329745,32.7030302238701,2.));
#9161=CARTESIAN_POINT('Ctrl Pts',(37.8558679329745,32.7030302238701,3.8));
#9162=CARTESIAN_POINT('',(37.9091513474509,32.0408027458897,2.));
#9163=CARTESIAN_POINT('Ctrl Pts',(37.8558679329745,32.7030302238701,2.));
#9164=CARTESIAN_POINT('Ctrl Pts',(37.8713703113619,32.590628923274,2.));
#9165=CARTESIAN_POINT('Ctrl Pts',(37.901677404369,32.3708847920088,2.));
#9166=CARTESIAN_POINT('Ctrl Pts',(37.9066985618005,32.1491284980809,2.));
#9167=CARTESIAN_POINT('Ctrl Pts',(37.9091513474509,32.0408027458897,2.));
#9168=CARTESIAN_POINT('',(37.9091513474509,32.0408027458897,3.5));
#9169=CARTESIAN_POINT('Ctrl Pts',(37.9091513474509,32.0408027458897,3.5));
#9170=CARTESIAN_POINT('Ctrl Pts',(37.9066985618005,32.1491284980809,3.5));
#9171=CARTESIAN_POINT('Ctrl Pts',(37.901677404369,32.3708847920088,3.5));
#9172=CARTESIAN_POINT('Ctrl Pts',(37.8713703113619,32.590628923274,3.5));
#9173=CARTESIAN_POINT('Ctrl Pts',(37.8558679329745,32.7030302238701,3.5));
#9174=CARTESIAN_POINT('',(37.9091513474509,32.0408027458897,2.));
#9175=CARTESIAN_POINT('Ctrl Pts',(38.7961196402415,33.0213396033398,2.));
#9176=CARTESIAN_POINT('Ctrl Pts',(38.7961196402415,33.0213396033398,3.8));
#9177=CARTESIAN_POINT('Ctrl Pts',(38.638237230028,32.8928054656886,2.));
#9178=CARTESIAN_POINT('Ctrl Pts',(38.638237230028,32.8928054656886,3.8));
#9179=CARTESIAN_POINT('Ctrl Pts',(38.2929069048775,32.6116675258257,2.));
#9180=CARTESIAN_POINT('Ctrl Pts',(38.2929069048775,32.6116675258257,3.8));
#9181=CARTESIAN_POINT('Ctrl Pts',(38.0441684590231,32.2416506872253,2.));
#9182=CARTESIAN_POINT('Ctrl Pts',(38.0441684590231,32.2416506872253,3.8));
#9183=CARTESIAN_POINT('Ctrl Pts',(37.9091513474509,32.0408027458897,2.));
#9184=CARTESIAN_POINT('Ctrl Pts',(37.9091513474509,32.0408027458897,3.8));
#9185=CARTESIAN_POINT('',(38.7961196402415,33.0213396033398,2.));
#9186=CARTESIAN_POINT('Ctrl Pts',(37.9091513474509,32.0408027458897,2.));
#9187=CARTESIAN_POINT('Ctrl Pts',(38.0441684590231,32.2416506872253,2.));
#9188=CARTESIAN_POINT('Ctrl Pts',(38.2929069048775,32.6116675258257,2.));
#9189=CARTESIAN_POINT('Ctrl Pts',(38.638237230028,32.8928054656886,2.));
#9190=CARTESIAN_POINT('Ctrl Pts',(38.7961196402415,33.0213396033398,2.));
#9191=CARTESIAN_POINT('',(38.7961196402415,33.0213396033398,3.5));
#9192=CARTESIAN_POINT('Ctrl Pts',(38.7961196402415,33.0213396033398,3.5));
#9193=CARTESIAN_POINT('Ctrl Pts',(38.638237230028,32.8928054656886,3.5));
#9194=CARTESIAN_POINT('Ctrl Pts',(38.2929069048775,32.6116675258257,3.5));
#9195=CARTESIAN_POINT('Ctrl Pts',(38.0441684590231,32.2416506872253,3.5));
#9196=CARTESIAN_POINT('Ctrl Pts',(37.9091513474509,32.0408027458897,3.5));
#9197=CARTESIAN_POINT('',(38.7961196402415,33.0213396033398,2.));
#9198=CARTESIAN_POINT('Ctrl Pts',(39.9615180916265,33.3794871095361,2.));
#9199=CARTESIAN_POINT('Ctrl Pts',(39.9615180916265,33.3794871095361,3.8));
#9200=CARTESIAN_POINT('Ctrl Pts',(39.7514713321733,33.3650158283076,2.));
#9201=CARTESIAN_POINT('Ctrl Pts',(39.7514713321733,33.3650158283076,3.8));
#9202=CARTESIAN_POINT('Ctrl Pts',(39.3349998525214,33.3363228081374,2.));
#9203=CARTESIAN_POINT('Ctrl Pts',(39.3349998525214,33.3363228081374,3.8));
#9204=CARTESIAN_POINT('Ctrl Pts',(38.9747018776467,33.1257234797115,2.));
#9205=CARTESIAN_POINT('Ctrl Pts',(38.9747018776467,33.1257234797115,3.8));
#9206=CARTESIAN_POINT('Ctrl Pts',(38.7961196402415,33.0213396033398,2.));
#9207=CARTESIAN_POINT('Ctrl Pts',(38.7961196402415,33.0213396033398,3.8));
#9208=CARTESIAN_POINT('',(39.9615180916265,33.3794871095361,2.));
#9209=CARTESIAN_POINT('Ctrl Pts',(38.7961196402415,33.0213396033398,2.));
#9210=CARTESIAN_POINT('Ctrl Pts',(38.9747018776467,33.1257234797115,2.));
#9211=CARTESIAN_POINT('Ctrl Pts',(39.3349998525214,33.3363228081374,2.));
#9212=CARTESIAN_POINT('Ctrl Pts',(39.7514713321733,33.3650158283076,2.));
#9213=CARTESIAN_POINT('Ctrl Pts',(39.9615180916265,33.3794871095361,2.));
#9214=CARTESIAN_POINT('',(39.9615180916265,33.3794871095361,3.5));
#9215=CARTESIAN_POINT('Ctrl Pts',(39.9615180916265,33.3794871095361,3.5));
#9216=CARTESIAN_POINT('Ctrl Pts',(39.7514713321733,33.3650158283076,3.5));
#9217=CARTESIAN_POINT('Ctrl Pts',(39.3349998525214,33.3363228081374,3.5));
#9218=CARTESIAN_POINT('Ctrl Pts',(38.9747018776467,33.1257234797115,3.5));
#9219=CARTESIAN_POINT('Ctrl Pts',(38.7961196402415,33.0213396033398,3.5));
#9220=CARTESIAN_POINT('',(39.9615180916265,33.3794871095361,2.));
#9221=CARTESIAN_POINT('Ctrl Pts',(41.7500168482313,32.4663954332406,2.));
#9222=CARTESIAN_POINT('Ctrl Pts',(41.7500168482313,32.4663954332406,3.8));
#9223=CARTESIAN_POINT('Ctrl Pts',(41.4962980680694,32.732744197753,2.));
#9224=CARTESIAN_POINT('Ctrl Pts',(41.4962980680694,32.732744197753,3.8));
#9225=CARTESIAN_POINT('Ctrl Pts',(41.0055936347587,33.2478756337063,2.));
#9226=CARTESIAN_POINT('Ctrl Pts',(41.0055936347587,33.2478756337063,3.8));
#9227=CARTESIAN_POINT('Ctrl Pts',(40.3015404845792,33.336625413133,2.));
#9228=CARTESIAN_POINT('Ctrl Pts',(40.3015404845792,33.336625413133,3.8));
#9229=CARTESIAN_POINT('Ctrl Pts',(39.9615180916265,33.3794871095361,2.));
#9230=CARTESIAN_POINT('Ctrl Pts',(39.9615180916265,33.3794871095361,3.8));
#9231=CARTESIAN_POINT('',(41.7500168482313,32.4663954332406,2.));
#9232=CARTESIAN_POINT('Ctrl Pts',(39.9615180916265,33.3794871095361,2.));
#9233=CARTESIAN_POINT('Ctrl Pts',(40.3015404845792,33.336625413133,2.));
#9234=CARTESIAN_POINT('Ctrl Pts',(41.0055936347587,33.2478756337063,2.));
#9235=CARTESIAN_POINT('Ctrl Pts',(41.4962980680694,32.732744197753,2.));
#9236=CARTESIAN_POINT('Ctrl Pts',(41.7500168482313,32.4663954332406,2.));
#9237=CARTESIAN_POINT('',(41.7500168482313,32.4663954332406,3.5));
#9238=CARTESIAN_POINT('Ctrl Pts',(41.7500168482313,32.4663954332406,3.5));
#9239=CARTESIAN_POINT('Ctrl Pts',(41.4962980680694,32.732744197753,3.5));
#9240=CARTESIAN_POINT('Ctrl Pts',(41.0055936347587,33.2478756337063,3.5));
#9241=CARTESIAN_POINT('Ctrl Pts',(40.3015404845792,33.336625413133,3.5));
#9242=CARTESIAN_POINT('Ctrl Pts',(39.9615180916265,33.3794871095361,3.5));
#9243=CARTESIAN_POINT('',(41.7500168482313,32.4663954332406,2.));
#9244=CARTESIAN_POINT('Ctrl Pts',(42.4928062038309,30.1223634804759,2.));
#9245=CARTESIAN_POINT('Ctrl Pts',(42.4928062038309,30.1223634804759,3.8));
#9246=CARTESIAN_POINT('Ctrl Pts',(42.4688002736318,30.56854385479,2.));
#9247=CARTESIAN_POINT('Ctrl Pts',(42.4688002736318,30.56854385479,3.8));
#9248=CARTESIAN_POINT('Ctrl Pts',(42.4232055403596,31.4159792588495,2.));
#9249=CARTESIAN_POINT('Ctrl Pts',(42.4232055403596,31.4159792588495,3.8));
#9250=CARTESIAN_POINT('Ctrl Pts',(41.9663397585151,32.1288539883077,2.));
#9251=CARTESIAN_POINT('Ctrl Pts',(41.9663397585151,32.1288539883077,3.8));
#9252=CARTESIAN_POINT('Ctrl Pts',(41.7500168482313,32.4663954332406,2.));
#9253=CARTESIAN_POINT('Ctrl Pts',(41.7500168482313,32.4663954332406,3.8));
#9254=CARTESIAN_POINT('',(42.4928062038309,30.1223634804759,2.));
#9255=CARTESIAN_POINT('Ctrl Pts',(41.7500168482313,32.4663954332406,2.));
#9256=CARTESIAN_POINT('Ctrl Pts',(41.9663397585151,32.1288539883077,2.));
#9257=CARTESIAN_POINT('Ctrl Pts',(42.4232055403596,31.4159792588495,2.));
#9258=CARTESIAN_POINT('Ctrl Pts',(42.4688002736318,30.56854385479,2.));
#9259=CARTESIAN_POINT('Ctrl Pts',(42.4928062038309,30.1223634804759,2.));
#9260=CARTESIAN_POINT('',(42.4928062038309,30.1223634804759,3.5));
#9261=CARTESIAN_POINT('Ctrl Pts',(42.4928062038309,30.1223634804759,3.5));
#9262=CARTESIAN_POINT('Ctrl Pts',(42.4688002736318,30.56854385479,3.5));
#9263=CARTESIAN_POINT('Ctrl Pts',(42.4232055403596,31.4159792588495,3.5));
#9264=CARTESIAN_POINT('Ctrl Pts',(41.9663397585151,32.1288539883077,3.5));
#9265=CARTESIAN_POINT('Ctrl Pts',(41.7500168482313,32.4663954332406,3.5));
#9266=CARTESIAN_POINT('',(42.4928062038309,30.1223634804759,2.));
#9267=CARTESIAN_POINT('Ctrl Pts',(41.712414437552,27.7908815764553,2.));
#9268=CARTESIAN_POINT('Ctrl Pts',(41.712414437552,27.7908815764553,3.8));
#9269=CARTESIAN_POINT('Ctrl Pts',(41.9400835191564,28.1286258863482,2.));
#9270=CARTESIAN_POINT('Ctrl Pts',(41.9400835191564,28.1286258863482,3.8));
#9271=CARTESIAN_POINT('Ctrl Pts',(42.4144464622859,28.8323375354532,2.));
#9272=CARTESIAN_POINT('Ctrl Pts',(42.4144464622859,28.8323375354532,3.8));
#9273=CARTESIAN_POINT('Ctrl Pts',(42.4659971270632,29.6810092351642,2.));
#9274=CARTESIAN_POINT('Ctrl Pts',(42.4659971270632,29.6810092351642,3.8));
#9275=CARTESIAN_POINT('Ctrl Pts',(42.4928062038309,30.1223634804759,2.));
#9276=CARTESIAN_POINT('Ctrl Pts',(42.4928062038309,30.1223634804759,3.8));
#9277=CARTESIAN_POINT('',(41.712414437552,27.7908815764553,2.));
#9278=CARTESIAN_POINT('Ctrl Pts',(42.4928062038309,30.1223634804759,2.));
#9279=CARTESIAN_POINT('Ctrl Pts',(42.4659971270632,29.6810092351642,2.));
#9280=CARTESIAN_POINT('Ctrl Pts',(42.4144464622859,28.8323375354532,2.));
#9281=CARTESIAN_POINT('Ctrl Pts',(41.9400835191564,28.1286258863482,2.));
#9282=CARTESIAN_POINT('Ctrl Pts',(41.712414437552,27.7908815764553,2.));
#9283=CARTESIAN_POINT('',(41.712414437552,27.7908815764553,3.5));
#9284=CARTESIAN_POINT('Ctrl Pts',(41.712414437552,27.7908815764553,3.5));
#9285=CARTESIAN_POINT('Ctrl Pts',(41.9400835191564,28.1286258863482,3.5));
#9286=CARTESIAN_POINT('Ctrl Pts',(42.4144464622859,28.8323375354532,3.5));
#9287=CARTESIAN_POINT('Ctrl Pts',(42.4659971270632,29.6810092351642,3.5));
#9288=CARTESIAN_POINT('Ctrl Pts',(42.4928062038309,30.1223634804759,3.5));
#9289=CARTESIAN_POINT('',(41.712414437552,27.7908815764553,2.));
#9290=CARTESIAN_POINT('Ctrl Pts',(39.8452796479765,26.8761226188848,2.));
#9291=CARTESIAN_POINT('Ctrl Pts',(39.8452796479765,26.8761226188848,3.8));
#9292=CARTESIAN_POINT('Ctrl Pts',(40.2008004220604,26.9178616253741,2.));
#9293=CARTESIAN_POINT('Ctrl Pts',(40.2008004220604,26.9178616253741,3.8));
#9294=CARTESIAN_POINT('Ctrl Pts',(40.9291708955243,27.003374096472,2.));
#9295=CARTESIAN_POINT('Ctrl Pts',(40.9291708955243,27.003374096472,3.8));
#9296=CARTESIAN_POINT('Ctrl Pts',(41.447224853863,27.5242483141776,2.));
#9297=CARTESIAN_POINT('Ctrl Pts',(41.447224853863,27.5242483141776,3.8));
#9298=CARTESIAN_POINT('Ctrl Pts',(41.712414437552,27.7908815764553,2.));
#9299=CARTESIAN_POINT('Ctrl Pts',(41.712414437552,27.7908815764553,3.8));
#9300=CARTESIAN_POINT('',(39.8452796479765,26.8761226188848,2.));
#9301=CARTESIAN_POINT('Ctrl Pts',(41.712414437552,27.7908815764553,2.));
#9302=CARTESIAN_POINT('Ctrl Pts',(41.447224853863,27.5242483141776,2.));
#9303=CARTESIAN_POINT('Ctrl Pts',(40.9291708955243,27.003374096472,2.));
#9304=CARTESIAN_POINT('Ctrl Pts',(40.2008004220604,26.9178616253741,2.));
#9305=CARTESIAN_POINT('Ctrl Pts',(39.8452796479765,26.8761226188848,2.));
#9306=CARTESIAN_POINT('',(39.8452796479765,26.8761226188848,3.5));
#9307=CARTESIAN_POINT('Ctrl Pts',(39.8452796479765,26.8761226188848,3.5));
#9308=CARTESIAN_POINT('Ctrl Pts',(40.2008004220604,26.9178616253741,3.5));
#9309=CARTESIAN_POINT('Ctrl Pts',(40.9291708955243,27.003374096472,3.5));
#9310=CARTESIAN_POINT('Ctrl Pts',(41.447224853863,27.5242483141776,3.5));
#9311=CARTESIAN_POINT('Ctrl Pts',(41.712414437552,27.7908815764553,3.5));
#9312=CARTESIAN_POINT('',(39.8452796479765,26.8761226188848,2.));
#9313=CARTESIAN_POINT('Ctrl Pts',(37.9506984437446,28.0673110162928,2.));
#9314=CARTESIAN_POINT('Ctrl Pts',(37.9506984437446,28.0673110162928,3.8));
#9315=CARTESIAN_POINT('Ctrl Pts',(38.1977708429679,27.7200060236683,2.));
#9316=CARTESIAN_POINT('Ctrl Pts',(38.1977708429679,27.7200060236683,3.8));
#9317=CARTESIAN_POINT('Ctrl Pts',(38.6682777595558,27.0586233613027,2.));
#9318=CARTESIAN_POINT('Ctrl Pts',(38.6682777595558,27.0586233613027,3.8));
#9319=CARTESIAN_POINT('Ctrl Pts',(39.4663098444606,26.934884011858,2.));
#9320=CARTESIAN_POINT('Ctrl Pts',(39.4663098444606,26.934884011858,3.8));
#9321=CARTESIAN_POINT('Ctrl Pts',(39.8452796479765,26.8761226188848,2.));
#9322=CARTESIAN_POINT('Ctrl Pts',(39.8452796479765,26.8761226188848,3.8));
#9323=CARTESIAN_POINT('',(37.9506984437446,28.0673110162928,2.));
#9324=CARTESIAN_POINT('Ctrl Pts',(39.8452796479765,26.8761226188848,2.));
#9325=CARTESIAN_POINT('Ctrl Pts',(39.4663098444606,26.934884011858,2.));
#9326=CARTESIAN_POINT('Ctrl Pts',(38.6682777595558,27.0586233613027,2.));
#9327=CARTESIAN_POINT('Ctrl Pts',(38.1977708429679,27.7200060236683,2.));
#9328=CARTESIAN_POINT('Ctrl Pts',(37.9506984437446,28.0673110162928,2.));
#9329=CARTESIAN_POINT('',(37.9506984437446,28.0673110162928,3.5));
#9330=CARTESIAN_POINT('Ctrl Pts',(37.9506984437446,28.0673110162928,3.5));
#9331=CARTESIAN_POINT('Ctrl Pts',(38.1977708429679,27.7200060236683,3.5));
#9332=CARTESIAN_POINT('Ctrl Pts',(38.6682777595558,27.0586233613027,3.5));
#9333=CARTESIAN_POINT('Ctrl Pts',(39.4663098444606,26.934884011858,3.5));
#9334=CARTESIAN_POINT('Ctrl Pts',(39.8452796479765,26.8761226188848,3.5));
#9335=CARTESIAN_POINT('',(37.9506984437446,28.0673110162928,2.));
#9336=CARTESIAN_POINT('Origin',(37.9518522491143,25.5375101491149,2.));
#9337=CARTESIAN_POINT('',(37.9518522491143,25.5375101491149,2.));
#9338=CARTESIAN_POINT('',(37.9506984437446,28.0673110162928,2.));
#9339=CARTESIAN_POINT('',(37.9518522491143,25.5375101491149,3.5));
#9340=CARTESIAN_POINT('',(37.9506984437446,28.0673110162928,3.5));
#9341=CARTESIAN_POINT('',(37.9518522491143,25.5375101491149,2.));
#9342=CARTESIAN_POINT('Ctrl Pts',(38.5878620730043,24.9947541698421,2.));
#9343=CARTESIAN_POINT('Ctrl Pts',(38.5878620730043,24.9947541698421,3.8));
#9344=CARTESIAN_POINT('Ctrl Pts',(38.4026474006459,25.0110436214477,2.));
#9345=CARTESIAN_POINT('Ctrl Pts',(38.4026474006459,25.0110436214477,3.8));
#9346=CARTESIAN_POINT('Ctrl Pts',(38.054099865248,25.0416980406565,2.));
#9347=CARTESIAN_POINT('Ctrl Pts',(38.054099865248,25.0416980406565,3.8));
#9348=CARTESIAN_POINT('Ctrl Pts',(37.9844778310531,25.3793044208796,2.));
#9349=CARTESIAN_POINT('Ctrl Pts',(37.9844778310531,25.3793044208796,3.8));
#9350=CARTESIAN_POINT('Ctrl Pts',(37.9518522491143,25.5375101491149,2.));
#9351=CARTESIAN_POINT('Ctrl Pts',(37.9518522491143,25.5375101491149,3.8));
#9352=CARTESIAN_POINT('',(38.5878620730043,24.9947541698421,2.));
#9353=CARTESIAN_POINT('Ctrl Pts',(37.9518522491143,25.5375101491149,2.));
#9354=CARTESIAN_POINT('Ctrl Pts',(37.9844778310531,25.3793044208796,2.));
#9355=CARTESIAN_POINT('Ctrl Pts',(38.054099865248,25.0416980406565,2.));
#9356=CARTESIAN_POINT('Ctrl Pts',(38.4026474006459,25.0110436214477,2.));
#9357=CARTESIAN_POINT('Ctrl Pts',(38.5878620730043,24.9947541698421,2.));
#9358=CARTESIAN_POINT('',(38.5878620730043,24.9947541698421,3.5));
#9359=CARTESIAN_POINT('Ctrl Pts',(38.5878620730043,24.9947541698421,3.5));
#9360=CARTESIAN_POINT('Ctrl Pts',(38.4026474006459,25.0110436214477,3.5));
#9361=CARTESIAN_POINT('Ctrl Pts',(38.054099865248,25.0416980406565,3.5));
#9362=CARTESIAN_POINT('Ctrl Pts',(37.9844778310531,25.3793044208796,3.5));
#9363=CARTESIAN_POINT('Ctrl Pts',(37.9518522491143,25.5375101491149,3.5));
#9364=CARTESIAN_POINT('',(38.5878620730043,24.9947541698421,2.));
#9365=CARTESIAN_POINT('Origin',(39.051435957437,24.9949655991463,2.));
#9366=CARTESIAN_POINT('',(39.051435957437,24.9949655991463,2.));
#9367=CARTESIAN_POINT('',(38.5878620730043,24.9947541698421,2.));
#9368=CARTESIAN_POINT('',(39.051435957437,24.9949655991463,3.5));
#9369=CARTESIAN_POINT('',(38.5878620730043,24.9947541698421,3.5));
#9370=CARTESIAN_POINT('',(39.051435957437,24.9949655991463,2.));
#9371=CARTESIAN_POINT('Origin',(39.0516655103093,24.4916544942676,2.));
#9372=CARTESIAN_POINT('',(39.0516655103093,24.4916544942676,2.));
#9373=CARTESIAN_POINT('',(39.051435957437,24.9949655991463,2.));
#9374=CARTESIAN_POINT('',(39.0516655103093,24.4916544942676,3.5));
#9375=CARTESIAN_POINT('',(39.051435957437,24.9949655991463,3.5));
#9376=CARTESIAN_POINT('',(39.0516655103093,24.4916544942676,2.));
#9377=CARTESIAN_POINT('Origin',(35.7404084923374,24.4901442781169,2.));
#9378=CARTESIAN_POINT('',(35.7404084923374,24.4901442781169,2.));
#9379=CARTESIAN_POINT('',(39.0516655103093,24.4916544942676,2.));
#9380=CARTESIAN_POINT('',(35.7404084923374,24.4901442781169,3.5));
#9381=CARTESIAN_POINT('',(39.0516655103093,24.4916544942676,3.5));
#9382=CARTESIAN_POINT('',(35.7404084923374,24.4901442781169,2.));
#9383=CARTESIAN_POINT('Origin',(35.7401789394651,24.9934553829956,2.));
#9384=CARTESIAN_POINT('',(35.7401789394651,24.9934553829956,2.));
#9385=CARTESIAN_POINT('',(35.7404084923374,24.4901442781169,2.));
#9386=CARTESIAN_POINT('',(35.7401789394651,24.9934553829956,3.5));
#9387=CARTESIAN_POINT('',(35.7404084923374,24.4901442781169,3.5));
#9388=CARTESIAN_POINT('',(35.7401789394651,24.9934553829956,2.));
#9389=CARTESIAN_POINT('Origin',(36.2037552080834,24.9936668133872,2.));
#9390=CARTESIAN_POINT('',(36.2037552080834,24.9936668133872,2.));
#9391=CARTESIAN_POINT('',(35.7401789394651,24.9934553829956,2.));
#9392=CARTESIAN_POINT('',(36.2037552080834,24.9936668133872,3.5));
#9393=CARTESIAN_POINT('',(35.7401789394651,24.9934553829956,3.5));
#9394=CARTESIAN_POINT('',(36.2037552080834,24.9936668133872,2.));
#9395=CARTESIAN_POINT('Ctrl Pts',(36.8393180082451,25.4310423583031,2.));
#9396=CARTESIAN_POINT('Ctrl Pts',(36.8393180082451,25.4310423583031,3.8));
#9397=CARTESIAN_POINT('Ctrl Pts',(36.8003516632417,25.3042216890646,2.));
#9398=CARTESIAN_POINT('Ctrl Pts',(36.8003516632417,25.3042216890646,3.8));
#9399=CARTESIAN_POINT('Ctrl Pts',(36.7090629389415,25.0071115262134,2.));
#9400=CARTESIAN_POINT('Ctrl Pts',(36.7090629389415,25.0071115262134,3.8));
#9401=CARTESIAN_POINT('Ctrl Pts',(36.387855894544,24.9985651767199,2.));
#9402=CARTESIAN_POINT('Ctrl Pts',(36.387855894544,24.9985651767199,3.8));
#9403=CARTESIAN_POINT('Ctrl Pts',(36.2037552080834,24.9936668133872,2.));
#9404=CARTESIAN_POINT('Ctrl Pts',(36.2037552080834,24.9936668133872,3.8));
#9405=CARTESIAN_POINT('',(36.8393180082451,25.4310423583031,2.));
#9406=CARTESIAN_POINT('Ctrl Pts',(36.2037552080834,24.9936668133872,2.));
#9407=CARTESIAN_POINT('Ctrl Pts',(36.387855894544,24.9985651767199,2.));
#9408=CARTESIAN_POINT('Ctrl Pts',(36.7090629389415,25.0071115262134,2.));
#9409=CARTESIAN_POINT('Ctrl Pts',(36.8003516632417,25.3042216890646,2.));
#9410=CARTESIAN_POINT('Ctrl Pts',(36.8393180082451,25.4310423583031,2.));
#9411=CARTESIAN_POINT('',(36.8393180082451,25.4310423583031,3.5));
#9412=CARTESIAN_POINT('Ctrl Pts',(36.8393180082451,25.4310423583031,3.5));
#9413=CARTESIAN_POINT('Ctrl Pts',(36.8003516632417,25.3042216890646,3.5));
#9414=CARTESIAN_POINT('Ctrl Pts',(36.7090629389415,25.0071115262134,3.5));
#9415=CARTESIAN_POINT('Ctrl Pts',(36.387855894544,24.9985651767199,3.5));
#9416=CARTESIAN_POINT('Ctrl Pts',(36.2037552080834,24.9936668133872,3.5));
#9417=CARTESIAN_POINT('',(36.8393180082451,25.4310423583031,2.));
#9418=CARTESIAN_POINT('Origin',(36.8363338203614,31.974087913819,2.));
#9419=CARTESIAN_POINT('',(36.8363338203614,31.974087913819,2.));
#9420=CARTESIAN_POINT('',(36.8393180082451,25.4310423583031,2.));
#9421=CARTESIAN_POINT('',(36.8363338203614,31.974087913819,3.5));
#9422=CARTESIAN_POINT('',(36.8393180082451,25.4310423583031,3.5));
#9423=CARTESIAN_POINT('',(36.8363338203614,31.974087913819,2.));
#9424=CARTESIAN_POINT('Ctrl Pts',(36.5843762245832,32.6362247793958,2.));
#9425=CARTESIAN_POINT('Ctrl Pts',(36.5843762245832,32.6362247793958,3.8));
#9426=CARTESIAN_POINT('Ctrl Pts',(36.6574605771556,32.5566309722076,2.));
#9427=CARTESIAN_POINT('Ctrl Pts',(36.6574605771556,32.5566309722076,3.8));
#9428=CARTESIAN_POINT('Ctrl Pts',(36.8270526297707,32.3719337468597,2.));
#9429=CARTESIAN_POINT('Ctrl Pts',(36.8270526297707,32.3719337468597,3.8));
#9430=CARTESIAN_POINT('Ctrl Pts',(36.8329677655319,32.1183766098242,2.));
#9431=CARTESIAN_POINT('Ctrl Pts',(36.8329677655319,32.1183766098242,3.8));
#9432=CARTESIAN_POINT('Ctrl Pts',(36.8363338203614,31.974087913819,2.));
#9433=CARTESIAN_POINT('Ctrl Pts',(36.8363338203614,31.974087913819,3.8));
#9434=CARTESIAN_POINT('',(36.5843762245832,32.6362247793958,2.));
#9435=CARTESIAN_POINT('Ctrl Pts',(36.8363338203614,31.974087913819,2.));
#9436=CARTESIAN_POINT('Ctrl Pts',(36.8329677655319,32.1183766098242,2.));
#9437=CARTESIAN_POINT('Ctrl Pts',(36.8270526297707,32.3719337468597,2.));
#9438=CARTESIAN_POINT('Ctrl Pts',(36.6574605771556,32.5566309722076,2.));
#9439=CARTESIAN_POINT('Ctrl Pts',(36.5843762245832,32.6362247793958,2.));
#9440=CARTESIAN_POINT('',(36.5843762245832,32.6362247793958,3.5));
#9441=CARTESIAN_POINT('Ctrl Pts',(36.5843762245832,32.6362247793958,3.5));
#9442=CARTESIAN_POINT('Ctrl Pts',(36.6574605771556,32.5566309722076,3.5));
#9443=CARTESIAN_POINT('Ctrl Pts',(36.8270526297707,32.3719337468597,3.5));
#9444=CARTESIAN_POINT('Ctrl Pts',(36.8329677655319,32.1183766098242,3.5));
#9445=CARTESIAN_POINT('Ctrl Pts',(36.8363338203614,31.974087913819,3.5));
#9446=CARTESIAN_POINT('',(36.5843762245832,32.6362247793958,2.));
#9447=CARTESIAN_POINT('Ctrl Pts',(35.7366087876562,32.8212687902306,2.));
#9448=CARTESIAN_POINT('Ctrl Pts',(35.7366087876562,32.8212687902306,3.8));
#9449=CARTESIAN_POINT('Ctrl Pts',(35.9125749236321,32.82110840236,2.));
#9450=CARTESIAN_POINT('Ctrl Pts',(35.9125749236321,32.82110840236,3.8));
#9451=CARTESIAN_POINT('Ctrl Pts',(36.2103946880902,32.820836948551,2.));
#9452=CARTESIAN_POINT('Ctrl Pts',(36.2103946880902,32.820836948551,3.8));
#9453=CARTESIAN_POINT('Ctrl Pts',(36.4757893854516,32.6898275644471,2.));
#9454=CARTESIAN_POINT('Ctrl Pts',(36.4757893854516,32.6898275644471,3.8));
#9455=CARTESIAN_POINT('Ctrl Pts',(36.5843762245832,32.6362247793958,2.));
#9456=CARTESIAN_POINT('Ctrl Pts',(36.5843762245832,32.6362247793958,3.8));
#9457=CARTESIAN_POINT('',(35.7366087876562,32.8212687902306,2.));
#9458=CARTESIAN_POINT('Ctrl Pts',(36.5843762245832,32.6362247793958,2.));
#9459=CARTESIAN_POINT('Ctrl Pts',(36.4757893854516,32.6898275644471,2.));
#9460=CARTESIAN_POINT('Ctrl Pts',(36.2103946880902,32.820836948551,2.));
#9461=CARTESIAN_POINT('Ctrl Pts',(35.9125749236321,32.82110840236,2.));
#9462=CARTESIAN_POINT('Ctrl Pts',(35.7366087876562,32.8212687902306,2.));
#9463=CARTESIAN_POINT('',(35.7366087876562,32.8212687902306,3.5));
#9464=CARTESIAN_POINT('Ctrl Pts',(35.7366087876562,32.8212687902306,3.5));
#9465=CARTESIAN_POINT('Ctrl Pts',(35.9125749236321,32.82110840236,3.5));
#9466=CARTESIAN_POINT('Ctrl Pts',(36.2103946880902,32.820836948551,3.5));
#9467=CARTESIAN_POINT('Ctrl Pts',(36.4757893854516,32.6898275644471,3.5));
#9468=CARTESIAN_POINT('Ctrl Pts',(36.5843762245832,32.6362247793958,3.5));
#9469=CARTESIAN_POINT('',(35.7366087876562,32.8212687902306,2.));
#9470=CARTESIAN_POINT('Origin',(35.7364033982728,33.2715997160646,2.));
#9471=CARTESIAN_POINT('',(35.7366087876562,32.8212687902306,2.));
#9472=CARTESIAN_POINT('',(35.7366087876562,32.8212687902306,3.5));
#9473=CARTESIAN_POINT('Origin',(28.1695875639095,30.7397651104091,3.5));
#9474=CARTESIAN_POINT('Origin',(28.1695875639095,30.7397651104091,2.));
#9475=CARTESIAN_POINT('Ctrl Pts',(51.4728203700536,30.3913600846145,2.));
#9476=CARTESIAN_POINT('Ctrl Pts',(51.4728203700536,30.3913600846145,3.8));
#9477=CARTESIAN_POINT('Ctrl Pts',(51.4729468859543,31.1203505566391,2.));
#9478=CARTESIAN_POINT('Ctrl Pts',(51.4729468859543,31.1203505566391,3.8));
#9479=CARTESIAN_POINT('Ctrl Pts',(51.473160389314,32.3505667904984,2.));
#9480=CARTESIAN_POINT('Ctrl Pts',(51.473160389314,32.3505667904984,3.8));
#9481=CARTESIAN_POINT('Ctrl Pts',(52.5825739856357,32.7564892111815,2.));
#9482=CARTESIAN_POINT('Ctrl Pts',(52.5825739856357,32.7564892111815,3.8));
#9483=CARTESIAN_POINT('Ctrl Pts',(53.0345812504575,32.9218737744419,2.));
#9484=CARTESIAN_POINT('Ctrl Pts',(53.0345812504575,32.9218737744419,3.8));
#9485=CARTESIAN_POINT('',(53.0345812504575,32.9218737744419,2.));
#9486=CARTESIAN_POINT('',(51.4728203700536,30.3913600846145,2.));
#9487=CARTESIAN_POINT('Ctrl Pts',(53.0345812504575,32.9218737744419,2.));
#9488=CARTESIAN_POINT('Ctrl Pts',(52.5825739856357,32.7564892111815,2.));
#9489=CARTESIAN_POINT('Ctrl Pts',(51.473160389314,32.3505667904984,2.));
#9490=CARTESIAN_POINT('Ctrl Pts',(51.4729468859543,31.1203505566391,2.));
#9491=CARTESIAN_POINT('Ctrl Pts',(51.4728203700536,30.3913600846145,2.));
#9492=CARTESIAN_POINT('',(53.0345812504575,32.9218737744419,3.5));
#9493=CARTESIAN_POINT('',(53.0345812504575,32.9218737744419,2.));
#9494=CARTESIAN_POINT('',(51.4728203700536,30.3913600846145,3.5));
#9495=CARTESIAN_POINT('Ctrl Pts',(51.4728203700536,30.3913600846145,3.5));
#9496=CARTESIAN_POINT('Ctrl Pts',(51.4729468859543,31.1203505566391,3.5));
#9497=CARTESIAN_POINT('Ctrl Pts',(51.473160389314,32.3505667904984,3.5));
#9498=CARTESIAN_POINT('Ctrl Pts',(52.5825739856357,32.7564892111815,3.5));
#9499=CARTESIAN_POINT('Ctrl Pts',(53.0345812504575,32.9218737744419,3.5));
#9500=CARTESIAN_POINT('',(51.4728203700536,30.3913600846145,2.));
#9501=CARTESIAN_POINT('Ctrl Pts',(53.0237752257803,27.5708744177418,2.));
#9502=CARTESIAN_POINT('Ctrl Pts',(53.0237752257803,27.5708744177418,3.8));
#9503=CARTESIAN_POINT('Ctrl Pts',(52.5770569802078,27.7649796068062,2.));
#9504=CARTESIAN_POINT('Ctrl Pts',(52.5770569802078,27.7649796068062,3.8));
#9505=CARTESIAN_POINT('Ctrl Pts',(51.423525400747,28.2662048590591,2.));
#9506=CARTESIAN_POINT('Ctrl Pts',(51.423525400747,28.2662048590591,3.8));
#9507=CARTESIAN_POINT('Ctrl Pts',(51.4540914013825,29.5839355907872,2.));
#9508=CARTESIAN_POINT('Ctrl Pts',(51.4540914013825,29.5839355907872,3.8));
#9509=CARTESIAN_POINT('Ctrl Pts',(51.4728203700536,30.3913600846145,2.));
#9510=CARTESIAN_POINT('Ctrl Pts',(51.4728203700536,30.3913600846145,3.8));
#9511=CARTESIAN_POINT('',(53.0237752257803,27.5708744177418,2.));
#9512=CARTESIAN_POINT('Ctrl Pts',(51.4728203700536,30.3913600846145,2.));
#9513=CARTESIAN_POINT('Ctrl Pts',(51.4540914013825,29.5839355907872,2.));
#9514=CARTESIAN_POINT('Ctrl Pts',(51.423525400747,28.2662048590591,2.));
#9515=CARTESIAN_POINT('Ctrl Pts',(52.5770569802078,27.7649796068062,2.));
#9516=CARTESIAN_POINT('Ctrl Pts',(53.0237752257803,27.5708744177418,2.));
#9517=CARTESIAN_POINT('',(53.0237752257803,27.5708744177418,3.5));
#9518=CARTESIAN_POINT('Ctrl Pts',(53.0237752257803,27.5708744177418,3.5));
#9519=CARTESIAN_POINT('Ctrl Pts',(52.5770569802078,27.7649796068062,3.5));
#9520=CARTESIAN_POINT('Ctrl Pts',(51.423525400747,28.2662048590591,3.5));
#9521=CARTESIAN_POINT('Ctrl Pts',(51.4540914013825,29.5839355907872,3.5));
#9522=CARTESIAN_POINT('Ctrl Pts',(51.4728203700536,30.3913600846145,3.5));
#9523=CARTESIAN_POINT('',(53.0237752257803,27.5708744177418,2.));
#9524=CARTESIAN_POINT('Ctrl Pts',(54.2684681642559,28.3131647649971,2.));
#9525=CARTESIAN_POINT('Ctrl Pts',(54.2684681642559,28.3131647649971,3.8));
#9526=CARTESIAN_POINT('Ctrl Pts',(54.1032210963668,28.0968646127599,2.));
#9527=CARTESIAN_POINT('Ctrl Pts',(54.1032210963668,28.0968646127599,3.8));
#9528=CARTESIAN_POINT('Ctrl Pts',(53.7859090715186,27.6815190326047,2.));
#9529=CARTESIAN_POINT('Ctrl Pts',(53.7859090715186,27.6815190326047,3.8));
#9530=CARTESIAN_POINT('Ctrl Pts',(53.2706851828963,27.6067201648683,2.));
#9531=CARTESIAN_POINT('Ctrl Pts',(53.2706851828963,27.6067201648683,3.8));
#9532=CARTESIAN_POINT('Ctrl Pts',(53.0237752257803,27.5708744177418,2.));
#9533=CARTESIAN_POINT('Ctrl Pts',(53.0237752257803,27.5708744177418,3.8));
#9534=CARTESIAN_POINT('',(54.2684681642559,28.3131647649971,2.));
#9535=CARTESIAN_POINT('Ctrl Pts',(53.0237752257803,27.5708744177418,2.));
#9536=CARTESIAN_POINT('Ctrl Pts',(53.2706851828963,27.6067201648683,2.));
#9537=CARTESIAN_POINT('Ctrl Pts',(53.7859090715186,27.6815190326047,2.));
#9538=CARTESIAN_POINT('Ctrl Pts',(54.1032210963668,28.0968646127599,2.));
#9539=CARTESIAN_POINT('Ctrl Pts',(54.2684681642559,28.3131647649971,2.));
#9540=CARTESIAN_POINT('',(54.2684681642559,28.3131647649971,3.5));
#9541=CARTESIAN_POINT('Ctrl Pts',(54.2684681642559,28.3131647649971,3.5));
#9542=CARTESIAN_POINT('Ctrl Pts',(54.1032210963668,28.0968646127599,3.5));
#9543=CARTESIAN_POINT('Ctrl Pts',(53.7859090715186,27.6815190326047,3.5));
#9544=CARTESIAN_POINT('Ctrl Pts',(53.2706851828963,27.6067201648683,3.5));
#9545=CARTESIAN_POINT('Ctrl Pts',(53.0237752257803,27.5708744177418,3.5));
#9546=CARTESIAN_POINT('',(54.2684681642559,28.3131647649971,2.));
#9547=CARTESIAN_POINT('Ctrl Pts',(54.7575951276504,30.379612877052,2.));
#9548=CARTESIAN_POINT('Ctrl Pts',(54.7575951276504,30.379612877052,3.8));
#9549=CARTESIAN_POINT('Ctrl Pts',(54.747408630086,29.9789528743842,2.));
#9550=CARTESIAN_POINT('Ctrl Pts',(54.747408630086,29.9789528743842,3.8));
#9551=CARTESIAN_POINT('Ctrl Pts',(54.7289663968911,29.2535744845708,2.));
#9552=CARTESIAN_POINT('Ctrl Pts',(54.7289663968911,29.2535744845708,3.8));
#9553=CARTESIAN_POINT('Ctrl Pts',(54.4108666999583,28.6039649408442,2.));
#9554=CARTESIAN_POINT('Ctrl Pts',(54.4108666999583,28.6039649408442,3.8));
#9555=CARTESIAN_POINT('Ctrl Pts',(54.2684681642559,28.3131647649971,2.));
#9556=CARTESIAN_POINT('Ctrl Pts',(54.2684681642559,28.3131647649971,3.8));
#9557=CARTESIAN_POINT('',(54.7575951276504,30.379612877052,2.));
#9558=CARTESIAN_POINT('Ctrl Pts',(54.2684681642559,28.3131647649971,2.));
#9559=CARTESIAN_POINT('Ctrl Pts',(54.4108666999583,28.6039649408442,2.));
#9560=CARTESIAN_POINT('Ctrl Pts',(54.7289663968911,29.2535744845708,2.));
#9561=CARTESIAN_POINT('Ctrl Pts',(54.747408630086,29.9789528743842,2.));
#9562=CARTESIAN_POINT('Ctrl Pts',(54.7575951276504,30.379612877052,2.));
#9563=CARTESIAN_POINT('',(54.7575951276504,30.379612877052,3.5));
#9564=CARTESIAN_POINT('Ctrl Pts',(54.7575951276504,30.379612877052,3.5));
#9565=CARTESIAN_POINT('Ctrl Pts',(54.747408630086,29.9789528743842,3.5));
#9566=CARTESIAN_POINT('Ctrl Pts',(54.7289663968911,29.2535744845708,3.5));
#9567=CARTESIAN_POINT('Ctrl Pts',(54.4108666999583,28.6039649408442,3.5));
#9568=CARTESIAN_POINT('Ctrl Pts',(54.2684681642559,28.3131647649971,3.5));
#9569=CARTESIAN_POINT('',(54.7575951276504,30.379612877052,2.));
#9570=CARTESIAN_POINT('Ctrl Pts',(54.2666861087196,32.2204490952457,2.));
#9571=CARTESIAN_POINT('Ctrl Pts',(54.2666861087196,32.2204490952457,3.8));
#9572=CARTESIAN_POINT('Ctrl Pts',(54.40952647639,31.9557270108523,2.));
#9573=CARTESIAN_POINT('Ctrl Pts',(54.40952647639,31.9557270108523,3.8));
#9574=CARTESIAN_POINT('Ctrl Pts',(54.7186907308108,31.3827614886756,2.));
#9575=CARTESIAN_POINT('Ctrl Pts',(54.7186907308108,31.3827614886756,3.8));
#9576=CARTESIAN_POINT('Ctrl Pts',(54.7439865222326,30.7305103266971,2.));
#9577=CARTESIAN_POINT('Ctrl Pts',(54.7439865222326,30.7305103266971,3.8));
#9578=CARTESIAN_POINT('Ctrl Pts',(54.7575951276504,30.379612877052,2.));
#9579=CARTESIAN_POINT('Ctrl Pts',(54.7575951276504,30.379612877052,3.8));
#9580=CARTESIAN_POINT('',(54.2666861087196,32.2204490952457,2.));
#9581=CARTESIAN_POINT('Ctrl Pts',(54.7575951276504,30.379612877052,2.));
#9582=CARTESIAN_POINT('Ctrl Pts',(54.7439865222326,30.7305103266971,2.));
#9583=CARTESIAN_POINT('Ctrl Pts',(54.7186907308108,31.3827614886756,2.));
#9584=CARTESIAN_POINT('Ctrl Pts',(54.40952647639,31.9557270108523,2.));
#9585=CARTESIAN_POINT('Ctrl Pts',(54.2666861087196,32.2204490952457,2.));
#9586=CARTESIAN_POINT('',(54.2666861087196,32.2204490952457,3.5));
#9587=CARTESIAN_POINT('Ctrl Pts',(54.2666861087196,32.2204490952457,3.5));
#9588=CARTESIAN_POINT('Ctrl Pts',(54.40952647639,31.9557270108523,3.5));
#9589=CARTESIAN_POINT('Ctrl Pts',(54.7186907308108,31.3827614886756,3.5));
#9590=CARTESIAN_POINT('Ctrl Pts',(54.7439865222326,30.7305103266971,3.5));
#9591=CARTESIAN_POINT('Ctrl Pts',(54.7575951276504,30.379612877052,3.5));
#9592=CARTESIAN_POINT('',(54.2666861087196,32.2204490952457,2.));
#9593=CARTESIAN_POINT('Ctrl Pts',(53.0345812504575,32.9218737744419,2.));
#9594=CARTESIAN_POINT('Ctrl Pts',(53.0345812504575,32.9218737744419,3.8));
#9595=CARTESIAN_POINT('Ctrl Pts',(53.2745101759019,32.8880545944319,2.));
#9596=CARTESIAN_POINT('Ctrl Pts',(53.2745101759019,32.8880545944319,3.8));
#9597=CARTESIAN_POINT('Ctrl Pts',(53.7757229865073,32.8174061462141,2.));
#9598=CARTESIAN_POINT('Ctrl Pts',(53.7757229865073,32.8174061462141,3.8));
#9599=CARTESIAN_POINT('Ctrl Pts',(54.0984483278156,32.4250076965056,2.));
#9600=CARTESIAN_POINT('Ctrl Pts',(54.0984483278156,32.4250076965056,3.8));
#9601=CARTESIAN_POINT('Ctrl Pts',(54.2666861087196,32.2204490952457,2.));
#9602=CARTESIAN_POINT('Ctrl Pts',(54.2666861087196,32.2204490952457,3.8));
#9603=CARTESIAN_POINT('Ctrl Pts',(54.2666861087196,32.2204490952457,2.));
#9604=CARTESIAN_POINT('Ctrl Pts',(54.0984483278156,32.4250076965056,2.));
#9605=CARTESIAN_POINT('Ctrl Pts',(53.7757229865073,32.8174061462141,2.));
#9606=CARTESIAN_POINT('Ctrl Pts',(53.2745101759019,32.8880545944319,2.));
#9607=CARTESIAN_POINT('Ctrl Pts',(53.0345812504575,32.9218737744419,2.));
#9608=CARTESIAN_POINT('Ctrl Pts',(53.0345812504575,32.9218737744419,3.5));
#9609=CARTESIAN_POINT('Ctrl Pts',(53.2745101759019,32.8880545944319,3.5));
#9610=CARTESIAN_POINT('Ctrl Pts',(53.7757229865073,32.8174061462141,3.5));
#9611=CARTESIAN_POINT('Ctrl Pts',(54.0984483278156,32.4250076965056,3.5));
#9612=CARTESIAN_POINT('Ctrl Pts',(54.2666861087196,32.2204490952457,3.5));
#9613=CARTESIAN_POINT('Origin',(54.7585314621641,28.326632429184,2.));
#9614=CARTESIAN_POINT('',(54.9180446893863,27.0684271569101,2.));
#9615=CARTESIAN_POINT('',(54.7585314621641,28.326632429184,2.));
#9616=CARTESIAN_POINT('',(54.9180446893863,27.0684271569101,2.));
#9617=CARTESIAN_POINT('',(54.9180446893863,27.0684271569101,3.5));
#9618=CARTESIAN_POINT('',(54.9180446893863,27.0684271569101,2.));
#9619=CARTESIAN_POINT('',(54.7585314621641,28.326632429184,3.5));
#9620=CARTESIAN_POINT('',(54.9180446893863,27.0684271569101,3.5));
#9621=CARTESIAN_POINT('',(54.7585314621641,28.326632429184,2.));
#9622=CARTESIAN_POINT('Ctrl Pts',(52.7459092518078,26.9614760974085,2.));
#9623=CARTESIAN_POINT('Ctrl Pts',(52.7459092518078,26.9614760974085,3.8));
#9624=CARTESIAN_POINT('Ctrl Pts',(53.1458837233284,27.0337036502596,2.));
#9625=CARTESIAN_POINT('Ctrl Pts',(53.1458837233284,27.0337036502596,3.8));
#9626=CARTESIAN_POINT('Ctrl Pts',(54.0103525098099,27.1898097755487,2.));
#9627=CARTESIAN_POINT('Ctrl Pts',(54.0103525098099,27.1898097755487,3.8));
#9628=CARTESIAN_POINT('Ctrl Pts',(54.4970306954651,27.9292943396921,2.));
#9629=CARTESIAN_POINT('Ctrl Pts',(54.4970306954651,27.9292943396921,3.8));
#9630=CARTESIAN_POINT('Ctrl Pts',(54.7585314621641,28.326632429184,2.));
#9631=CARTESIAN_POINT('Ctrl Pts',(54.7585314621641,28.326632429184,3.8));
#9632=CARTESIAN_POINT('',(52.7459092518078,26.9614760974085,2.));
#9633=CARTESIAN_POINT('Ctrl Pts',(54.7585314621641,28.326632429184,2.));
#9634=CARTESIAN_POINT('Ctrl Pts',(54.4970306954651,27.9292943396921,2.));
#9635=CARTESIAN_POINT('Ctrl Pts',(54.0103525098099,27.1898097755487,2.));
#9636=CARTESIAN_POINT('Ctrl Pts',(53.1458837233284,27.0337036502596,2.));
#9637=CARTESIAN_POINT('Ctrl Pts',(52.7459092518078,26.9614760974085,2.));
#9638=CARTESIAN_POINT('',(52.7459092518078,26.9614760974085,3.5));
#9639=CARTESIAN_POINT('Ctrl Pts',(52.7459092518078,26.9614760974085,3.5));
#9640=CARTESIAN_POINT('Ctrl Pts',(53.1458837233284,27.0337036502596,3.5));
#9641=CARTESIAN_POINT('Ctrl Pts',(54.0103525098099,27.1898097755487,3.5));
#9642=CARTESIAN_POINT('Ctrl Pts',(54.4970306954651,27.9292943396921,3.5));
#9643=CARTESIAN_POINT('Ctrl Pts',(54.7585314621641,28.326632429184,3.5));
#9644=CARTESIAN_POINT('',(52.7459092518078,26.9614760974085,2.));
#9645=CARTESIAN_POINT('Ctrl Pts',(50.9309282348279,27.8613103499908,2.));
#9646=CARTESIAN_POINT('Ctrl Pts',(50.9309282348279,27.8613103499908,3.8));
#9647=CARTESIAN_POINT('Ctrl Pts',(51.1852694327205,27.5987603239975,2.));
#9648=CARTESIAN_POINT('Ctrl Pts',(51.1852694327205,27.5987603239975,3.8));
#9649=CARTESIAN_POINT('Ctrl Pts',(51.6846107923382,27.0833027888697,2.));
#9650=CARTESIAN_POINT('Ctrl Pts',(51.6846107923382,27.0833027888697,3.8));
#9651=CARTESIAN_POINT('Ctrl Pts',(52.3965826500355,27.0015753774495,2.));
#9652=CARTESIAN_POINT('Ctrl Pts',(52.3965826500355,27.0015753774495,3.8));
#9653=CARTESIAN_POINT('Ctrl Pts',(52.7459092518078,26.9614760974085,2.));
#9654=CARTESIAN_POINT('Ctrl Pts',(52.7459092518078,26.9614760974085,3.8));
#9655=CARTESIAN_POINT('',(50.9309282348279,27.8613103499908,2.));
#9656=CARTESIAN_POINT('Ctrl Pts',(52.7459092518078,26.9614760974085,2.));
#9657=CARTESIAN_POINT('Ctrl Pts',(52.3965826500355,27.0015753774495,2.));
#9658=CARTESIAN_POINT('Ctrl Pts',(51.6846107923382,27.0833027888697,2.));
#9659=CARTESIAN_POINT('Ctrl Pts',(51.1852694327205,27.5987603239975,2.));
#9660=CARTESIAN_POINT('Ctrl Pts',(50.9309282348279,27.8613103499908,2.));
#9661=CARTESIAN_POINT('',(50.9309282348279,27.8613103499908,3.5));
#9662=CARTESIAN_POINT('Ctrl Pts',(50.9309282348279,27.8613103499908,3.5));
#9663=CARTESIAN_POINT('Ctrl Pts',(51.1852694327205,27.5987603239975,3.5));
#9664=CARTESIAN_POINT('Ctrl Pts',(51.6846107923382,27.0833027888697,3.5));
#9665=CARTESIAN_POINT('Ctrl Pts',(52.3965826500355,27.0015753774495,3.5));
#9666=CARTESIAN_POINT('Ctrl Pts',(52.7459092518078,26.9614760974085,3.5));
#9667=CARTESIAN_POINT('',(50.9309282348279,27.8613103499908,2.));
#9668=CARTESIAN_POINT('Ctrl Pts',(50.2013806451907,30.2053495342253,2.));
#9669=CARTESIAN_POINT('Ctrl Pts',(50.2013806451907,30.2053495342253,3.8));
#9670=CARTESIAN_POINT('Ctrl Pts',(50.2247048757456,29.7595132085979,2.));
#9671=CARTESIAN_POINT('Ctrl Pts',(50.2247048757456,29.7595132085979,3.8));
#9672=CARTESIAN_POINT('Ctrl Pts',(50.2689298974337,28.9141639430019,2.));
#9673=CARTESIAN_POINT('Ctrl Pts',(50.2689298974337,28.9141639430019,3.8));
#9674=CARTESIAN_POINT('Ctrl Pts',(50.7184734740966,28.1992020719984,2.));
#9675=CARTESIAN_POINT('Ctrl Pts',(50.7184734740966,28.1992020719984,3.8));
#9676=CARTESIAN_POINT('Ctrl Pts',(50.9309282348279,27.8613103499908,2.));
#9677=CARTESIAN_POINT('Ctrl Pts',(50.9309282348279,27.8613103499908,3.8));
#9678=CARTESIAN_POINT('',(50.2013806451907,30.2053495342253,2.));
#9679=CARTESIAN_POINT('Ctrl Pts',(50.9309282348279,27.8613103499908,2.));
#9680=CARTESIAN_POINT('Ctrl Pts',(50.7184734740966,28.1992020719984,2.));
#9681=CARTESIAN_POINT('Ctrl Pts',(50.2689298974337,28.9141639430019,2.));
#9682=CARTESIAN_POINT('Ctrl Pts',(50.2247048757456,29.7595132085979,2.));
#9683=CARTESIAN_POINT('Ctrl Pts',(50.2013806451907,30.2053495342253,2.));
#9684=CARTESIAN_POINT('',(50.2013806451907,30.2053495342253,3.5));
#9685=CARTESIAN_POINT('Ctrl Pts',(50.2013806451907,30.2053495342253,3.5));
#9686=CARTESIAN_POINT('Ctrl Pts',(50.2247048757456,29.7595132085979,3.5));
#9687=CARTESIAN_POINT('Ctrl Pts',(50.2689298974337,28.9141639430019,3.5));
#9688=CARTESIAN_POINT('Ctrl Pts',(50.7184734740966,28.1992020719984,3.5));
#9689=CARTESIAN_POINT('Ctrl Pts',(50.9309282348279,27.8613103499908,3.5));
#9690=CARTESIAN_POINT('',(50.2013806451907,30.2053495342253,2.));
#9691=CARTESIAN_POINT('Ctrl Pts',(50.981783220577,32.5235866936827,2.));
#9692=CARTESIAN_POINT('Ctrl Pts',(50.981783220577,32.5235866936827,3.8));
#9693=CARTESIAN_POINT('Ctrl Pts',(50.7541485615226,32.1914647567009,2.));
#9694=CARTESIAN_POINT('Ctrl Pts',(50.7541485615226,32.1914647567009,3.8));
#9695=CARTESIAN_POINT('Ctrl Pts',(50.2762278998232,31.4941722769588,2.));
#9696=CARTESIAN_POINT('Ctrl Pts',(50.2762278998232,31.4941722769588,3.8));
#9697=CARTESIAN_POINT('Ctrl Pts',(50.2271057876374,30.6483203393432,2.));
#9698=CARTESIAN_POINT('Ctrl Pts',(50.2271057876374,30.6483203393432,3.8));
#9699=CARTESIAN_POINT('Ctrl Pts',(50.2013806451907,30.2053495342253,2.));
#9700=CARTESIAN_POINT('Ctrl Pts',(50.2013806451907,30.2053495342253,3.8));
#9701=CARTESIAN_POINT('',(50.981783220577,32.5235866936827,2.));
#9702=CARTESIAN_POINT('Ctrl Pts',(50.2013806451907,30.2053495342253,2.));
#9703=CARTESIAN_POINT('Ctrl Pts',(50.2271057876374,30.6483203393432,2.));
#9704=CARTESIAN_POINT('Ctrl Pts',(50.2762278998232,31.4941722769588,2.));
#9705=CARTESIAN_POINT('Ctrl Pts',(50.7541485615226,32.1914647567009,2.));
#9706=CARTESIAN_POINT('Ctrl Pts',(50.981783220577,32.5235866936827,2.));
#9707=CARTESIAN_POINT('',(50.981783220577,32.5235866936827,3.5));
#9708=CARTESIAN_POINT('Ctrl Pts',(50.981783220577,32.5235866936827,3.5));
#9709=CARTESIAN_POINT('Ctrl Pts',(50.7541485615226,32.1914647567009,3.5));
#9710=CARTESIAN_POINT('Ctrl Pts',(50.2762278998232,31.4941722769588,3.5));
#9711=CARTESIAN_POINT('Ctrl Pts',(50.2271057876374,30.6483203393432,3.5));
#9712=CARTESIAN_POINT('Ctrl Pts',(50.2013806451907,30.2053495342253,3.5));
#9713=CARTESIAN_POINT('',(50.981783220577,32.5235866936827,2.));
#9714=CARTESIAN_POINT('Ctrl Pts',(52.8621597766585,33.4383516906302,2.));
#9715=CARTESIAN_POINT('Ctrl Pts',(52.8621597766585,33.4383516906302,3.8));
#9716=CARTESIAN_POINT('Ctrl Pts',(52.505805786134,33.39633137634,2.));
#9717=CARTESIAN_POINT('Ctrl Pts',(52.505805786134,33.39633137634,3.8));
#9718=CARTESIAN_POINT('Ctrl Pts',(51.7742394010769,33.3100670149417,2.));
#9719=CARTESIAN_POINT('Ctrl Pts',(51.7742394010769,33.3100670149417,3.8));
#9720=CARTESIAN_POINT('Ctrl Pts',(51.2504361677881,32.7902137469244,2.));
#9721=CARTESIAN_POINT('Ctrl Pts',(51.2504361677881,32.7902137469244,3.8));
#9722=CARTESIAN_POINT('Ctrl Pts',(50.981783220577,32.5235866936827,2.));
#9723=CARTESIAN_POINT('Ctrl Pts',(50.981783220577,32.5235866936827,3.8));
#9724=CARTESIAN_POINT('',(52.8621597766585,33.4383516906302,2.));
#9725=CARTESIAN_POINT('Ctrl Pts',(50.981783220577,32.5235866936827,2.));
#9726=CARTESIAN_POINT('Ctrl Pts',(51.2504361677881,32.7902137469244,2.));
#9727=CARTESIAN_POINT('Ctrl Pts',(51.7742394010769,33.3100670149417,2.));
#9728=CARTESIAN_POINT('Ctrl Pts',(52.505805786134,33.39633137634,2.));
#9729=CARTESIAN_POINT('Ctrl Pts',(52.8621597766585,33.4383516906302,2.));
#9730=CARTESIAN_POINT('',(52.8621597766585,33.4383516906302,3.5));
#9731=CARTESIAN_POINT('Ctrl Pts',(52.8621597766585,33.4383516906302,3.5));
#9732=CARTESIAN_POINT('Ctrl Pts',(52.505805786134,33.39633137634,3.5));
#9733=CARTESIAN_POINT('Ctrl Pts',(51.7742394010769,33.3100670149417,3.5));
#9734=CARTESIAN_POINT('Ctrl Pts',(51.2504361677881,32.7902137469244,3.5));
#9735=CARTESIAN_POINT('Ctrl Pts',(50.981783220577,32.5235866936827,3.5));
#9736=CARTESIAN_POINT('',(52.8621597766585,33.4383516906302,2.));
#9737=CARTESIAN_POINT('Ctrl Pts',(54.7567373246115,32.2604074450013,2.));
#9738=CARTESIAN_POINT('Ctrl Pts',(54.7567373246115,32.2604074450013,3.8));
#9739=CARTESIAN_POINT('Ctrl Pts',(54.5136934381499,32.6039667059301,2.));
#9740=CARTESIAN_POINT('Ctrl Pts',(54.5136934381499,32.6039667059301,3.8));
#9741=CARTESIAN_POINT('Ctrl Pts',(54.0454880287255,33.2658072762343,2.));
#9742=CARTESIAN_POINT('Ctrl Pts',(54.0454880287255,33.2658072762343,3.8));
#9743=CARTESIAN_POINT('Ctrl Pts',(53.2464296040109,33.3823202283418,2.));
#9744=CARTESIAN_POINT('Ctrl Pts',(53.2464296040109,33.3823202283418,3.8));
#9745=CARTESIAN_POINT('Ctrl Pts',(52.8621597766585,33.4383516906302,2.));
#9746=CARTESIAN_POINT('Ctrl Pts',(52.8621597766585,33.4383516906302,3.8));
#9747=CARTESIAN_POINT('',(54.7567373246115,32.2604074450013,2.));
#9748=CARTESIAN_POINT('Ctrl Pts',(52.8621597766585,33.4383516906302,2.));
#9749=CARTESIAN_POINT('Ctrl Pts',(53.2464296040109,33.3823202283418,2.));
#9750=CARTESIAN_POINT('Ctrl Pts',(54.0454880287255,33.2658072762343,2.));
#9751=CARTESIAN_POINT('Ctrl Pts',(54.5136934381499,32.6039667059301,2.));
#9752=CARTESIAN_POINT('Ctrl Pts',(54.7567373246115,32.2604074450013,2.));
#9753=CARTESIAN_POINT('',(54.7567373246115,32.2604074450013,3.5));
#9754=CARTESIAN_POINT('Ctrl Pts',(54.7567373246115,32.2604074450013,3.5));
#9755=CARTESIAN_POINT('Ctrl Pts',(54.5136934381499,32.6039667059301,3.5));
#9756=CARTESIAN_POINT('Ctrl Pts',(54.0454880287255,33.2658072762343,3.5));
#9757=CARTESIAN_POINT('Ctrl Pts',(53.2464296040109,33.3823202283418,3.5));
#9758=CARTESIAN_POINT('Ctrl Pts',(52.8621597766585,33.4383516906302,3.5));
#9759=CARTESIAN_POINT('',(54.7567373246115,32.2604074450013,2.));
#9760=CARTESIAN_POINT('Origin',(54.7551425357061,35.7570962817226,2.));
#9761=CARTESIAN_POINT('',(54.7551425357061,35.7570962817226,2.));
#9762=CARTESIAN_POINT('',(54.7567373246115,32.2604074450013,2.));
#9763=CARTESIAN_POINT('',(54.7551425357061,35.7570962817226,3.5));
#9764=CARTESIAN_POINT('',(54.7567373246115,32.2604074450013,3.5));
#9765=CARTESIAN_POINT('',(54.7551425357061,35.7570962817226,2.));
#9766=CARTESIAN_POINT('Ctrl Pts',(53.8542004200026,36.3659569648365,2.));
#9767=CARTESIAN_POINT('Ctrl Pts',(53.8542004200026,36.3659569648365,3.8));
#9768=CARTESIAN_POINT('Ctrl Pts',(54.1148425638742,36.3603217933558,2.));
#9769=CARTESIAN_POINT('Ctrl Pts',(54.1148425638742,36.3603217933558,3.8));
#9770=CARTESIAN_POINT('Ctrl Pts',(54.567230645671,36.3505410097156,2.));
#9771=CARTESIAN_POINT('Ctrl Pts',(54.567230645671,36.3505410097156,3.8));
#9772=CARTESIAN_POINT('Ctrl Pts',(54.6992048884171,35.9337530216118,2.));
#9773=CARTESIAN_POINT('Ctrl Pts',(54.6992048884171,35.9337530216118,3.8));
#9774=CARTESIAN_POINT('Ctrl Pts',(54.7551425357061,35.7570962817226,2.));
#9775=CARTESIAN_POINT('Ctrl Pts',(54.7551425357061,35.7570962817226,3.8));
#9776=CARTESIAN_POINT('',(53.8542004200026,36.3659569648365,2.));
#9777=CARTESIAN_POINT('Ctrl Pts',(54.7551425357061,35.7570962817226,2.));
#9778=CARTESIAN_POINT('Ctrl Pts',(54.6992048884171,35.9337530216118,2.));
#9779=CARTESIAN_POINT('Ctrl Pts',(54.567230645671,36.3505410097156,2.));
#9780=CARTESIAN_POINT('Ctrl Pts',(54.1148425638742,36.3603217933558,2.));
#9781=CARTESIAN_POINT('Ctrl Pts',(53.8542004200026,36.3659569648365,2.));
#9782=CARTESIAN_POINT('',(53.8542004200026,36.3659569648365,3.5));
#9783=CARTESIAN_POINT('Ctrl Pts',(53.8542004200026,36.3659569648365,3.5));
#9784=CARTESIAN_POINT('Ctrl Pts',(54.1148425638742,36.3603217933558,3.5));
#9785=CARTESIAN_POINT('Ctrl Pts',(54.567230645671,36.3505410097156,3.5));
#9786=CARTESIAN_POINT('Ctrl Pts',(54.6992048884171,35.9337530216118,3.5));
#9787=CARTESIAN_POINT('Ctrl Pts',(54.7551425357061,35.7570962817226,3.5));
#9788=CARTESIAN_POINT('',(53.8542004200026,36.3659569648365,2.));
#9789=CARTESIAN_POINT('Origin',(53.4303589876447,36.3657636569256,2.));
#9790=CARTESIAN_POINT('',(53.4303589876447,36.3657636569256,2.));
#9791=CARTESIAN_POINT('',(53.8542004200026,36.3659569648365,2.));
#9792=CARTESIAN_POINT('',(53.4303589876447,36.3657636569256,3.5));
#9793=CARTESIAN_POINT('',(53.8542004200026,36.3659569648365,3.5));
#9794=CARTESIAN_POINT('',(53.4303589876447,36.3657636569256,2.));
#9795=CARTESIAN_POINT('Origin',(53.4301354755086,36.8558300150664,2.));
#9796=CARTESIAN_POINT('',(53.4301354755086,36.8558300150664,2.));
#9797=CARTESIAN_POINT('',(53.4303589876447,36.3657636569256,2.));
#9798=CARTESIAN_POINT('',(53.4301354755086,36.8558300150664,3.5));
#9799=CARTESIAN_POINT('',(53.4303589876447,36.3657636569256,3.5));
#9800=CARTESIAN_POINT('',(53.4301354755086,36.8558300150664,2.));
#9801=CARTESIAN_POINT('Origin',(55.8539191521532,36.9893859427013,2.));
#9802=CARTESIAN_POINT('',(55.8539191521532,36.9893859427013,2.));
#9803=CARTESIAN_POINT('',(53.4301354755086,36.8558300150664,2.));
#9804=CARTESIAN_POINT('',(55.8539191521532,36.9893859427013,3.5));
#9805=CARTESIAN_POINT('',(53.4301354755086,36.8558300150664,3.5));
#9806=CARTESIAN_POINT('',(55.8539191521532,36.9893859427013,2.));
#9807=CARTESIAN_POINT('Origin',(55.8577913478447,28.4993197013605,2.));
#9808=CARTESIAN_POINT('',(55.8577913478447,28.4993197013605,2.));
#9809=CARTESIAN_POINT('',(55.8539191521532,36.9893859427013,2.));
#9810=CARTESIAN_POINT('',(55.8577913478447,28.4993197013605,3.5));
#9811=CARTESIAN_POINT('',(55.8539191521532,36.9893859427013,3.5));
#9812=CARTESIAN_POINT('',(55.8577913478447,28.4993197013605,2.));
#9813=CARTESIAN_POINT('Ctrl Pts',(56.5999343310687,27.5725054518805,2.));
#9814=CARTESIAN_POINT('Ctrl Pts',(56.5999343310687,27.5725054518805,3.8));
#9815=CARTESIAN_POINT('Ctrl Pts',(56.3840220369497,27.6230455150875,2.));
#9816=CARTESIAN_POINT('Ctrl Pts',(56.3840220369497,27.6230455150875,3.8));
#9817=CARTESIAN_POINT('Ctrl Pts',(55.9102726623025,27.7339392621834,2.));
#9818=CARTESIAN_POINT('Ctrl Pts',(55.9102726623025,27.7339392621834,3.8));
#9819=CARTESIAN_POINT('Ctrl Pts',(55.8762876291883,28.2295724192249,2.));
#9820=CARTESIAN_POINT('Ctrl Pts',(55.8762876291883,28.2295724192249,3.8));
#9821=CARTESIAN_POINT('Ctrl Pts',(55.8577913478447,28.4993197013605,2.));
#9822=CARTESIAN_POINT('Ctrl Pts',(55.8577913478447,28.4993197013605,3.8));
#9823=CARTESIAN_POINT('',(56.5999343310687,27.5725054518805,2.));
#9824=CARTESIAN_POINT('Ctrl Pts',(55.8577913478447,28.4993197013605,2.));
#9825=CARTESIAN_POINT('Ctrl Pts',(55.8762876291883,28.2295724192249,2.));
#9826=CARTESIAN_POINT('Ctrl Pts',(55.9102726623025,27.7339392621834,2.));
#9827=CARTESIAN_POINT('Ctrl Pts',(56.3840220369497,27.6230455150875,2.));
#9828=CARTESIAN_POINT('Ctrl Pts',(56.5999343310687,27.5725054518805,2.));
#9829=CARTESIAN_POINT('',(56.5999343310687,27.5725054518805,3.5));
#9830=CARTESIAN_POINT('Ctrl Pts',(56.5999343310687,27.5725054518805,3.5));
#9831=CARTESIAN_POINT('Ctrl Pts',(56.3840220369497,27.6230455150875,3.5));
#9832=CARTESIAN_POINT('Ctrl Pts',(55.9102726623025,27.7339392621834,3.5));
#9833=CARTESIAN_POINT('Ctrl Pts',(55.8762876291883,28.2295724192249,3.5));
#9834=CARTESIAN_POINT('Ctrl Pts',(55.8577913478447,28.4993197013605,3.5));
#9835=CARTESIAN_POINT('',(56.5999343310687,27.5725054518805,2.));
#9836=CARTESIAN_POINT('Origin',(57.0370222983039,27.5727048013432,2.));
#9837=CARTESIAN_POINT('',(57.0370222983039,27.5727048013432,2.));
#9838=CARTESIAN_POINT('',(56.5999343310687,27.5725054518805,2.));
#9839=CARTESIAN_POINT('',(57.0370222983039,27.5727048013432,3.5));
#9840=CARTESIAN_POINT('',(56.5999343310687,27.5725054518805,3.5));
#9841=CARTESIAN_POINT('',(57.0370222983039,27.5727048013432,2.));
#9842=CARTESIAN_POINT('Origin',(57.0372518511762,27.0693936964645,2.));
#9843=CARTESIAN_POINT('',(57.0372518511762,27.0693936964645,2.));
#9844=CARTESIAN_POINT('',(57.0370222983039,27.5727048013432,2.));
#9845=CARTESIAN_POINT('',(57.0372518511762,27.0693936964645,3.5));
#9846=CARTESIAN_POINT('',(57.0370222983039,27.5727048013432,3.5));
#9847=CARTESIAN_POINT('',(57.0372518511762,27.0693936964645,2.));
#9848=CARTESIAN_POINT('Origin',(54.9180446893863,27.0684271569101,2.));
#9849=CARTESIAN_POINT('',(57.0372518511762,27.0693936964645,2.));
#9850=CARTESIAN_POINT('',(57.0372518511762,27.0693936964645,3.5));
#9851=CARTESIAN_POINT('Origin',(28.1695875639095,30.7397651104091,3.5));
#9852=CARTESIAN_POINT('Origin',(28.1695875639095,30.7397651104091,2.));
#9853=CARTESIAN_POINT('Origin',(23.0364643527949,28.7757408209457,2.));
#9854=CARTESIAN_POINT('',(22.6125709366366,28.894753214996,2.));
#9855=CARTESIAN_POINT('',(23.0364643527949,28.7757408209457,2.));
#9856=CARTESIAN_POINT('',(22.6125709366366,28.894753214996,2.));
#9857=CARTESIAN_POINT('',(22.6125709366366,28.894753214996,3.5));
#9858=CARTESIAN_POINT('',(22.6125709366366,28.894753214996,2.));
#9859=CARTESIAN_POINT('',(23.0364643527949,28.7757408209457,3.5));
#9860=CARTESIAN_POINT('',(22.6125709366366,28.894753214996,3.5));
#9861=CARTESIAN_POINT('',(23.0364643527949,28.7757408209457,2.));
#9862=CARTESIAN_POINT('Ctrl Pts',(22.1496954086515,27.3581177843996,2.));
#9863=CARTESIAN_POINT('Ctrl Pts',(22.1496954086515,27.3581177843996,3.8));
#9864=CARTESIAN_POINT('Ctrl Pts',(22.3348573607027,27.5511581125046,2.));
#9865=CARTESIAN_POINT('Ctrl Pts',(22.3348573607027,27.5511581125046,3.8));
#9866=CARTESIAN_POINT('Ctrl Pts',(22.7283308969785,27.9613733846051,2.));
#9867=CARTESIAN_POINT('Ctrl Pts',(22.7283308969785,27.9613733846051,3.8));
#9868=CARTESIAN_POINT('Ctrl Pts',(22.9298020805866,28.4938425735048,2.));
#9869=CARTESIAN_POINT('Ctrl Pts',(22.9298020805866,28.4938425735048,3.8));
#9870=CARTESIAN_POINT('Ctrl Pts',(23.0364643527949,28.7757408209457,2.));
#9871=CARTESIAN_POINT('Ctrl Pts',(23.0364643527949,28.7757408209457,3.8));
#9872=CARTESIAN_POINT('',(22.1496954086515,27.3581177843996,2.));
#9873=CARTESIAN_POINT('Ctrl Pts',(23.0364643527949,28.7757408209457,2.));
#9874=CARTESIAN_POINT('Ctrl Pts',(22.9298020805866,28.4938425735048,2.));
#9875=CARTESIAN_POINT('Ctrl Pts',(22.7283308969785,27.9613733846051,2.));
#9876=CARTESIAN_POINT('Ctrl Pts',(22.3348573607027,27.5511581125046,2.));
#9877=CARTESIAN_POINT('Ctrl Pts',(22.1496954086515,27.3581177843996,2.));
#9878=CARTESIAN_POINT('',(22.1496954086515,27.3581177843996,3.5));
#9879=CARTESIAN_POINT('Ctrl Pts',(22.1496954086515,27.3581177843996,3.5));
#9880=CARTESIAN_POINT('Ctrl Pts',(22.3348573607027,27.5511581125046,3.5));
#9881=CARTESIAN_POINT('Ctrl Pts',(22.7283308969785,27.9613733846051,3.5));
#9882=CARTESIAN_POINT('Ctrl Pts',(22.9298020805866,28.4938425735048,3.5));
#9883=CARTESIAN_POINT('Ctrl Pts',(23.0364643527949,28.7757408209457,3.5));
#9884=CARTESIAN_POINT('',(22.1496954086515,27.3581177843996,2.));
#9885=CARTESIAN_POINT('Ctrl Pts',(20.7459435797835,26.8674116895787,2.));
#9886=CARTESIAN_POINT('Ctrl Pts',(20.7459435797835,26.8674116895787,3.8));
#9887=CARTESIAN_POINT('Ctrl Pts',(21.007628401023,26.886206468857,2.));
#9888=CARTESIAN_POINT('Ctrl Pts',(21.007628401023,26.886206468857,3.8));
#9889=CARTESIAN_POINT('Ctrl Pts',(21.5203869083465,26.923033912354,2.));
#9890=CARTESIAN_POINT('Ctrl Pts',(21.5203869083465,26.923033912354,3.8));
#9891=CARTESIAN_POINT('Ctrl Pts',(21.9428400204926,27.2151045513191,2.));
#9892=CARTESIAN_POINT('Ctrl Pts',(21.9428400204926,27.2151045513191,3.8));
#9893=CARTESIAN_POINT('Ctrl Pts',(22.1496954086515,27.3581177843996,2.));
#9894=CARTESIAN_POINT('Ctrl Pts',(22.1496954086515,27.3581177843996,3.8));
#9895=CARTESIAN_POINT('',(20.7459435797835,26.8674116895787,2.));
#9896=CARTESIAN_POINT('Ctrl Pts',(22.1496954086515,27.3581177843996,2.));
#9897=CARTESIAN_POINT('Ctrl Pts',(21.9428400204926,27.2151045513191,2.));
#9898=CARTESIAN_POINT('Ctrl Pts',(21.5203869083465,26.923033912354,2.));
#9899=CARTESIAN_POINT('Ctrl Pts',(21.007628401023,26.886206468857,2.));
#9900=CARTESIAN_POINT('Ctrl Pts',(20.7459435797835,26.8674116895787,2.));
#9901=CARTESIAN_POINT('',(20.7459435797835,26.8674116895787,3.5));
#9902=CARTESIAN_POINT('Ctrl Pts',(20.7459435797835,26.8674116895787,3.5));
#9903=CARTESIAN_POINT('Ctrl Pts',(21.007628401023,26.886206468857,3.5));
#9904=CARTESIAN_POINT('Ctrl Pts',(21.5203869083465,26.923033912354,3.5));
#9905=CARTESIAN_POINT('Ctrl Pts',(21.9428400204926,27.2151045513191,3.5));
#9906=CARTESIAN_POINT('Ctrl Pts',(22.1496954086515,27.3581177843996,3.5));
#9907=CARTESIAN_POINT('',(20.7459435797835,26.8674116895787,2.));
#9908=CARTESIAN_POINT('Ctrl Pts',(18.6395975296855,27.714132864743,2.));
#9909=CARTESIAN_POINT('Ctrl Pts',(18.6395975296855,27.714132864743,3.8));
#9910=CARTESIAN_POINT('Ctrl Pts',(18.9376635108735,27.4670679313217,2.));
#9911=CARTESIAN_POINT('Ctrl Pts',(18.9376635108735,27.4670679313217,3.8));
#9912=CARTESIAN_POINT('Ctrl Pts',(19.548412430149,26.960822164943,2.));
#9913=CARTESIAN_POINT('Ctrl Pts',(19.548412430149,26.960822164943,3.8));
#9914=CARTESIAN_POINT('Ctrl Pts',(20.3404479762548,26.8990413779549,2.));
#9915=CARTESIAN_POINT('Ctrl Pts',(20.3404479762548,26.8990413779549,3.8));
#9916=CARTESIAN_POINT('Ctrl Pts',(20.7459435797835,26.8674116895787,2.));
#9917=CARTESIAN_POINT('Ctrl Pts',(20.7459435797835,26.8674116895787,3.8));
#9918=CARTESIAN_POINT('',(18.6395975296855,27.714132864743,2.));
#9919=CARTESIAN_POINT('Ctrl Pts',(20.7459435797835,26.8674116895787,2.));
#9920=CARTESIAN_POINT('Ctrl Pts',(20.3404479762548,26.8990413779549,2.));
#9921=CARTESIAN_POINT('Ctrl Pts',(19.548412430149,26.960822164943,2.));
#9922=CARTESIAN_POINT('Ctrl Pts',(18.9376635108735,27.4670679313217,2.));
#9923=CARTESIAN_POINT('Ctrl Pts',(18.6395975296855,27.714132864743,2.));
#9924=CARTESIAN_POINT('',(18.6395975296855,27.714132864743,3.5));
#9925=CARTESIAN_POINT('Ctrl Pts',(18.6395975296855,27.714132864743,3.5));
#9926=CARTESIAN_POINT('Ctrl Pts',(18.9376635108735,27.4670679313217,3.5));
#9927=CARTESIAN_POINT('Ctrl Pts',(19.548412430149,26.960822164943,3.5));
#9928=CARTESIAN_POINT('Ctrl Pts',(20.3404479762548,26.8990413779549,3.5));
#9929=CARTESIAN_POINT('Ctrl Pts',(20.7459435797835,26.8674116895787,3.5));
#9930=CARTESIAN_POINT('',(18.6395975296855,27.714132864743,2.));
#9931=CARTESIAN_POINT('Ctrl Pts',(17.8173602805967,30.0051489884605,2.));
#9932=CARTESIAN_POINT('Ctrl Pts',(17.8173602805967,30.0051489884605,3.8));
#9933=CARTESIAN_POINT('Ctrl Pts',(17.8434189708109,29.5577910442946,2.));
#9934=CARTESIAN_POINT('Ctrl Pts',(17.8434189708109,29.5577910442946,3.8));
#9935=CARTESIAN_POINT('Ctrl Pts',(17.8927682481757,28.710596074533,2.));
#9936=CARTESIAN_POINT('Ctrl Pts',(17.8927682481757,28.710596074533,3.8));
#9937=CARTESIAN_POINT('Ctrl Pts',(18.40014096429,28.033629788159,2.));
#9938=CARTESIAN_POINT('Ctrl Pts',(18.40014096429,28.033629788159,3.8));
#9939=CARTESIAN_POINT('Ctrl Pts',(18.6395975296855,27.714132864743,2.));
#9940=CARTESIAN_POINT('Ctrl Pts',(18.6395975296855,27.714132864743,3.8));
#9941=CARTESIAN_POINT('',(17.8173602805967,30.0051489884605,2.));
#9942=CARTESIAN_POINT('Ctrl Pts',(18.6395975296855,27.714132864743,2.));
#9943=CARTESIAN_POINT('Ctrl Pts',(18.40014096429,28.033629788159,2.));
#9944=CARTESIAN_POINT('Ctrl Pts',(17.8927682481757,28.710596074533,2.));
#9945=CARTESIAN_POINT('Ctrl Pts',(17.8434189708109,29.5577910442946,2.));
#9946=CARTESIAN_POINT('Ctrl Pts',(17.8173602805967,30.0051489884605,2.));
#9947=CARTESIAN_POINT('',(17.8173602805967,30.0051489884605,3.5));
#9948=CARTESIAN_POINT('Ctrl Pts',(17.8173602805967,30.0051489884605,3.5));
#9949=CARTESIAN_POINT('Ctrl Pts',(17.8434189708109,29.5577910442946,3.5));
#9950=CARTESIAN_POINT('Ctrl Pts',(17.8927682481757,28.710596074533,3.5));
#9951=CARTESIAN_POINT('Ctrl Pts',(18.40014096429,28.033629788159,3.5));
#9952=CARTESIAN_POINT('Ctrl Pts',(18.6395975296855,27.714132864743,3.5));
#9953=CARTESIAN_POINT('',(17.8173602805967,30.0051489884605,2.));
#9954=CARTESIAN_POINT('Ctrl Pts',(18.6639074624237,32.4956016351998,2.));
#9955=CARTESIAN_POINT('Ctrl Pts',(18.6639074624237,32.4956016351998,3.8));
#9956=CARTESIAN_POINT('Ctrl Pts',(18.4170346610781,32.1436209563745,2.));
#9957=CARTESIAN_POINT('Ctrl Pts',(18.4170346610781,32.1436209563745,3.8));
#9958=CARTESIAN_POINT('Ctrl Pts',(17.8941686752325,31.3981410022057,2.));
#9959=CARTESIAN_POINT('Ctrl Pts',(17.8941686752325,31.3981410022057,3.8));
#9960=CARTESIAN_POINT('Ctrl Pts',(17.8438963638249,30.486405655628,2.));
#9961=CARTESIAN_POINT('Ctrl Pts',(17.8438963638249,30.486405655628,3.8));
#9962=CARTESIAN_POINT('Ctrl Pts',(17.8173602805967,30.0051489884605,2.));
#9963=CARTESIAN_POINT('Ctrl Pts',(17.8173602805967,30.0051489884605,3.8));
#9964=CARTESIAN_POINT('',(18.6639074624237,32.4956016351998,2.));
#9965=CARTESIAN_POINT('Ctrl Pts',(17.8173602805967,30.0051489884605,2.));
#9966=CARTESIAN_POINT('Ctrl Pts',(17.8438963638249,30.486405655628,2.));
#9967=CARTESIAN_POINT('Ctrl Pts',(17.8941686752325,31.3981410022057,2.));
#9968=CARTESIAN_POINT('Ctrl Pts',(18.4170346610781,32.1436209563745,2.));
#9969=CARTESIAN_POINT('Ctrl Pts',(18.6639074624237,32.4956016351998,2.));
#9970=CARTESIAN_POINT('',(18.6639074624237,32.4956016351998,3.5));
#9971=CARTESIAN_POINT('Ctrl Pts',(18.6639074624237,32.4956016351998,3.5));
#9972=CARTESIAN_POINT('Ctrl Pts',(18.4170346610781,32.1436209563745,3.5));
#9973=CARTESIAN_POINT('Ctrl Pts',(17.8941686752325,31.3981410022057,3.5));
#9974=CARTESIAN_POINT('Ctrl Pts',(17.8438963638249,30.486405655628,3.5));
#9975=CARTESIAN_POINT('Ctrl Pts',(17.8173602805967,30.0051489884605,3.5));
#9976=CARTESIAN_POINT('',(18.6639074624237,32.4956016351998,2.));
#9977=CARTESIAN_POINT('Ctrl Pts',(20.8489016275086,33.4502404083327,2.));
#9978=CARTESIAN_POINT('Ctrl Pts',(20.8489016275086,33.4502404083327,3.8));
#9979=CARTESIAN_POINT('Ctrl Pts',(20.4280047371935,33.4117128869941,2.));
#9980=CARTESIAN_POINT('Ctrl Pts',(20.4280047371935,33.4117128869941,3.8));
#9981=CARTESIAN_POINT('Ctrl Pts',(19.5934632911393,33.3353216992457,2.));
#9982=CARTESIAN_POINT('Ctrl Pts',(19.5934632911393,33.3353216992457,3.8));
#9983=CARTESIAN_POINT('Ctrl Pts',(18.9719590727216,32.7738819815091,2.));
#9984=CARTESIAN_POINT('Ctrl Pts',(18.9719590727216,32.7738819815091,3.8));
#9985=CARTESIAN_POINT('Ctrl Pts',(18.6639074624237,32.4956016351998,2.));
#9986=CARTESIAN_POINT('Ctrl Pts',(18.6639074624237,32.4956016351998,3.8));
#9987=CARTESIAN_POINT('',(20.8489016275086,33.4502404083327,2.));
#9988=CARTESIAN_POINT('Ctrl Pts',(18.6639074624237,32.4956016351998,2.));
#9989=CARTESIAN_POINT('Ctrl Pts',(18.9719590727216,32.7738819815091,2.));
#9990=CARTESIAN_POINT('Ctrl Pts',(19.5934632911393,33.3353216992457,2.));
#9991=CARTESIAN_POINT('Ctrl Pts',(20.4280047371935,33.4117128869941,2.));
#9992=CARTESIAN_POINT('Ctrl Pts',(20.8489016275086,33.4502404083327,2.));
#9993=CARTESIAN_POINT('',(20.8489016275086,33.4502404083327,3.5));
#9994=CARTESIAN_POINT('Ctrl Pts',(20.8489016275086,33.4502404083327,3.5));
#9995=CARTESIAN_POINT('Ctrl Pts',(20.4280047371935,33.4117128869941,3.5));
#9996=CARTESIAN_POINT('Ctrl Pts',(19.5934632911393,33.3353216992457,3.5));
#9997=CARTESIAN_POINT('Ctrl Pts',(18.9719590727216,32.7738819815091,3.5));
#9998=CARTESIAN_POINT('Ctrl Pts',(18.6639074624237,32.4956016351998,3.5));
#9999=CARTESIAN_POINT('',(20.8489016275086,33.4502404083327,2.));
#10000=CARTESIAN_POINT('Ctrl Pts',(22.3723170709023,32.9343786608383,2.));
#10001=CARTESIAN_POINT('Ctrl Pts',(22.3723170709023,32.9343786608383,3.8));
#10002=CARTESIAN_POINT('Ctrl Pts',(22.1489778985894,33.0849029245635,2.));
#10003=CARTESIAN_POINT('Ctrl Pts',(22.1489778985894,33.0849029245635,3.8));
#10004=CARTESIAN_POINT('Ctrl Pts',(21.6887866464277,33.3950587681938,2.));
#10005=CARTESIAN_POINT('Ctrl Pts',(21.6887866464277,33.3950587681938,3.8));
#10006=CARTESIAN_POINT('Ctrl Pts',(21.1342906477164,33.4314899438549,2.));
#10007=CARTESIAN_POINT('Ctrl Pts',(21.1342906477164,33.4314899438549,3.8));
#10008=CARTESIAN_POINT('Ctrl Pts',(20.8489016275086,33.4502404083327,2.));
#10009=CARTESIAN_POINT('Ctrl Pts',(20.8489016275086,33.4502404083327,3.8));
#10010=CARTESIAN_POINT('',(22.3723170709023,32.9343786608383,2.));
#10011=CARTESIAN_POINT('Ctrl Pts',(20.8489016275086,33.4502404083327,2.));
#10012=CARTESIAN_POINT('Ctrl Pts',(21.1342906477164,33.4314899438549,2.));
#10013=CARTESIAN_POINT('Ctrl Pts',(21.6887866464277,33.3950587681938,2.));
#10014=CARTESIAN_POINT('Ctrl Pts',(22.1489778985894,33.0849029245635,2.));
#10015=CARTESIAN_POINT('Ctrl Pts',(22.3723170709023,32.9343786608383,2.));
#10016=CARTESIAN_POINT('',(22.3723170709023,32.9343786608383,3.5));
#10017=CARTESIAN_POINT('Ctrl Pts',(22.3723170709023,32.9343786608383,3.5));
#10018=CARTESIAN_POINT('Ctrl Pts',(22.1489778985894,33.0849029245635,3.5));
#10019=CARTESIAN_POINT('Ctrl Pts',(21.6887866464277,33.3950587681938,3.5));
#10020=CARTESIAN_POINT('Ctrl Pts',(21.1342906477164,33.4314899438549,3.5));
#10021=CARTESIAN_POINT('Ctrl Pts',(20.8489016275086,33.4502404083327,3.5));
#10022=CARTESIAN_POINT('',(22.3723170709023,32.9343786608383,2.));
#10023=CARTESIAN_POINT('Ctrl Pts',(22.9556052810241,31.8220618908252,2.));
#10024=CARTESIAN_POINT('Ctrl Pts',(22.9556052810241,31.8220618908252,3.8));
#10025=CARTESIAN_POINT('Ctrl Pts',(22.9268102319105,32.0308400339226,2.));
#10026=CARTESIAN_POINT('Ctrl Pts',(22.9268102319105,32.0308400339226,3.8));
#10027=CARTESIAN_POINT('Ctrl Pts',(22.8662593602364,32.4698633709275,2.));
#10028=CARTESIAN_POINT('Ctrl Pts',(22.8662593602364,32.4698633709275,3.8));
#10029=CARTESIAN_POINT('Ctrl Pts',(22.5422456316129,32.7745737274542,2.));
#10030=CARTESIAN_POINT('Ctrl Pts',(22.5422456316129,32.7745737274542,3.8));
#10031=CARTESIAN_POINT('Ctrl Pts',(22.3723170709023,32.9343786608383,2.));
#10032=CARTESIAN_POINT('Ctrl Pts',(22.3723170709023,32.9343786608383,3.8));
#10033=CARTESIAN_POINT('',(22.9556052810241,31.8220618908252,2.));
#10034=CARTESIAN_POINT('Ctrl Pts',(22.3723170709023,32.9343786608383,2.));
#10035=CARTESIAN_POINT('Ctrl Pts',(22.5422456316129,32.7745737274542,2.));
#10036=CARTESIAN_POINT('Ctrl Pts',(22.8662593602364,32.4698633709275,2.));
#10037=CARTESIAN_POINT('Ctrl Pts',(22.9268102319105,32.0308400339226,2.));
#10038=CARTESIAN_POINT('Ctrl Pts',(22.9556052810241,31.8220618908252,2.));
#10039=CARTESIAN_POINT('',(22.9556052810241,31.8220618908252,3.5));
#10040=CARTESIAN_POINT('Ctrl Pts',(22.9556052810241,31.8220618908252,3.5));
#10041=CARTESIAN_POINT('Ctrl Pts',(22.9268102319105,32.0308400339226,3.5));
#10042=CARTESIAN_POINT('Ctrl Pts',(22.8662593602364,32.4698633709275,3.5));
#10043=CARTESIAN_POINT('Ctrl Pts',(22.5422456316129,32.7745737274542,3.5));
#10044=CARTESIAN_POINT('Ctrl Pts',(22.3723170709023,32.9343786608383,3.5));
#10045=CARTESIAN_POINT('',(22.9556052810241,31.8220618908252,2.));
#10046=CARTESIAN_POINT('Ctrl Pts',(22.7307182940035,31.2126877334371,2.));
#10047=CARTESIAN_POINT('Ctrl Pts',(22.7307182940035,31.2126877334371,3.8));
#10048=CARTESIAN_POINT('Ctrl Pts',(22.7963463468775,31.301935297685,2.));
#10049=CARTESIAN_POINT('Ctrl Pts',(22.7963463468775,31.301935297685,3.8));
#10050=CARTESIAN_POINT('Ctrl Pts',(22.9297156770953,31.4833041993366,2.));
#10051=CARTESIAN_POINT('Ctrl Pts',(22.9297156770953,31.4833041993366,3.8));
#10052=CARTESIAN_POINT('Ctrl Pts',(22.9468847323602,31.7079561307676,2.));
#10053=CARTESIAN_POINT('Ctrl Pts',(22.9468847323602,31.7079561307676,3.8));
#10054=CARTESIAN_POINT('Ctrl Pts',(22.9556052810241,31.8220618908252,2.));
#10055=CARTESIAN_POINT('Ctrl Pts',(22.9556052810241,31.8220618908252,3.8));
#10056=CARTESIAN_POINT('',(22.7307182940035,31.2126877334371,2.));
#10057=CARTESIAN_POINT('Ctrl Pts',(22.9556052810241,31.8220618908252,2.));
#10058=CARTESIAN_POINT('Ctrl Pts',(22.9468847323602,31.7079561307676,2.));
#10059=CARTESIAN_POINT('Ctrl Pts',(22.9297156770953,31.4833041993366,2.));
#10060=CARTESIAN_POINT('Ctrl Pts',(22.7963463468775,31.301935297685,2.));
#10061=CARTESIAN_POINT('Ctrl Pts',(22.7307182940035,31.2126877334371,2.));
#10062=CARTESIAN_POINT('',(22.7307182940035,31.2126877334371,3.5));
#10063=CARTESIAN_POINT('Ctrl Pts',(22.7307182940035,31.2126877334371,3.5));
#10064=CARTESIAN_POINT('Ctrl Pts',(22.7963463468775,31.301935297685,3.5));
#10065=CARTESIAN_POINT('Ctrl Pts',(22.9297156770953,31.4833041993366,3.5));
#10066=CARTESIAN_POINT('Ctrl Pts',(22.9468847323602,31.7079561307676,3.5));
#10067=CARTESIAN_POINT('Ctrl Pts',(22.9556052810241,31.8220618908252,3.5));
#10068=CARTESIAN_POINT('',(22.7307182940035,31.2126877334371,2.));
#10069=CARTESIAN_POINT('Ctrl Pts',(22.2010312799922,30.9607905461092,2.));
#10070=CARTESIAN_POINT('Ctrl Pts',(22.2010312799922,30.9607905461092,3.8));
#10071=CARTESIAN_POINT('Ctrl Pts',(22.3002939320977,30.9725015427181,2.));
#10072=CARTESIAN_POINT('Ctrl Pts',(22.3002939320977,30.9725015427181,3.8));
#10073=CARTESIAN_POINT('Ctrl Pts',(22.5048315165438,30.9966328640865,2.));
#10074=CARTESIAN_POINT('Ctrl Pts',(22.5048315165438,30.9966328640865,3.8));
#10075=CARTESIAN_POINT('Ctrl Pts',(22.6539615010232,31.1392718431153,2.));
#10076=CARTESIAN_POINT('Ctrl Pts',(22.6539615010232,31.1392718431153,3.8));
#10077=CARTESIAN_POINT('Ctrl Pts',(22.7307182940035,31.2126877334371,2.));
#10078=CARTESIAN_POINT('Ctrl Pts',(22.7307182940035,31.2126877334371,3.8));
#10079=CARTESIAN_POINT('',(22.2010312799922,30.9607905461092,2.));
#10080=CARTESIAN_POINT('Ctrl Pts',(22.7307182940035,31.2126877334371,2.));
#10081=CARTESIAN_POINT('Ctrl Pts',(22.6539615010232,31.1392718431153,2.));
#10082=CARTESIAN_POINT('Ctrl Pts',(22.5048315165438,30.9966328640865,2.));
#10083=CARTESIAN_POINT('Ctrl Pts',(22.3002939320977,30.9725015427181,2.));
#10084=CARTESIAN_POINT('Ctrl Pts',(22.2010312799922,30.9607905461092,2.));
#10085=CARTESIAN_POINT('',(22.2010312799922,30.9607905461092,3.5));
#10086=CARTESIAN_POINT('Ctrl Pts',(22.2010312799922,30.9607905461092,3.5));
#10087=CARTESIAN_POINT('Ctrl Pts',(22.3002939320977,30.9725015427181,3.5));
#10088=CARTESIAN_POINT('Ctrl Pts',(22.5048315165438,30.9966328640865,3.5));
#10089=CARTESIAN_POINT('Ctrl Pts',(22.6539615010232,31.1392718431153,3.5));
#10090=CARTESIAN_POINT('Ctrl Pts',(22.7307182940035,31.2126877334371,3.5));
#10091=CARTESIAN_POINT('',(22.2010312799922,30.9607905461092,2.));
#10092=CARTESIAN_POINT('Ctrl Pts',(21.7108737128578,31.1592424070959,2.));
#10093=CARTESIAN_POINT('Ctrl Pts',(21.7108737128578,31.1592424070959,3.8));
#10094=CARTESIAN_POINT('Ctrl Pts',(21.783726919485,31.1013309310109,2.));
#10095=CARTESIAN_POINT('Ctrl Pts',(21.783726919485,31.1013309310109,3.8));
#10096=CARTESIAN_POINT('Ctrl Pts',(21.9276951606223,30.9868896628827,2.));
#10097=CARTESIAN_POINT('Ctrl Pts',(21.9276951606223,30.9868896628827,3.8));
#10098=CARTESIAN_POINT('Ctrl Pts',(22.1106555522499,30.9694199459751,2.));
#10099=CARTESIAN_POINT('Ctrl Pts',(22.1106555522499,30.9694199459751,3.8));
#10100=CARTESIAN_POINT('Ctrl Pts',(22.2010312799922,30.9607905461092,2.));
#10101=CARTESIAN_POINT('Ctrl Pts',(22.2010312799922,30.9607905461092,3.8));
#10102=CARTESIAN_POINT('',(21.7108737128578,31.1592424070959,2.));
#10103=CARTESIAN_POINT('Ctrl Pts',(22.2010312799922,30.9607905461092,2.));
#10104=CARTESIAN_POINT('Ctrl Pts',(22.1106555522499,30.9694199459751,2.));
#10105=CARTESIAN_POINT('Ctrl Pts',(21.9276951606223,30.9868896628827,2.));
#10106=CARTESIAN_POINT('Ctrl Pts',(21.783726919485,31.1013309310109,2.));
#10107=CARTESIAN_POINT('Ctrl Pts',(21.7108737128578,31.1592424070959,2.));
#10108=CARTESIAN_POINT('',(21.7108737128578,31.1592424070959,3.5));
#10109=CARTESIAN_POINT('Ctrl Pts',(21.7108737128578,31.1592424070959,3.5));
#10110=CARTESIAN_POINT('Ctrl Pts',(21.783726919485,31.1013309310109,3.5));
#10111=CARTESIAN_POINT('Ctrl Pts',(21.9276951606223,30.9868896628827,3.5));
#10112=CARTESIAN_POINT('Ctrl Pts',(22.1106555522499,30.9694199459751,3.5));
#10113=CARTESIAN_POINT('Ctrl Pts',(22.2010312799922,30.9607905461092,3.5));
#10114=CARTESIAN_POINT('',(21.7108737128578,31.1592424070959,2.));
#10115=CARTESIAN_POINT('Ctrl Pts',(21.4987174027984,31.6757022008036,2.));
#10116=CARTESIAN_POINT('Ctrl Pts',(21.4987174027984,31.6757022008036,3.8));
#10117=CARTESIAN_POINT('Ctrl Pts',(21.5066561570539,31.5756088647346,2.));
#10118=CARTESIAN_POINT('Ctrl Pts',(21.5066561570539,31.5756088647346,3.8));
#10119=CARTESIAN_POINT('Ctrl Pts',(21.5221382549487,31.3804076054763,2.));
#10120=CARTESIAN_POINT('Ctrl Pts',(21.5221382549487,31.3804076054763,3.8));
#10121=CARTESIAN_POINT('Ctrl Pts',(21.649042263771,31.2316981335128,2.));
#10122=CARTESIAN_POINT('Ctrl Pts',(21.649042263771,31.2316981335128,3.8));
#10123=CARTESIAN_POINT('Ctrl Pts',(21.7108737128578,31.1592424070959,2.));
#10124=CARTESIAN_POINT('Ctrl Pts',(21.7108737128578,31.1592424070959,3.8));
#10125=CARTESIAN_POINT('',(21.4987174027984,31.6757022008036,2.));
#10126=CARTESIAN_POINT('Ctrl Pts',(21.7108737128578,31.1592424070959,2.));
#10127=CARTESIAN_POINT('Ctrl Pts',(21.649042263771,31.2316981335128,2.));
#10128=CARTESIAN_POINT('Ctrl Pts',(21.5221382549487,31.3804076054763,2.));
#10129=CARTESIAN_POINT('Ctrl Pts',(21.5066561570539,31.5756088647346,2.));
#10130=CARTESIAN_POINT('Ctrl Pts',(21.4987174027984,31.6757022008036,2.));
#10131=CARTESIAN_POINT('',(21.4987174027984,31.6757022008036,3.5));
#10132=CARTESIAN_POINT('Ctrl Pts',(21.4987174027984,31.6757022008036,3.5));
#10133=CARTESIAN_POINT('Ctrl Pts',(21.5066561570539,31.5756088647346,3.5));
#10134=CARTESIAN_POINT('Ctrl Pts',(21.5221382549487,31.3804076054763,3.5));
#10135=CARTESIAN_POINT('Ctrl Pts',(21.649042263771,31.2316981335128,3.5));
#10136=CARTESIAN_POINT('Ctrl Pts',(21.7108737128578,31.1592424070959,3.5));
#10137=CARTESIAN_POINT('',(21.4987174027984,31.6757022008036,2.));
#10138=CARTESIAN_POINT('Ctrl Pts',(21.6309751388176,32.0996034461091,2.));
#10139=CARTESIAN_POINT('Ctrl Pts',(21.6309751388176,32.0996034461091,3.8));
#10140=CARTESIAN_POINT('Ctrl Pts',(21.5923963624761,32.0306259902184,2.));
#10141=CARTESIAN_POINT('Ctrl Pts',(21.5923963624761,32.0306259902184,3.8));
#10142=CARTESIAN_POINT('Ctrl Pts',(21.5184624784844,31.8984348813886,2.));
#10143=CARTESIAN_POINT('Ctrl Pts',(21.5184624784844,31.8984348813886,3.8));
#10144=CARTESIAN_POINT('Ctrl Pts',(21.505104956256,31.7477564651993,2.));
#10145=CARTESIAN_POINT('Ctrl Pts',(21.505104956256,31.7477564651993,3.8));
#10146=CARTESIAN_POINT('Ctrl Pts',(21.4987174027984,31.6757022008036,2.));
#10147=CARTESIAN_POINT('Ctrl Pts',(21.4987174027984,31.6757022008036,3.8));
#10148=CARTESIAN_POINT('',(21.6309751388176,32.0996034461091,2.));
#10149=CARTESIAN_POINT('Ctrl Pts',(21.4987174027984,31.6757022008036,2.));
#10150=CARTESIAN_POINT('Ctrl Pts',(21.505104956256,31.7477564651993,2.));
#10151=CARTESIAN_POINT('Ctrl Pts',(21.5184624784844,31.8984348813886,2.));
#10152=CARTESIAN_POINT('Ctrl Pts',(21.5923963624761,32.0306259902184,2.));
#10153=CARTESIAN_POINT('Ctrl Pts',(21.6309751388176,32.0996034461091,2.));
#10154=CARTESIAN_POINT('',(21.6309751388176,32.0996034461091,3.5));
#10155=CARTESIAN_POINT('Ctrl Pts',(21.6309751388176,32.0996034461091,3.5));
#10156=CARTESIAN_POINT('Ctrl Pts',(21.5923963624761,32.0306259902184,3.5));
#10157=CARTESIAN_POINT('Ctrl Pts',(21.5184624784844,31.8984348813886,3.5));
#10158=CARTESIAN_POINT('Ctrl Pts',(21.505104956256,31.7477564651993,3.5));
#10159=CARTESIAN_POINT('Ctrl Pts',(21.4987174027984,31.6757022008036,3.5));
#10160=CARTESIAN_POINT('',(21.6309751388176,32.0996034461091,2.));
#10161=CARTESIAN_POINT('Ctrl Pts',(21.8162843519835,32.364588913272,2.));
#10162=CARTESIAN_POINT('Ctrl Pts',(21.8162843519835,32.364588913272,3.8));
#10163=CARTESIAN_POINT('Ctrl Pts',(21.7785569418452,32.3117481325371,2.));
#10164=CARTESIAN_POINT('Ctrl Pts',(21.7785569418452,32.3117481325371,3.8));
#10165=CARTESIAN_POINT('Ctrl Pts',(21.7159223996644,32.2240225744437,2.));
#10166=CARTESIAN_POINT('Ctrl Pts',(21.7159223996644,32.2240225744437,3.8));
#10167=CARTESIAN_POINT('Ctrl Pts',(21.6551441150375,32.1350028565674,2.));
#10168=CARTESIAN_POINT('Ctrl Pts',(21.6551441150375,32.1350028565674,3.8));
#10169=CARTESIAN_POINT('Ctrl Pts',(21.6309751388176,32.0996034461091,2.));
#10170=CARTESIAN_POINT('Ctrl Pts',(21.6309751388176,32.0996034461091,3.8));
#10171=CARTESIAN_POINT('',(21.8162843519835,32.364588913272,2.));
#10172=CARTESIAN_POINT('Ctrl Pts',(21.6309751388176,32.0996034461091,2.));
#10173=CARTESIAN_POINT('Ctrl Pts',(21.6551441150375,32.1350028565674,2.));
#10174=CARTESIAN_POINT('Ctrl Pts',(21.7159223996644,32.2240225744437,2.));
#10175=CARTESIAN_POINT('Ctrl Pts',(21.7785569418452,32.3117481325371,2.));
#10176=CARTESIAN_POINT('Ctrl Pts',(21.8162843519835,32.364588913272,2.));
#10177=CARTESIAN_POINT('',(21.8162843519835,32.364588913272,3.5));
#10178=CARTESIAN_POINT('Ctrl Pts',(21.8162843519835,32.364588913272,3.5));
#10179=CARTESIAN_POINT('Ctrl Pts',(21.7785569418452,32.3117481325371,3.5));
#10180=CARTESIAN_POINT('Ctrl Pts',(21.7159223996644,32.2240225744437,3.5));
#10181=CARTESIAN_POINT('Ctrl Pts',(21.6551441150375,32.1350028565674,3.5));
#10182=CARTESIAN_POINT('Ctrl Pts',(21.6309751388176,32.0996034461091,3.5));
#10183=CARTESIAN_POINT('',(21.8162843519835,32.364588913272,2.));
#10184=CARTESIAN_POINT('Origin',(21.8295067233718,32.4175751338686,2.));
#10185=CARTESIAN_POINT('',(21.8295067233718,32.4175751338686,2.));
#10186=CARTESIAN_POINT('',(21.8162843519835,32.364588913272,2.));
#10187=CARTESIAN_POINT('',(21.8295067233718,32.4175751338686,3.5));
#10188=CARTESIAN_POINT('',(21.8162843519835,32.364588913272,3.5));
#10189=CARTESIAN_POINT('',(21.8295067233718,32.4175751338686,2.));
#10190=CARTESIAN_POINT('Ctrl Pts',(21.564429450897,32.8015603159318,2.));
#10191=CARTESIAN_POINT('Ctrl Pts',(21.564429450897,32.8015603159318,3.8));
#10192=CARTESIAN_POINT('Ctrl Pts',(21.6413677425388,32.7477825656345,2.));
#10193=CARTESIAN_POINT('Ctrl Pts',(21.6413677425388,32.7477825656345,3.8));
#10194=CARTESIAN_POINT('Ctrl Pts',(21.7789864819209,32.6515908508875,2.));
#10195=CARTESIAN_POINT('Ctrl Pts',(21.7789864819209,32.6515908508875,3.8));
#10196=CARTESIAN_POINT('Ctrl Pts',(21.8140473010934,32.4891850012263,2.));
#10197=CARTESIAN_POINT('Ctrl Pts',(21.8140473010934,32.4891850012263,3.8));
#10198=CARTESIAN_POINT('Ctrl Pts',(21.8295067233718,32.4175751338686,2.));
#10199=CARTESIAN_POINT('Ctrl Pts',(21.8295067233718,32.4175751338686,3.8));
#10200=CARTESIAN_POINT('',(21.564429450897,32.8015603159318,2.));
#10201=CARTESIAN_POINT('Ctrl Pts',(21.8295067233718,32.4175751338686,2.));
#10202=CARTESIAN_POINT('Ctrl Pts',(21.8140473010934,32.4891850012263,2.));
#10203=CARTESIAN_POINT('Ctrl Pts',(21.7789864819209,32.6515908508875,2.));
#10204=CARTESIAN_POINT('Ctrl Pts',(21.6413677425388,32.7477825656345,2.));
#10205=CARTESIAN_POINT('Ctrl Pts',(21.564429450897,32.8015603159318,2.));
#10206=CARTESIAN_POINT('',(21.564429450897,32.8015603159318,3.5));
#10207=CARTESIAN_POINT('Ctrl Pts',(21.564429450897,32.8015603159318,3.5));
#10208=CARTESIAN_POINT('Ctrl Pts',(21.6413677425388,32.7477825656345,3.5));
#10209=CARTESIAN_POINT('Ctrl Pts',(21.7789864819209,32.6515908508875,3.5));
#10210=CARTESIAN_POINT('Ctrl Pts',(21.8140473010934,32.4891850012263,3.5));
#10211=CARTESIAN_POINT('Ctrl Pts',(21.8295067233718,32.4175751338686,3.5));
#10212=CARTESIAN_POINT('',(21.564429450897,32.8015603159318,2.));
#10213=CARTESIAN_POINT('Ctrl Pts',(20.8756097842052,32.9734314749926,2.));
#10214=CARTESIAN_POINT('Ctrl Pts',(20.8756097842052,32.9734314749926,3.8));
#10215=CARTESIAN_POINT('Ctrl Pts',(21.0061841331627,32.968822782266,2.));
#10216=CARTESIAN_POINT('Ctrl Pts',(21.0061841331627,32.968822782266,3.8));
#10217=CARTESIAN_POINT('Ctrl Pts',(21.24853776384,32.9602687789424,2.));
#10218=CARTESIAN_POINT('Ctrl Pts',(21.24853776384,32.9602687789424,3.8));
#10219=CARTESIAN_POINT('Ctrl Pts',(21.4647207126115,32.8516553999445,2.));
#10220=CARTESIAN_POINT('Ctrl Pts',(21.4647207126115,32.8516553999445,3.8));
#10221=CARTESIAN_POINT('Ctrl Pts',(21.564429450897,32.8015603159318,2.));
#10222=CARTESIAN_POINT('Ctrl Pts',(21.564429450897,32.8015603159318,3.8));
#10223=CARTESIAN_POINT('',(20.8756097842052,32.9734314749926,2.));
#10224=CARTESIAN_POINT('Ctrl Pts',(21.564429450897,32.8015603159318,2.));
#10225=CARTESIAN_POINT('Ctrl Pts',(21.4647207126115,32.8516553999445,2.));
#10226=CARTESIAN_POINT('Ctrl Pts',(21.24853776384,32.9602687789424,2.));
#10227=CARTESIAN_POINT('Ctrl Pts',(21.0061841331627,32.968822782266,2.));
#10228=CARTESIAN_POINT('Ctrl Pts',(20.8756097842052,32.9734314749926,2.));
#10229=CARTESIAN_POINT('',(20.8756097842052,32.9734314749926,3.5));
#10230=CARTESIAN_POINT('Ctrl Pts',(20.8756097842052,32.9734314749926,3.5));
#10231=CARTESIAN_POINT('Ctrl Pts',(21.0061841331627,32.968822782266,3.5));
#10232=CARTESIAN_POINT('Ctrl Pts',(21.24853776384,32.9602687789424,3.5));
#10233=CARTESIAN_POINT('Ctrl Pts',(21.4647207126115,32.8516553999445,3.5));
#10234=CARTESIAN_POINT('Ctrl Pts',(21.564429450897,32.8015603159318,3.5));
#10235=CARTESIAN_POINT('',(20.8756097842052,32.9734314749926,2.));
#10236=CARTESIAN_POINT('Ctrl Pts',(19.5249541031828,32.2310933957185,2.));
#10237=CARTESIAN_POINT('Ctrl Pts',(19.5249541031828,32.2310933957185,3.8));
#10238=CARTESIAN_POINT('Ctrl Pts',(19.6999701619476,32.4475083226579,2.));
#10239=CARTESIAN_POINT('Ctrl Pts',(19.6999701619476,32.4475083226579,3.8));
#10240=CARTESIAN_POINT('Ctrl Pts',(20.0490902172573,32.8792103721504,2.));
#10241=CARTESIAN_POINT('Ctrl Pts',(20.0490902172573,32.8792103721504,3.8));
#10242=CARTESIAN_POINT('Ctrl Pts',(20.6005835133026,32.9420791881366,2.));
#10243=CARTESIAN_POINT('Ctrl Pts',(20.6005835133026,32.9420791881366,3.8));
#10244=CARTESIAN_POINT('Ctrl Pts',(20.8756097842052,32.9734314749926,2.));
#10245=CARTESIAN_POINT('Ctrl Pts',(20.8756097842052,32.9734314749926,3.8));
#10246=CARTESIAN_POINT('',(19.5249541031828,32.2310933957185,2.));
#10247=CARTESIAN_POINT('Ctrl Pts',(20.8756097842052,32.9734314749926,2.));
#10248=CARTESIAN_POINT('Ctrl Pts',(20.6005835133026,32.9420791881366,2.));
#10249=CARTESIAN_POINT('Ctrl Pts',(20.0490902172573,32.8792103721504,2.));
#10250=CARTESIAN_POINT('Ctrl Pts',(19.6999701619476,32.4475083226579,2.));
#10251=CARTESIAN_POINT('Ctrl Pts',(19.5249541031828,32.2310933957185,2.));
#10252=CARTESIAN_POINT('',(19.5249541031828,32.2310933957185,3.5));
#10253=CARTESIAN_POINT('Ctrl Pts',(19.5249541031828,32.2310933957185,3.5));
#10254=CARTESIAN_POINT('Ctrl Pts',(19.6999701619476,32.4475083226579,3.5));
#10255=CARTESIAN_POINT('Ctrl Pts',(20.0490902172573,32.8792103721504,3.5));
#10256=CARTESIAN_POINT('Ctrl Pts',(20.6005835133026,32.9420791881366,3.5));
#10257=CARTESIAN_POINT('Ctrl Pts',(20.8756097842052,32.9734314749926,3.5));
#10258=CARTESIAN_POINT('',(19.5249541031828,32.2310933957185,2.));
#10259=CARTESIAN_POINT('Ctrl Pts',(19.0490941816035,30.1249158939962,2.));
#10260=CARTESIAN_POINT('Ctrl Pts',(19.0490941816035,30.1249158939962,3.8));
#10261=CARTESIAN_POINT('Ctrl Pts',(19.0579704421536,30.5352556840045,2.));
#10262=CARTESIAN_POINT('Ctrl Pts',(19.0579704421536,30.5352556840045,3.8));
#10263=CARTESIAN_POINT('Ctrl Pts',(19.0739068296701,31.2719774003317,2.));
#10264=CARTESIAN_POINT('Ctrl Pts',(19.0739068296701,31.2719774003317,3.8));
#10265=CARTESIAN_POINT('Ctrl Pts',(19.3864787259152,31.9366365680113,2.));
#10266=CARTESIAN_POINT('Ctrl Pts',(19.3864787259152,31.9366365680113,3.8));
#10267=CARTESIAN_POINT('Ctrl Pts',(19.5249541031828,32.2310933957185,2.));
#10268=CARTESIAN_POINT('Ctrl Pts',(19.5249541031828,32.2310933957185,3.8));
#10269=CARTESIAN_POINT('',(19.0490941816035,30.1249158939962,2.));
#10270=CARTESIAN_POINT('Ctrl Pts',(19.5249541031828,32.2310933957185,2.));
#10271=CARTESIAN_POINT('Ctrl Pts',(19.3864787259152,31.9366365680113,2.));
#10272=CARTESIAN_POINT('Ctrl Pts',(19.0739068296701,31.2719774003317,2.));
#10273=CARTESIAN_POINT('Ctrl Pts',(19.0579704421536,30.5352556840045,2.));
#10274=CARTESIAN_POINT('Ctrl Pts',(19.0490941816035,30.1249158939962,2.));
#10275=CARTESIAN_POINT('',(19.0490941816035,30.1249158939962,3.5));
#10276=CARTESIAN_POINT('Ctrl Pts',(19.0490941816035,30.1249158939962,3.5));
#10277=CARTESIAN_POINT('Ctrl Pts',(19.0579704421536,30.5352556840045,3.5));
#10278=CARTESIAN_POINT('Ctrl Pts',(19.0739068296701,31.2719774003317,3.5));
#10279=CARTESIAN_POINT('Ctrl Pts',(19.3864787259152,31.9366365680113,3.5));
#10280=CARTESIAN_POINT('Ctrl Pts',(19.5249541031828,32.2310933957185,3.5));
#10281=CARTESIAN_POINT('',(19.0490941816035,30.1249158939962,2.));
#10282=CARTESIAN_POINT('Ctrl Pts',(19.5532993347544,28.164880610352,2.));
#10283=CARTESIAN_POINT('Ctrl Pts',(19.5532993347544,28.164880610352,3.8));
#10284=CARTESIAN_POINT('Ctrl Pts',(19.4067546827669,28.4395365077916,2.));
#10285=CARTESIAN_POINT('Ctrl Pts',(19.4067546827669,28.4395365077916,3.8));
#10286=CARTESIAN_POINT('Ctrl Pts',(19.0811784446477,29.0497357382164,2.));
#10287=CARTESIAN_POINT('Ctrl Pts',(19.0811784446477,29.0497357382164,3.8));
#10288=CARTESIAN_POINT('Ctrl Pts',(19.0604774702221,29.7434489420076,2.));
#10289=CARTESIAN_POINT('Ctrl Pts',(19.0604774702221,29.7434489420076,3.8));
#10290=CARTESIAN_POINT('Ctrl Pts',(19.0490941816035,30.1249158939962,2.));
#10291=CARTESIAN_POINT('Ctrl Pts',(19.0490941816035,30.1249158939962,3.8));
#10292=CARTESIAN_POINT('',(19.5532993347544,28.164880610352,2.));
#10293=CARTESIAN_POINT('Ctrl Pts',(19.0490941816035,30.1249158939962,2.));
#10294=CARTESIAN_POINT('Ctrl Pts',(19.0604774702221,29.7434489420076,2.));
#10295=CARTESIAN_POINT('Ctrl Pts',(19.0811784446477,29.0497357382164,2.));
#10296=CARTESIAN_POINT('Ctrl Pts',(19.4067546827669,28.4395365077916,2.));
#10297=CARTESIAN_POINT('Ctrl Pts',(19.5532993347544,28.164880610352,2.));
#10298=CARTESIAN_POINT('',(19.5532993347544,28.164880610352,3.5));
#10299=CARTESIAN_POINT('Ctrl Pts',(19.5532993347544,28.164880610352,3.5));
#10300=CARTESIAN_POINT('Ctrl Pts',(19.4067546827669,28.4395365077916,3.5));
#10301=CARTESIAN_POINT('Ctrl Pts',(19.0811784446477,29.0497357382164,3.5));
#10302=CARTESIAN_POINT('Ctrl Pts',(19.0604774702221,29.7434489420076,3.5));
#10303=CARTESIAN_POINT('Ctrl Pts',(19.0490941816035,30.1249158939962,3.5));
#10304=CARTESIAN_POINT('',(19.5532993347544,28.164880610352,2.));
#10305=CARTESIAN_POINT('Ctrl Pts',(20.9046134701686,27.4635103007728,2.));
#10306=CARTESIAN_POINT('Ctrl Pts',(20.9046134701686,27.4635103007728,3.8));
#10307=CARTESIAN_POINT('Ctrl Pts',(20.6359262325297,27.4932837249331,2.));
#10308=CARTESIAN_POINT('Ctrl Pts',(20.6359262325297,27.4932837249331,3.8));
#10309=CARTESIAN_POINT('Ctrl Pts',(20.0955398734787,27.5531643222399,2.));
#10310=CARTESIAN_POINT('Ctrl Pts',(20.0955398734787,27.5531643222399,3.8));
#10311=CARTESIAN_POINT('Ctrl Pts',(19.7347165396051,27.960218931216,2.));
#10312=CARTESIAN_POINT('Ctrl Pts',(19.7347165396051,27.960218931216,3.8));
#10313=CARTESIAN_POINT('Ctrl Pts',(19.5532993347544,28.164880610352,2.));
#10314=CARTESIAN_POINT('Ctrl Pts',(19.5532993347544,28.164880610352,3.8));
#10315=CARTESIAN_POINT('',(20.9046134701686,27.4635103007728,2.));
#10316=CARTESIAN_POINT('Ctrl Pts',(19.5532993347544,28.164880610352,2.));
#10317=CARTESIAN_POINT('Ctrl Pts',(19.7347165396051,27.960218931216,2.));
#10318=CARTESIAN_POINT('Ctrl Pts',(20.0955398734787,27.5531643222399,2.));
#10319=CARTESIAN_POINT('Ctrl Pts',(20.6359262325297,27.4932837249331,2.));
#10320=CARTESIAN_POINT('Ctrl Pts',(20.9046134701686,27.4635103007728,2.));
#10321=CARTESIAN_POINT('',(20.9046134701686,27.4635103007728,3.5));
#10322=CARTESIAN_POINT('Ctrl Pts',(20.9046134701686,27.4635103007728,3.5));
#10323=CARTESIAN_POINT('Ctrl Pts',(20.6359262325297,27.4932837249331,3.5));
#10324=CARTESIAN_POINT('Ctrl Pts',(20.0955398734787,27.5531643222399,3.5));
#10325=CARTESIAN_POINT('Ctrl Pts',(19.7347165396051,27.960218931216,3.5));
#10326=CARTESIAN_POINT('Ctrl Pts',(19.5532993347544,28.164880610352,3.5));
#10327=CARTESIAN_POINT('',(20.9046134701686,27.4635103007728,2.));
#10328=CARTESIAN_POINT('Ctrl Pts',(22.6125709366366,28.894753214996,2.));
#10329=CARTESIAN_POINT('Ctrl Pts',(22.6125709366366,28.894753214996,3.8));
#10330=CARTESIAN_POINT('Ctrl Pts',(22.4235810116485,28.4785885743344,2.));
#10331=CARTESIAN_POINT('Ctrl Pts',(22.4235810116485,28.4785885743344,3.8));
#10332=CARTESIAN_POINT('Ctrl Pts',(22.0778051283913,27.717173931653,2.));
#10333=CARTESIAN_POINT('Ctrl Pts',(22.0778051283913,27.717173931653,3.8));
#10334=CARTESIAN_POINT('Ctrl Pts',(21.2706181350058,27.5426466222348,2.));
#10335=CARTESIAN_POINT('Ctrl Pts',(21.2706181350058,27.5426466222348,3.8));
#10336=CARTESIAN_POINT('Ctrl Pts',(20.9046134701686,27.4635103007728,2.));
#10337=CARTESIAN_POINT('Ctrl Pts',(20.9046134701686,27.4635103007728,3.8));
#10338=CARTESIAN_POINT('Ctrl Pts',(20.9046134701686,27.4635103007728,2.));
#10339=CARTESIAN_POINT('Ctrl Pts',(21.2706181350058,27.5426466222348,2.));
#10340=CARTESIAN_POINT('Ctrl Pts',(22.0778051283913,27.717173931653,2.));
#10341=CARTESIAN_POINT('Ctrl Pts',(22.4235810116485,28.4785885743344,2.));
#10342=CARTESIAN_POINT('Ctrl Pts',(22.6125709366366,28.894753214996,2.));
#10343=CARTESIAN_POINT('Ctrl Pts',(22.6125709366366,28.894753214996,3.5));
#10344=CARTESIAN_POINT('Ctrl Pts',(22.4235810116485,28.4785885743344,3.5));
#10345=CARTESIAN_POINT('Ctrl Pts',(22.0778051283913,27.717173931653,3.5));
#10346=CARTESIAN_POINT('Ctrl Pts',(21.2706181350058,27.5426466222348,3.5));
#10347=CARTESIAN_POINT('Ctrl Pts',(20.9046134701686,27.4635103007728,3.5));
#10348=CARTESIAN_POINT('Origin',(28.1695875639095,30.7397651104091,3.5));
#10349=CARTESIAN_POINT('Origin',(28.1695875639095,30.7397651104091,2.));
#10350=CARTESIAN_POINT('Origin',(5.32817121526836,28.0789230473253,2.));
#10351=CARTESIAN_POINT('',(5.32695700144839,30.7411737660687,2.));
#10352=CARTESIAN_POINT('',(5.32817121526836,28.0789230473253,2.));
#10353=CARTESIAN_POINT('',(5.32695700144839,30.7411737660687,2.));
#10354=CARTESIAN_POINT('',(5.32695700144839,30.7411737660687,3.5));
#10355=CARTESIAN_POINT('',(5.32695700144839,30.7411737660687,2.));
#10356=CARTESIAN_POINT('',(5.32817121526836,28.0789230473253,3.5));
#10357=CARTESIAN_POINT('',(5.32695700144839,30.7411737660687,3.5));
#10358=CARTESIAN_POINT('',(5.32817121526836,28.0789230473253,2.));
#10359=CARTESIAN_POINT('Ctrl Pts',(5.92443897034076,27.5493930957198,2.));
#10360=CARTESIAN_POINT('Ctrl Pts',(5.92443897034076,27.5493930957198,3.8));
#10361=CARTESIAN_POINT('Ctrl Pts',(5.75070526646137,27.5669321218378,2.));
#10362=CARTESIAN_POINT('Ctrl Pts',(5.75070526646137,27.5669321218378,3.8));
#10363=CARTESIAN_POINT('Ctrl Pts',(5.41883571426888,27.6004355159041,2.));
#10364=CARTESIAN_POINT('Ctrl Pts',(5.41883571426888,27.6004355159041,3.8));
#10365=CARTESIAN_POINT('Ctrl Pts',(5.35743070393223,27.9245042764088,2.));
#10366=CARTESIAN_POINT('Ctrl Pts',(5.35743070393223,27.9245042764088,3.8));
#10367=CARTESIAN_POINT('Ctrl Pts',(5.32817121526836,28.0789230473253,2.));
#10368=CARTESIAN_POINT('Ctrl Pts',(5.32817121526836,28.0789230473253,3.8));
#10369=CARTESIAN_POINT('',(5.92443897034076,27.5493930957198,2.));
#10370=CARTESIAN_POINT('Ctrl Pts',(5.32817121526836,28.0789230473253,2.));
#10371=CARTESIAN_POINT('Ctrl Pts',(5.35743070393223,27.9245042764088,2.));
#10372=CARTESIAN_POINT('Ctrl Pts',(5.41883571426888,27.6004355159041,2.));
#10373=CARTESIAN_POINT('Ctrl Pts',(5.75070526646137,27.5669321218378,2.));
#10374=CARTESIAN_POINT('Ctrl Pts',(5.92443897034076,27.5493930957198,2.));
#10375=CARTESIAN_POINT('',(5.92443897034076,27.5493930957198,3.5));
#10376=CARTESIAN_POINT('Ctrl Pts',(5.92443897034076,27.5493930957198,3.5));
#10377=CARTESIAN_POINT('Ctrl Pts',(5.75070526646137,27.5669321218378,3.5));
#10378=CARTESIAN_POINT('Ctrl Pts',(5.41883571426888,27.6004355159041,3.5));
#10379=CARTESIAN_POINT('Ctrl Pts',(5.35743070393223,27.9245042764088,3.5));
#10380=CARTESIAN_POINT('Ctrl Pts',(5.32817121526836,28.0789230473253,3.5));
#10381=CARTESIAN_POINT('',(5.92443897034076,27.5493930957198,2.));
#10382=CARTESIAN_POINT('Origin',(6.34828040269873,27.5495864036306,2.));
#10383=CARTESIAN_POINT('',(6.34828040269873,27.5495864036306,2.));
#10384=CARTESIAN_POINT('',(5.92443897034076,27.5493930957198,2.));
#10385=CARTESIAN_POINT('',(6.34828040269873,27.5495864036306,3.5));
#10386=CARTESIAN_POINT('',(5.92443897034076,27.5493930957198,3.5));
#10387=CARTESIAN_POINT('',(6.34828040269873,27.5495864036306,2.));
#10388=CARTESIAN_POINT('Origin',(6.34850995557103,27.0462752987519,2.));
#10389=CARTESIAN_POINT('',(6.34850995557103,27.0462752987519,2.));
#10390=CARTESIAN_POINT('',(6.34828040269873,27.5495864036306,2.));
#10391=CARTESIAN_POINT('',(6.34850995557103,27.0462752987519,3.5));
#10392=CARTESIAN_POINT('',(6.34828040269873,27.5495864036306,3.5));
#10393=CARTESIAN_POINT('',(6.34850995557103,27.0462752987519,2.));
#10394=CARTESIAN_POINT('Origin',(3.20943732740175,27.0448436133963,2.));
#10395=CARTESIAN_POINT('',(3.20943732740175,27.0448436133963,2.));
#10396=CARTESIAN_POINT('',(6.34850995557103,27.0462752987519,2.));
#10397=CARTESIAN_POINT('',(3.20943732740175,27.0448436133963,3.5));
#10398=CARTESIAN_POINT('',(6.34850995557103,27.0462752987519,3.5));
#10399=CARTESIAN_POINT('',(3.20943732740175,27.0448436133963,2.));
#10400=CARTESIAN_POINT('Origin',(3.20920777452945,27.548154718275,2.));
#10401=CARTESIAN_POINT('',(3.20920777452945,27.548154718275,2.));
#10402=CARTESIAN_POINT('',(3.20943732740175,27.0448436133963,2.));
#10403=CARTESIAN_POINT('',(3.20920777452945,27.548154718275,3.5));
#10404=CARTESIAN_POINT('',(3.20943732740175,27.0448436133963,3.5));
#10405=CARTESIAN_POINT('',(3.20920777452945,27.548154718275,2.));
#10406=CARTESIAN_POINT('Origin',(3.5535786402971,27.5483117808167,2.));
#10407=CARTESIAN_POINT('',(3.5535786402971,27.5483117808167,2.));
#10408=CARTESIAN_POINT('',(3.20920777452945,27.548154718275,2.));
#10409=CARTESIAN_POINT('',(3.5535786402971,27.5483117808167,3.5));
#10410=CARTESIAN_POINT('',(3.20920777452945,27.548154718275,3.5));
#10411=CARTESIAN_POINT('',(3.5535786402971,27.5483117808167,2.));
#10412=CARTESIAN_POINT('Ctrl Pts',(4.22886359865645,28.0121961335102,2.));
#10413=CARTESIAN_POINT('Ctrl Pts',(4.22886359865645,28.0121961335102,3.8));
#10414=CARTESIAN_POINT('Ctrl Pts',(4.18741359861762,27.8776949252481,2.));
#10415=CARTESIAN_POINT('Ctrl Pts',(4.18741359861762,27.8776949252481,3.8));
#10416=CARTESIAN_POINT('Ctrl Pts',(4.09023124387106,27.5623476605214,2.));
#10417=CARTESIAN_POINT('Ctrl Pts',(4.09023124387106,27.5623476605214,3.8));
#10418=CARTESIAN_POINT('Ctrl Pts',(3.749170767202,27.5534273948026,2.));
#10419=CARTESIAN_POINT('Ctrl Pts',(3.749170767202,27.5534273948026,3.8));
#10420=CARTESIAN_POINT('Ctrl Pts',(3.5535786402971,27.5483117808167,2.));
#10421=CARTESIAN_POINT('Ctrl Pts',(3.5535786402971,27.5483117808167,3.8));
#10422=CARTESIAN_POINT('',(4.22886359865645,28.0121961335102,2.));
#10423=CARTESIAN_POINT('Ctrl Pts',(3.5535786402971,27.5483117808167,2.));
#10424=CARTESIAN_POINT('Ctrl Pts',(3.749170767202,27.5534273948026,2.));
#10425=CARTESIAN_POINT('Ctrl Pts',(4.09023124387106,27.5623476605214,2.));
#10426=CARTESIAN_POINT('Ctrl Pts',(4.18741359861762,27.8776949252481,2.));
#10427=CARTESIAN_POINT('Ctrl Pts',(4.22886359865645,28.0121961335102,2.));
#10428=CARTESIAN_POINT('',(4.22886359865645,28.0121961335102,3.5));
#10429=CARTESIAN_POINT('Ctrl Pts',(4.22886359865645,28.0121961335102,3.5));
#10430=CARTESIAN_POINT('Ctrl Pts',(4.18741359861762,27.8776949252481,3.5));
#10431=CARTESIAN_POINT('Ctrl Pts',(4.09023124387106,27.5623476605214,3.5));
#10432=CARTESIAN_POINT('Ctrl Pts',(3.749170767202,27.5534273948026,3.5));
#10433=CARTESIAN_POINT('Ctrl Pts',(3.5535786402971,27.5483117808167,3.5));
#10434=CARTESIAN_POINT('',(4.22886359865645,28.0121961335102,2.));
#10435=CARTESIAN_POINT('Origin',(4.22755877134549,30.8731234177409,2.));
#10436=CARTESIAN_POINT('',(4.22755877134549,30.8731234177409,2.));
#10437=CARTESIAN_POINT('',(4.22886359865645,28.0121961335102,2.));
#10438=CARTESIAN_POINT('',(4.22755877134549,30.8731234177409,3.5));
#10439=CARTESIAN_POINT('',(4.22886359865645,28.0121961335102,3.5));
#10440=CARTESIAN_POINT('',(4.22755877134549,30.8731234177409,2.));
#10441=CARTESIAN_POINT('Ctrl Pts',(3.03471458162283,32.6076785173384,2.));
#10442=CARTESIAN_POINT('Ctrl Pts',(3.03471458162283,32.6076785173384,3.8));
#10443=CARTESIAN_POINT('Ctrl Pts',(3.38058431750735,32.5012842679092,2.));
#10444=CARTESIAN_POINT('Ctrl Pts',(3.38058431750735,32.5012842679092,3.8));
#10445=CARTESIAN_POINT('Ctrl Pts',(4.19111510437448,32.2519539398671,2.));
#10446=CARTESIAN_POINT('Ctrl Pts',(4.19111510437448,32.2519539398671,3.8));
#10447=CARTESIAN_POINT('Ctrl Pts',(4.21427923794997,31.3755488728931,2.));
#10448=CARTESIAN_POINT('Ctrl Pts',(4.21427923794997,31.3755488728931,3.8));
#10449=CARTESIAN_POINT('Ctrl Pts',(4.22755877134549,30.8731234177409,2.));
#10450=CARTESIAN_POINT('Ctrl Pts',(4.22755877134549,30.8731234177409,3.8));
#10451=CARTESIAN_POINT('',(3.03471458162283,32.6076785173384,2.));
#10452=CARTESIAN_POINT('Ctrl Pts',(4.22755877134549,30.8731234177409,2.));
#10453=CARTESIAN_POINT('Ctrl Pts',(4.21427923794997,31.3755488728931,2.));
#10454=CARTESIAN_POINT('Ctrl Pts',(4.19111510437448,32.2519539398671,2.));
#10455=CARTESIAN_POINT('Ctrl Pts',(3.38058431750735,32.5012842679092,2.));
#10456=CARTESIAN_POINT('Ctrl Pts',(3.03471458162283,32.6076785173384,2.));
#10457=CARTESIAN_POINT('',(3.03471458162283,32.6076785173384,3.5));
#10458=CARTESIAN_POINT('Ctrl Pts',(3.03471458162283,32.6076785173384,3.5));
#10459=CARTESIAN_POINT('Ctrl Pts',(3.38058431750735,32.5012842679092,3.5));
#10460=CARTESIAN_POINT('Ctrl Pts',(4.19111510437448,32.2519539398671,3.5));
#10461=CARTESIAN_POINT('Ctrl Pts',(4.21427923794997,31.3755488728931,3.5));
#10462=CARTESIAN_POINT('Ctrl Pts',(4.22755877134549,30.8731234177409,3.5));
#10463=CARTESIAN_POINT('',(3.03471458162283,32.6076785173384,2.));
#10464=CARTESIAN_POINT('Ctrl Pts',(1.88266267759796,32.0243715885536,2.));
#10465=CARTESIAN_POINT('Ctrl Pts',(1.88266267759796,32.0243715885536,3.8));
#10466=CARTESIAN_POINT('Ctrl Pts',(2.04149582485162,32.194412028799,2.));
#10467=CARTESIAN_POINT('Ctrl Pts',(2.04149582485162,32.194412028799,3.8));
#10468=CARTESIAN_POINT('Ctrl Pts',(2.35476339482337,32.5297838100276,2.));
#10469=CARTESIAN_POINT('Ctrl Pts',(2.35476339482337,32.5297838100276,3.8));
#10470=CARTESIAN_POINT('Ctrl Pts',(2.81019582683639,32.5819578141035,2.));
#10471=CARTESIAN_POINT('Ctrl Pts',(2.81019582683639,32.5819578141035,3.8));
#10472=CARTESIAN_POINT('Ctrl Pts',(3.03471458162283,32.6076785173384,2.));
#10473=CARTESIAN_POINT('Ctrl Pts',(3.03471458162283,32.6076785173384,3.8));
#10474=CARTESIAN_POINT('',(1.88266267759796,32.0243715885536,2.));
#10475=CARTESIAN_POINT('Ctrl Pts',(3.03471458162283,32.6076785173384,2.));
#10476=CARTESIAN_POINT('Ctrl Pts',(2.81019582683639,32.5819578141035,2.));
#10477=CARTESIAN_POINT('Ctrl Pts',(2.35476339482337,32.5297838100276,2.));
#10478=CARTESIAN_POINT('Ctrl Pts',(2.04149582485162,32.194412028799,2.));
#10479=CARTESIAN_POINT('Ctrl Pts',(1.88266267759796,32.0243715885536,2.));
#10480=CARTESIAN_POINT('',(1.88266267759796,32.0243715885536,3.5));
#10481=CARTESIAN_POINT('Ctrl Pts',(1.88266267759796,32.0243715885536,3.5));
#10482=CARTESIAN_POINT('Ctrl Pts',(2.04149582485162,32.194412028799,3.5));
#10483=CARTESIAN_POINT('Ctrl Pts',(2.35476339482337,32.5297838100276,3.5));
#10484=CARTESIAN_POINT('Ctrl Pts',(2.81019582683639,32.5819578141035,3.5));
#10485=CARTESIAN_POINT('Ctrl Pts',(3.03471458162283,32.6076785173384,3.5));
#10486=CARTESIAN_POINT('',(1.88266267759796,32.0243715885536,2.));
#10487=CARTESIAN_POINT('Ctrl Pts',(1.43300817989675,30.5407223779421,2.));
#10488=CARTESIAN_POINT('Ctrl Pts',(1.43300817989675,30.5407223779421,3.8));
#10489=CARTESIAN_POINT('Ctrl Pts',(1.44721201850871,30.8217349137725,2.));
#10490=CARTESIAN_POINT('Ctrl Pts',(1.44721201850871,30.8217349137725,3.8));
#10491=CARTESIAN_POINT('Ctrl Pts',(1.47415508088249,31.3547836541546,2.));
#10492=CARTESIAN_POINT('Ctrl Pts',(1.47415508088249,31.3547836541546,3.8));
#10493=CARTESIAN_POINT('Ctrl Pts',(1.75151928366195,31.8094134458857,2.));
#10494=CARTESIAN_POINT('Ctrl Pts',(1.75151928366195,31.8094134458857,3.8));
#10495=CARTESIAN_POINT('Ctrl Pts',(1.88266267759796,32.0243715885536,2.));
#10496=CARTESIAN_POINT('Ctrl Pts',(1.88266267759796,32.0243715885536,3.8));
#10497=CARTESIAN_POINT('',(1.43300817989675,30.5407223779421,2.));
#10498=CARTESIAN_POINT('Ctrl Pts',(1.88266267759796,32.0243715885536,2.));
#10499=CARTESIAN_POINT('Ctrl Pts',(1.75151928366195,31.8094134458857,2.));
#10500=CARTESIAN_POINT('Ctrl Pts',(1.47415508088249,31.3547836541546,2.));
#10501=CARTESIAN_POINT('Ctrl Pts',(1.44721201850871,30.8217349137725,2.));
#10502=CARTESIAN_POINT('Ctrl Pts',(1.43300817989675,30.5407223779421,2.));
#10503=CARTESIAN_POINT('',(1.43300817989675,30.5407223779421,3.5));
#10504=CARTESIAN_POINT('Ctrl Pts',(1.43300817989675,30.5407223779421,3.5));
#10505=CARTESIAN_POINT('Ctrl Pts',(1.44721201850871,30.8217349137725,3.5));
#10506=CARTESIAN_POINT('Ctrl Pts',(1.47415508088249,31.3547836541546,3.5));
#10507=CARTESIAN_POINT('Ctrl Pts',(1.75151928366195,31.8094134458857,3.5));
#10508=CARTESIAN_POINT('Ctrl Pts',(1.88266267759796,32.0243715885536,3.5));
#10509=CARTESIAN_POINT('',(1.43300817989675,30.5407223779421,2.));
#10510=CARTESIAN_POINT('Origin',(1.43413178076943,28.0771470325933,2.));
#10511=CARTESIAN_POINT('',(1.43413178076943,28.0771470325933,2.));
#10512=CARTESIAN_POINT('',(1.43300817989675,30.5407223779421,2.));
#10513=CARTESIAN_POINT('',(1.43413178076943,28.0771470325933,3.5));
#10514=CARTESIAN_POINT('',(1.43300817989675,30.5407223779421,3.5));
#10515=CARTESIAN_POINT('',(1.43413178076943,28.0771470325933,2.));
#10516=CARTESIAN_POINT('Ctrl Pts',(1.58001439103361,27.6666173925461,2.));
#10517=CARTESIAN_POINT('Ctrl Pts',(1.58001439103361,27.6666173925461,3.8));
#10518=CARTESIAN_POINT('Ctrl Pts',(1.53766246241633,27.7183972864967,2.));
#10519=CARTESIAN_POINT('Ctrl Pts',(1.53766246241633,27.7183972864967,3.8));
#10520=CARTESIAN_POINT('Ctrl Pts',(1.44096723632427,27.8366178425858,2.));
#10521=CARTESIAN_POINT('Ctrl Pts',(1.44096723632427,27.8366178425858,3.8));
#10522=CARTESIAN_POINT('Ctrl Pts',(1.43659116123621,27.990605208592,2.));
#10523=CARTESIAN_POINT('Ctrl Pts',(1.43659116123621,27.990605208592,3.8));
#10524=CARTESIAN_POINT('Ctrl Pts',(1.43413178076943,28.0771470325933,2.));
#10525=CARTESIAN_POINT('Ctrl Pts',(1.43413178076943,28.0771470325933,3.8));
#10526=CARTESIAN_POINT('',(1.58001439103361,27.6666173925461,2.));
#10527=CARTESIAN_POINT('Ctrl Pts',(1.43413178076943,28.0771470325933,2.));
#10528=CARTESIAN_POINT('Ctrl Pts',(1.43659116123621,27.990605208592,2.));
#10529=CARTESIAN_POINT('Ctrl Pts',(1.44096723632427,27.8366178425858,2.));
#10530=CARTESIAN_POINT('Ctrl Pts',(1.53766246241633,27.7183972864967,2.));
#10531=CARTESIAN_POINT('Ctrl Pts',(1.58001439103361,27.6666173925461,2.));
#10532=CARTESIAN_POINT('',(1.58001439103361,27.6666173925461,3.5));
#10533=CARTESIAN_POINT('Ctrl Pts',(1.58001439103361,27.6666173925461,3.5));
#10534=CARTESIAN_POINT('Ctrl Pts',(1.53766246241633,27.7183972864967,3.5));
#10535=CARTESIAN_POINT('Ctrl Pts',(1.44096723632427,27.8366178425858,3.5));
#10536=CARTESIAN_POINT('Ctrl Pts',(1.43659116123621,27.990605208592,3.5));
#10537=CARTESIAN_POINT('Ctrl Pts',(1.43413178076943,28.0771470325933,3.5));
#10538=CARTESIAN_POINT('',(1.58001439103361,27.6666173925461,2.));
#10539=CARTESIAN_POINT('Ctrl Pts',(2.10986995342054,27.547653326289,2.));
#10540=CARTESIAN_POINT('Ctrl Pts',(2.10986995342054,27.547653326289,3.8));
#10541=CARTESIAN_POINT('Ctrl Pts',(1.99915989983116,27.5476275113247,2.));
#10542=CARTESIAN_POINT('Ctrl Pts',(1.99915989983116,27.5476275113247,3.8));
#10543=CARTESIAN_POINT('Ctrl Pts',(1.81237543348702,27.5475839576078,2.));
#10544=CARTESIAN_POINT('Ctrl Pts',(1.81237543348702,27.5475839576078,3.8));
#10545=CARTESIAN_POINT('Ctrl Pts',(1.64726237562642,27.6321677338846,2.));
#10546=CARTESIAN_POINT('Ctrl Pts',(1.64726237562642,27.6321677338846,3.8));
#10547=CARTESIAN_POINT('Ctrl Pts',(1.58001439103361,27.6666173925461,2.));
#10548=CARTESIAN_POINT('Ctrl Pts',(1.58001439103361,27.6666173925461,3.8));
#10549=CARTESIAN_POINT('',(2.10986995342054,27.547653326289,2.));
#10550=CARTESIAN_POINT('Ctrl Pts',(1.58001439103361,27.6666173925461,2.));
#10551=CARTESIAN_POINT('Ctrl Pts',(1.64726237562642,27.6321677338846,2.));
#10552=CARTESIAN_POINT('Ctrl Pts',(1.81237543348702,27.5475839576078,2.));
#10553=CARTESIAN_POINT('Ctrl Pts',(1.99915989983116,27.5476275113247,2.));
#10554=CARTESIAN_POINT('Ctrl Pts',(2.10986995342054,27.547653326289,2.));
#10555=CARTESIAN_POINT('',(2.10986995342054,27.547653326289,3.5));
#10556=CARTESIAN_POINT('Ctrl Pts',(2.10986995342054,27.547653326289,3.5));
#10557=CARTESIAN_POINT('Ctrl Pts',(1.99915989983116,27.5476275113247,3.5));
#10558=CARTESIAN_POINT('Ctrl Pts',(1.81237543348702,27.5475839576078,3.5));
#10559=CARTESIAN_POINT('Ctrl Pts',(1.64726237562642,27.6321677338846,3.5));
#10560=CARTESIAN_POINT('Ctrl Pts',(1.58001439103361,27.6666173925461,3.5));
#10561=CARTESIAN_POINT('',(2.10986995342054,27.547653326289,2.));
#10562=CARTESIAN_POINT('Origin',(2.42775072966583,27.5477983070862,2.));
#10563=CARTESIAN_POINT('',(2.42775072966583,27.5477983070862,2.));
#10564=CARTESIAN_POINT('',(2.10986995342054,27.547653326289,2.));
#10565=CARTESIAN_POINT('',(2.42775072966583,27.5477983070862,3.5));
#10566=CARTESIAN_POINT('',(2.10986995342054,27.547653326289,3.5));
#10567=CARTESIAN_POINT('',(2.42775072966583,27.5477983070862,2.));
#10568=CARTESIAN_POINT('Origin',(2.42798028253813,27.0444872022075,2.));
#10569=CARTESIAN_POINT('',(2.42798028253813,27.0444872022075,2.));
#10570=CARTESIAN_POINT('',(2.42775072966583,27.5477983070862,2.));
#10571=CARTESIAN_POINT('',(2.42798028253813,27.0444872022075,3.5));
#10572=CARTESIAN_POINT('',(2.42775072966583,27.5477983070862,3.5));
#10573=CARTESIAN_POINT('',(2.42798028253813,27.0444872022075,2.));
#10574=CARTESIAN_POINT('Origin',(-0.697847170484813,27.0430615577836,2.));
#10575=CARTESIAN_POINT('',(-0.697847170484813,27.0430615577836,2.));
#10576=CARTESIAN_POINT('',(2.42798028253813,27.0444872022075,2.));
#10577=CARTESIAN_POINT('',(-0.697847170484813,27.0430615577836,3.5));
#10578=CARTESIAN_POINT('',(2.42798028253813,27.0444872022075,3.5));
#10579=CARTESIAN_POINT('',(-0.697847170484813,27.0430615577836,2.));
#10580=CARTESIAN_POINT('Origin',(-0.69807672335712,27.5463726626623,2.));
#10581=CARTESIAN_POINT('',(-0.69807672335712,27.5463726626623,2.));
#10582=CARTESIAN_POINT('',(-0.697847170484813,27.0430615577836,2.));
#10583=CARTESIAN_POINT('',(-0.698076723357119,27.5463726626623,3.5));
#10584=CARTESIAN_POINT('',(-0.697847170484813,27.0430615577836,3.5));
#10585=CARTESIAN_POINT('',(-0.69807672335712,27.5463726626623,2.));
#10586=CARTESIAN_POINT('Origin',(-0.221255540362744,27.5465901338666,2.));
#10587=CARTESIAN_POINT('',(-0.221255540362744,27.5465901338666,2.));
#10588=CARTESIAN_POINT('',(-0.69807672335712,27.5463726626623,2.));
#10589=CARTESIAN_POINT('',(-0.221255540362745,27.5465901338666,3.5));
#10590=CARTESIAN_POINT('',(-0.69807672335712,27.5463726626623,3.5));
#10591=CARTESIAN_POINT('',(-0.221255540362744,27.5465901338666,2.));
#10592=CARTESIAN_POINT('Ctrl Pts',(0.334824313169117,28.0104201188461,2.));
#10593=CARTESIAN_POINT('Ctrl Pts',(0.334824313169117,28.0104201188461,3.8));
#10594=CARTESIAN_POINT('Ctrl Pts',(0.305666061572631,27.8753864283679,2.));
#10595=CARTESIAN_POINT('Ctrl Pts',(0.305666061572631,27.8753864283679,3.8));
#10596=CARTESIAN_POINT('Ctrl Pts',(0.242790432214129,27.5842054484205,2.));
#10597=CARTESIAN_POINT('Ctrl Pts',(0.242790432214129,27.5842054484205,3.8));
#10598=CARTESIAN_POINT('Ctrl Pts',(-0.059272661656064,27.5597203780557,
2.));
#10599=CARTESIAN_POINT('Ctrl Pts',(-0.059272661656064,27.5597203780557,
3.8));
#10600=CARTESIAN_POINT('Ctrl Pts',(-0.221255540362744,27.5465901338666,
2.));
#10601=CARTESIAN_POINT('Ctrl Pts',(-0.221255540362744,27.5465901338666,
3.8));
#10602=CARTESIAN_POINT('',(0.334824313169117,28.0104201188461,2.));
#10603=CARTESIAN_POINT('Ctrl Pts',(-0.221255540362744,27.5465901338666,
2.));
#10604=CARTESIAN_POINT('Ctrl Pts',(-0.059272661656064,27.5597203780557,
2.));
#10605=CARTESIAN_POINT('Ctrl Pts',(0.242790432214129,27.5842054484205,2.));
#10606=CARTESIAN_POINT('Ctrl Pts',(0.305666061572631,27.8753864283679,2.));
#10607=CARTESIAN_POINT('Ctrl Pts',(0.334824313169117,28.0104201188461,2.));
#10608=CARTESIAN_POINT('',(0.334824313169118,28.0104201188461,3.5));
#10609=CARTESIAN_POINT('Ctrl Pts',(0.334824313169117,28.0104201188461,3.5));
#10610=CARTESIAN_POINT('Ctrl Pts',(0.305666061572631,27.8753864283679,3.5));
#10611=CARTESIAN_POINT('Ctrl Pts',(0.242790432214129,27.5842054484205,3.5));
#10612=CARTESIAN_POINT('Ctrl Pts',(-0.059272661656064,27.5597203780557,
3.5));
#10613=CARTESIAN_POINT('Ctrl Pts',(-0.221255540362744,27.5465901338666,
3.5));
#10614=CARTESIAN_POINT('',(0.334824313169117,28.0104201188461,2.));
#10615=CARTESIAN_POINT('Origin',(0.332969767166245,32.0766449862289,2.));
#10616=CARTESIAN_POINT('',(0.332969767166245,32.0766449862289,2.));
#10617=CARTESIAN_POINT('',(0.334824313169117,28.0104201188461,2.));
#10618=CARTESIAN_POINT('',(0.332969767166246,32.0766449862289,3.5));
#10619=CARTESIAN_POINT('',(0.334824313169117,28.0104201188461,3.5));
#10620=CARTESIAN_POINT('',(0.332969767166245,32.0766449862289,2.));
#10621=CARTESIAN_POINT('Ctrl Pts',(0.134058725657244,32.5931102248643,2.));
#10622=CARTESIAN_POINT('Ctrl Pts',(0.134058725657244,32.5931102248643,3.8));
#10623=CARTESIAN_POINT('Ctrl Pts',(0.191753189445049,32.5314201957012,2.));
#10624=CARTESIAN_POINT('Ctrl Pts',(0.191753189445049,32.5314201957012,3.8));
#10625=CARTESIAN_POINT('Ctrl Pts',(0.325764453002965,32.3881281324025,2.));
#10626=CARTESIAN_POINT('Ctrl Pts',(0.325764453002965,32.3881281324025,3.8));
#10627=CARTESIAN_POINT('Ctrl Pts',(0.330355344204426,32.1896655528721,2.));
#10628=CARTESIAN_POINT('Ctrl Pts',(0.330355344204426,32.1896655528721,3.8));
#10629=CARTESIAN_POINT('Ctrl Pts',(0.332969767166245,32.0766449862289,2.));
#10630=CARTESIAN_POINT('Ctrl Pts',(0.332969767166245,32.0766449862289,3.8));
#10631=CARTESIAN_POINT('',(0.134058725657244,32.5931102248643,2.));
#10632=CARTESIAN_POINT('Ctrl Pts',(0.332969767166245,32.0766449862289,2.));
#10633=CARTESIAN_POINT('Ctrl Pts',(0.330355344204426,32.1896655528721,2.));
#10634=CARTESIAN_POINT('Ctrl Pts',(0.325764453002965,32.3881281324025,2.));
#10635=CARTESIAN_POINT('Ctrl Pts',(0.191753189445049,32.5314201957012,2.));
#10636=CARTESIAN_POINT('Ctrl Pts',(0.134058725657244,32.5931102248643,2.));
#10637=CARTESIAN_POINT('',(0.134058725657245,32.5931102248643,3.5));
#10638=CARTESIAN_POINT('Ctrl Pts',(0.134058725657244,32.5931102248643,3.5));
#10639=CARTESIAN_POINT('Ctrl Pts',(0.191753189445049,32.5314201957012,3.5));
#10640=CARTESIAN_POINT('Ctrl Pts',(0.325764453002965,32.3881281324025,3.5));
#10641=CARTESIAN_POINT('Ctrl Pts',(0.330355344204426,32.1896655528721,3.5));
#10642=CARTESIAN_POINT('Ctrl Pts',(0.332969767166245,32.0766449862289,3.5));
#10643=CARTESIAN_POINT('',(0.134058725657244,32.5931102248643,2.));
#10644=CARTESIAN_POINT('Ctrl Pts',(-0.541528537083127,32.7914781101112,
2.));
#10645=CARTESIAN_POINT('Ctrl Pts',(-0.541528537083127,32.7914781101112,
3.8));
#10646=CARTESIAN_POINT('Ctrl Pts',(-0.400312580166521,32.776270857226,2.));
#10647=CARTESIAN_POINT('Ctrl Pts',(-0.400312580166521,32.776270857226,3.8));
#10648=CARTESIAN_POINT('Ctrl Pts',(-0.162171540667467,32.7506259436548,
2.));
#10649=CARTESIAN_POINT('Ctrl Pts',(-0.162171540667467,32.7506259436548,
3.8));
#10650=CARTESIAN_POINT('Ctrl Pts',(0.0483677496535313,32.6386750344516,
2.));
#10651=CARTESIAN_POINT('Ctrl Pts',(0.0483677496535313,32.6386750344516,
3.8));
#10652=CARTESIAN_POINT('Ctrl Pts',(0.134058725657244,32.5931102248643,2.));
#10653=CARTESIAN_POINT('Ctrl Pts',(0.134058725657244,32.5931102248643,3.8));
#10654=CARTESIAN_POINT('',(-0.541528537083127,32.7914781101112,2.));
#10655=CARTESIAN_POINT('Ctrl Pts',(0.134058725657244,32.5931102248643,2.));
#10656=CARTESIAN_POINT('Ctrl Pts',(0.0483677496535313,32.6386750344516,
2.));
#10657=CARTESIAN_POINT('Ctrl Pts',(-0.162171540667467,32.7506259436548,
2.));
#10658=CARTESIAN_POINT('Ctrl Pts',(-0.400312580166521,32.776270857226,2.));
#10659=CARTESIAN_POINT('Ctrl Pts',(-0.541528537083127,32.7914781101112,
2.));
#10660=CARTESIAN_POINT('',(-0.541528537083127,32.7914781101112,3.5));
#10661=CARTESIAN_POINT('Ctrl Pts',(-0.541528537083127,32.7914781101112,
3.5));
#10662=CARTESIAN_POINT('Ctrl Pts',(-0.400312580166521,32.776270857226,3.5));
#10663=CARTESIAN_POINT('Ctrl Pts',(-0.162171540667467,32.7506259436548,
3.5));
#10664=CARTESIAN_POINT('Ctrl Pts',(0.0483677496535313,32.6386750344516,
3.5));
#10665=CARTESIAN_POINT('Ctrl Pts',(0.134058725657244,32.5931102248643,3.5));
#10666=CARTESIAN_POINT('',(-0.541528537083127,32.7914781101112,2.));
#10667=CARTESIAN_POINT('Origin',(-0.541739967202867,33.2550537826831,2.));
#10668=CARTESIAN_POINT('',(-0.541739967202867,33.2550537826831,2.));
#10669=CARTESIAN_POINT('',(-0.541528537083127,32.7914781101112,2.));
#10670=CARTESIAN_POINT('',(-0.541739967202867,33.2550537826831,3.5));
#10671=CARTESIAN_POINT('',(-0.541528537083127,32.7914781101112,3.5));
#10672=CARTESIAN_POINT('',(-0.541739967202867,33.2550537826831,2.));
#10673=CARTESIAN_POINT('Origin',(1.23304595293215,33.3618236168508,2.));
#10674=CARTESIAN_POINT('',(1.23304595293215,33.3618236168508,2.));
#10675=CARTESIAN_POINT('',(-0.541739967202867,33.2550537826831,2.));
#10676=CARTESIAN_POINT('',(1.23304595293215,33.3618236168508,3.5));
#10677=CARTESIAN_POINT('',(-0.541739967202867,33.2550537826831,3.5));
#10678=CARTESIAN_POINT('',(1.23304595293215,33.3618236168508,2.));
#10679=CARTESIAN_POINT('Ctrl Pts',(1.36581037661573,32.6731422939697,2.));
#10680=CARTESIAN_POINT('Ctrl Pts',(1.36581037661573,32.6731422939697,3.8));
#10681=CARTESIAN_POINT('Ctrl Pts',(1.34436624927622,32.794677612791,2.));
#10682=CARTESIAN_POINT('Ctrl Pts',(1.34436624927622,32.794677612791,3.8));
#10683=CARTESIAN_POINT('Ctrl Pts',(1.3037380278743,33.0249394352027,2.));
#10684=CARTESIAN_POINT('Ctrl Pts',(1.3037380278743,33.0249394352027,3.8));
#10685=CARTESIAN_POINT('Ctrl Pts',(1.25571960140453,33.2537719927212,2.));
#10686=CARTESIAN_POINT('Ctrl Pts',(1.25571960140453,33.2537719927212,3.8));
#10687=CARTESIAN_POINT('Ctrl Pts',(1.23304595293215,33.3618236168508,2.));
#10688=CARTESIAN_POINT('Ctrl Pts',(1.23304595293215,33.3618236168508,3.8));
#10689=CARTESIAN_POINT('',(1.36581037661573,32.6731422939697,2.));
#10690=CARTESIAN_POINT('Ctrl Pts',(1.23304595293215,33.3618236168508,2.));
#10691=CARTESIAN_POINT('Ctrl Pts',(1.25571960140453,33.2537719927212,2.));
#10692=CARTESIAN_POINT('Ctrl Pts',(1.3037380278743,33.0249394352027,2.));
#10693=CARTESIAN_POINT('Ctrl Pts',(1.34436624927622,32.794677612791,2.));
#10694=CARTESIAN_POINT('Ctrl Pts',(1.36581037661573,32.6731422939697,2.));
#10695=CARTESIAN_POINT('',(1.36581037661573,32.6731422939697,3.5));
#10696=CARTESIAN_POINT('Ctrl Pts',(1.36581037661573,32.6731422939697,3.5));
#10697=CARTESIAN_POINT('Ctrl Pts',(1.34436624927622,32.794677612791,3.5));
#10698=CARTESIAN_POINT('Ctrl Pts',(1.3037380278743,33.0249394352027,3.5));
#10699=CARTESIAN_POINT('Ctrl Pts',(1.25571960140453,33.2537719927212,3.5));
#10700=CARTESIAN_POINT('Ctrl Pts',(1.23304595293215,33.3618236168508,3.5));
#10701=CARTESIAN_POINT('',(1.36581037661573,32.6731422939697,2.));
#10702=CARTESIAN_POINT('Ctrl Pts',(1.43232556174427,32.0374115418866,2.));
#10703=CARTESIAN_POINT('Ctrl Pts',(1.43232556174427,32.0374115418866,3.8));
#10704=CARTESIAN_POINT('Ctrl Pts',(1.42850314203682,32.1325057620133,2.));
#10705=CARTESIAN_POINT('Ctrl Pts',(1.42850314203682,32.1325057620133,3.8));
#10706=CARTESIAN_POINT('Ctrl Pts',(1.41993044480777,32.3457774641735,2.));
#10707=CARTESIAN_POINT('Ctrl Pts',(1.41993044480777,32.3457774641735,3.8));
#10708=CARTESIAN_POINT('Ctrl Pts',(1.38510676861614,32.5564210795677,2.));
#10709=CARTESIAN_POINT('Ctrl Pts',(1.38510676861614,32.5564210795677,3.8));
#10710=CARTESIAN_POINT('Ctrl Pts',(1.36581037661573,32.6731422939697,2.));
#10711=CARTESIAN_POINT('Ctrl Pts',(1.36581037661573,32.6731422939697,3.8));
#10712=CARTESIAN_POINT('',(1.43232556174427,32.0374115418866,2.));
#10713=CARTESIAN_POINT('Ctrl Pts',(1.36581037661573,32.6731422939697,2.));
#10714=CARTESIAN_POINT('Ctrl Pts',(1.38510676861614,32.5564210795677,2.));
#10715=CARTESIAN_POINT('Ctrl Pts',(1.41993044480777,32.3457774641735,2.));
#10716=CARTESIAN_POINT('Ctrl Pts',(1.42850314203682,32.1325057620133,2.));
#10717=CARTESIAN_POINT('Ctrl Pts',(1.43232556174427,32.0374115418866,2.));
#10718=CARTESIAN_POINT('',(1.43232556174427,32.0374115418866,3.5));
#10719=CARTESIAN_POINT('Ctrl Pts',(1.43232556174427,32.0374115418866,3.5));
#10720=CARTESIAN_POINT('Ctrl Pts',(1.42850314203682,32.1325057620133,3.5));
#10721=CARTESIAN_POINT('Ctrl Pts',(1.41993044480777,32.3457774641735,3.5));
#10722=CARTESIAN_POINT('Ctrl Pts',(1.38510676861614,32.5564210795677,3.5));
#10723=CARTESIAN_POINT('Ctrl Pts',(1.36581037661573,32.6731422939697,3.5));
#10724=CARTESIAN_POINT('',(1.43232556174427,32.0374115418866,2.));
#10725=CARTESIAN_POINT('Ctrl Pts',(2.38550863572391,33.0444686939677,2.));
#10726=CARTESIAN_POINT('Ctrl Pts',(2.38550863572391,33.0444686939677,3.8));
#10727=CARTESIAN_POINT('Ctrl Pts',(2.22032166899885,32.9136101802612,2.));
#10728=CARTESIAN_POINT('Ctrl Pts',(2.22032166899885,32.9136101802612,3.8));
#10729=CARTESIAN_POINT('Ctrl Pts',(1.85475933724679,32.6240174578536,2.));
#10730=CARTESIAN_POINT('Ctrl Pts',(1.85475933724679,32.6240174578536,3.8));
#10731=CARTESIAN_POINT('Ctrl Pts',(1.58189206429004,32.2451046770282,2.));
#10732=CARTESIAN_POINT('Ctrl Pts',(1.58189206429004,32.2451046770282,3.8));
#10733=CARTESIAN_POINT('Ctrl Pts',(1.43232556174427,32.0374115418866,2.));
#10734=CARTESIAN_POINT('Ctrl Pts',(1.43232556174427,32.0374115418866,3.8));
#10735=CARTESIAN_POINT('',(2.38550863572391,33.0444686939677,2.));
#10736=CARTESIAN_POINT('Ctrl Pts',(1.43232556174427,32.0374115418866,2.));
#10737=CARTESIAN_POINT('Ctrl Pts',(1.58189206429004,32.2451046770282,2.));
#10738=CARTESIAN_POINT('Ctrl Pts',(1.85475933724679,32.6240174578536,2.));
#10739=CARTESIAN_POINT('Ctrl Pts',(2.22032166899885,32.9136101802612,2.));
#10740=CARTESIAN_POINT('Ctrl Pts',(2.38550863572391,33.0444686939677,2.));
#10741=CARTESIAN_POINT('',(2.38550863572391,33.0444686939677,3.5));
#10742=CARTESIAN_POINT('Ctrl Pts',(2.38550863572391,33.0444686939677,3.5));
#10743=CARTESIAN_POINT('Ctrl Pts',(2.22032166899885,32.9136101802612,3.5));
#10744=CARTESIAN_POINT('Ctrl Pts',(1.85475933724679,32.6240174578536,3.5));
#10745=CARTESIAN_POINT('Ctrl Pts',(1.58189206429004,32.2451046770282,3.5));
#10746=CARTESIAN_POINT('Ctrl Pts',(1.43232556174427,32.0374115418866,3.5));
#10747=CARTESIAN_POINT('',(2.38550863572391,33.0444686939677,2.));
#10748=CARTESIAN_POINT('Ctrl Pts',(3.53768165521626,33.3628747276647,2.));
#10749=CARTESIAN_POINT('Ctrl Pts',(3.53768165521626,33.3628747276647,3.8));
#10750=CARTESIAN_POINT('Ctrl Pts',(3.32703862321043,33.3513916286853,2.));
#10751=CARTESIAN_POINT('Ctrl Pts',(3.32703862321043,33.3513916286853,3.8));
#10752=CARTESIAN_POINT('Ctrl Pts',(2.91934730455689,33.3291665414344,2.));
#10753=CARTESIAN_POINT('Ctrl Pts',(2.91934730455689,33.3291665414344,3.8));
#10754=CARTESIAN_POINT('Ctrl Pts',(2.55945456901107,33.1372346093531,2.));
#10755=CARTESIAN_POINT('Ctrl Pts',(2.55945456901107,33.1372346093531,3.8));
#10756=CARTESIAN_POINT('Ctrl Pts',(2.38550863572391,33.0444686939677,2.));
#10757=CARTESIAN_POINT('Ctrl Pts',(2.38550863572391,33.0444686939677,3.8));
#10758=CARTESIAN_POINT('',(3.53768165521626,33.3628747276647,2.));
#10759=CARTESIAN_POINT('Ctrl Pts',(2.38550863572391,33.0444686939677,2.));
#10760=CARTESIAN_POINT('Ctrl Pts',(2.55945456901107,33.1372346093531,2.));
#10761=CARTESIAN_POINT('Ctrl Pts',(2.91934730455689,33.3291665414344,2.));
#10762=CARTESIAN_POINT('Ctrl Pts',(3.32703862321043,33.3513916286853,2.));
#10763=CARTESIAN_POINT('Ctrl Pts',(3.53768165521626,33.3628747276647,2.));
#10764=CARTESIAN_POINT('',(3.53768165521626,33.3628747276647,3.5));
#10765=CARTESIAN_POINT('Ctrl Pts',(3.53768165521626,33.3628747276647,3.5));
#10766=CARTESIAN_POINT('Ctrl Pts',(3.32703862321043,33.3513916286853,3.5));
#10767=CARTESIAN_POINT('Ctrl Pts',(2.91934730455689,33.3291665414344,3.5));
#10768=CARTESIAN_POINT('Ctrl Pts',(2.55945456901107,33.1372346093531,3.5));
#10769=CARTESIAN_POINT('Ctrl Pts',(2.38550863572391,33.0444686939677,3.5));
#10770=CARTESIAN_POINT('',(3.53768165521626,33.3628747276647,2.));
#10771=CARTESIAN_POINT('Ctrl Pts',(5.23369830791581,31.9331849125595,2.));
#10772=CARTESIAN_POINT('Ctrl Pts',(5.23369830791581,31.9331849125595,3.8));
#10773=CARTESIAN_POINT('Ctrl Pts',(5.07431888312592,32.3500641500489,2.));
#10774=CARTESIAN_POINT('Ctrl Pts',(5.07431888312592,32.3500641500489,3.8));
#10775=CARTESIAN_POINT('Ctrl Pts',(4.76962920641119,33.1470227302871,2.));
#10776=CARTESIAN_POINT('Ctrl Pts',(4.76962920641119,33.1470227302871,3.8));
#10777=CARTESIAN_POINT('Ctrl Pts',(3.93549196057236,33.2931735874617,2.));
#10778=CARTESIAN_POINT('Ctrl Pts',(3.93549196057236,33.2931735874617,3.8));
#10779=CARTESIAN_POINT('Ctrl Pts',(3.53768165521626,33.3628747276647,2.));
#10780=CARTESIAN_POINT('Ctrl Pts',(3.53768165521626,33.3628747276647,3.8));
#10781=CARTESIAN_POINT('',(5.23369830791581,31.9331849125595,2.));
#10782=CARTESIAN_POINT('Ctrl Pts',(3.53768165521626,33.3628747276647,2.));
#10783=CARTESIAN_POINT('Ctrl Pts',(3.93549196057236,33.2931735874617,2.));
#10784=CARTESIAN_POINT('Ctrl Pts',(4.76962920641119,33.1470227302871,2.));
#10785=CARTESIAN_POINT('Ctrl Pts',(5.07431888312592,32.3500641500489,2.));
#10786=CARTESIAN_POINT('Ctrl Pts',(5.23369830791581,31.9331849125595,2.));
#10787=CARTESIAN_POINT('',(5.23369830791581,31.9331849125595,3.5));
#10788=CARTESIAN_POINT('Ctrl Pts',(5.23369830791581,31.9331849125595,3.5));
#10789=CARTESIAN_POINT('Ctrl Pts',(5.07431888312592,32.3500641500489,3.5));
#10790=CARTESIAN_POINT('Ctrl Pts',(4.76962920641119,33.1470227302871,3.5));
#10791=CARTESIAN_POINT('Ctrl Pts',(3.93549196057236,33.2931735874617,3.5));
#10792=CARTESIAN_POINT('Ctrl Pts',(3.53768165521626,33.3628747276647,3.5));
#10793=CARTESIAN_POINT('',(5.23369830791581,31.9331849125595,2.));
#10794=CARTESIAN_POINT('Ctrl Pts',(7.44496628348798,33.3646567833369,2.));
#10795=CARTESIAN_POINT('Ctrl Pts',(7.44496628348798,33.3646567833369,3.8));
#10796=CARTESIAN_POINT('Ctrl Pts',(7.01536922820235,33.28858538874,2.));
#10797=CARTESIAN_POINT('Ctrl Pts',(7.01536922820235,33.28858538874,3.8));
#10798=CARTESIAN_POINT('Ctrl Pts',(6.08511649304193,33.1238598115496,2.));
#10799=CARTESIAN_POINT('Ctrl Pts',(6.08511649304193,33.1238598115496,3.8));
#10800=CARTESIAN_POINT('Ctrl Pts',(5.53159812166566,32.3497861043619,2.));
#10801=CARTESIAN_POINT('Ctrl Pts',(5.53159812166566,32.3497861043619,3.8));
#10802=CARTESIAN_POINT('Ctrl Pts',(5.23369830791581,31.9331849125595,2.));
#10803=CARTESIAN_POINT('Ctrl Pts',(5.23369830791581,31.9331849125595,3.8));
#10804=CARTESIAN_POINT('',(7.44496628348798,33.3646567833369,2.));
#10805=CARTESIAN_POINT('Ctrl Pts',(5.23369830791581,31.9331849125595,2.));
#10806=CARTESIAN_POINT('Ctrl Pts',(5.53159812166566,32.3497861043619,2.));
#10807=CARTESIAN_POINT('Ctrl Pts',(6.08511649304193,33.1238598115496,2.));
#10808=CARTESIAN_POINT('Ctrl Pts',(7.01536922820235,33.28858538874,2.));
#10809=CARTESIAN_POINT('Ctrl Pts',(7.44496628348798,33.3646567833369,2.));
#10810=CARTESIAN_POINT('',(7.44496628348798,33.3646567833369,3.5));
#10811=CARTESIAN_POINT('Ctrl Pts',(7.44496628348798,33.3646567833369,3.5));
#10812=CARTESIAN_POINT('Ctrl Pts',(7.01536922820235,33.28858538874,3.5));
#10813=CARTESIAN_POINT('Ctrl Pts',(6.08511649304193,33.1238598115496,3.5));
#10814=CARTESIAN_POINT('Ctrl Pts',(5.53159812166566,32.3497861043619,3.5));
#10815=CARTESIAN_POINT('Ctrl Pts',(5.23369830791581,31.9331849125595,3.5));
#10816=CARTESIAN_POINT('',(7.44496628348798,33.3646567833369,2.));
#10817=CARTESIAN_POINT('Ctrl Pts',(8.75649002283507,32.7824734555607,2.));
#10818=CARTESIAN_POINT('Ctrl Pts',(8.75649002283507,32.7824734555607,3.8));
#10819=CARTESIAN_POINT('Ctrl Pts',(8.57864923808705,32.952328357698,2.));
#10820=CARTESIAN_POINT('Ctrl Pts',(8.57864923808705,32.952328357698,3.8));
#10821=CARTESIAN_POINT('Ctrl Pts',(8.2120667947216,33.3024495356455,2.));
#10822=CARTESIAN_POINT('Ctrl Pts',(8.2120667947216,33.3024495356455,3.8));
#10823=CARTESIAN_POINT('Ctrl Pts',(7.70568578458568,33.3435139965114,2.));
#10824=CARTESIAN_POINT('Ctrl Pts',(7.70568578458568,33.3435139965114,3.8));
#10825=CARTESIAN_POINT('Ctrl Pts',(7.44496628348798,33.3646567833369,2.));
#10826=CARTESIAN_POINT('Ctrl Pts',(7.44496628348798,33.3646567833369,3.8));
#10827=CARTESIAN_POINT('',(8.75649002283507,32.7824734555607,2.));
#10828=CARTESIAN_POINT('Ctrl Pts',(7.44496628348798,33.3646567833369,2.));
#10829=CARTESIAN_POINT('Ctrl Pts',(7.70568578458568,33.3435139965114,2.));
#10830=CARTESIAN_POINT('Ctrl Pts',(8.2120667947216,33.3024495356455,2.));
#10831=CARTESIAN_POINT('Ctrl Pts',(8.57864923808705,32.952328357698,2.));
#10832=CARTESIAN_POINT('Ctrl Pts',(8.75649002283507,32.7824734555607,2.));
#10833=CARTESIAN_POINT('',(8.75649002283507,32.7824734555607,3.5));
#10834=CARTESIAN_POINT('Ctrl Pts',(8.75649002283507,32.7824734555607,3.5));
#10835=CARTESIAN_POINT('Ctrl Pts',(8.57864923808705,32.952328357698,3.5));
#10836=CARTESIAN_POINT('Ctrl Pts',(8.2120667947216,33.3024495356455,3.5));
#10837=CARTESIAN_POINT('Ctrl Pts',(7.70568578458568,33.3435139965114,3.5));
#10838=CARTESIAN_POINT('Ctrl Pts',(7.44496628348798,33.3646567833369,3.5));
#10839=CARTESIAN_POINT('',(8.75649002283507,32.7824734555607,2.));
#10840=CARTESIAN_POINT('Ctrl Pts',(9.23405406479418,31.1535519111786,2.));
#10841=CARTESIAN_POINT('Ctrl Pts',(9.23405406479418,31.1535519111786,3.8));
#10842=CARTESIAN_POINT('Ctrl Pts',(9.22214122975087,31.4723601392622,2.));
#10843=CARTESIAN_POINT('Ctrl Pts',(9.22214122975087,31.4723601392622,3.8));
#10844=CARTESIAN_POINT('Ctrl Pts',(9.20026094969824,32.0579145675907,2.));
#10845=CARTESIAN_POINT('Ctrl Pts',(9.20026094969824,32.0579145675907,3.8));
#10846=CARTESIAN_POINT('Ctrl Pts',(8.89537788065357,32.5557068385476,2.));
#10847=CARTESIAN_POINT('Ctrl Pts',(8.89537788065357,32.5557068385476,3.8));
#10848=CARTESIAN_POINT('Ctrl Pts',(8.75649002283507,32.7824734555607,2.));
#10849=CARTESIAN_POINT('Ctrl Pts',(8.75649002283507,32.7824734555607,3.8));
#10850=CARTESIAN_POINT('',(9.23405406479418,31.1535519111786,2.));
#10851=CARTESIAN_POINT('Ctrl Pts',(8.75649002283507,32.7824734555607,2.));
#10852=CARTESIAN_POINT('Ctrl Pts',(8.89537788065357,32.5557068385476,2.));
#10853=CARTESIAN_POINT('Ctrl Pts',(9.20026094969824,32.0579145675907,2.));
#10854=CARTESIAN_POINT('Ctrl Pts',(9.22214122975087,31.4723601392622,2.));
#10855=CARTESIAN_POINT('Ctrl Pts',(9.23405406479418,31.1535519111786,2.));
#10856=CARTESIAN_POINT('',(9.23405406479418,31.1535519111786,3.5));
#10857=CARTESIAN_POINT('Ctrl Pts',(9.23405406479418,31.1535519111786,3.5));
#10858=CARTESIAN_POINT('Ctrl Pts',(9.22214122975087,31.4723601392622,3.5));
#10859=CARTESIAN_POINT('Ctrl Pts',(9.20026094969824,32.0579145675907,3.5));
#10860=CARTESIAN_POINT('Ctrl Pts',(8.89537788065357,32.5557068385476,3.5));
#10861=CARTESIAN_POINT('Ctrl Pts',(8.75649002283507,32.7824734555607,3.5));
#10862=CARTESIAN_POINT('',(9.23405406479418,31.1535519111786,2.));
#10863=CARTESIAN_POINT('Origin',(9.23545554551688,28.0807051028616,2.));
#10864=CARTESIAN_POINT('',(9.23545554551688,28.0807051028616,2.));
#10865=CARTESIAN_POINT('',(9.23405406479418,31.1535519111786,2.));
#10866=CARTESIAN_POINT('',(9.23545554551688,28.0807051028616,3.5));
#10867=CARTESIAN_POINT('',(9.23405406479418,31.1535519111786,3.5));
#10868=CARTESIAN_POINT('',(9.23545554551688,28.0807051028616,2.));
#10869=CARTESIAN_POINT('Ctrl Pts',(9.92443831589439,27.5512174372256,2.));
#10870=CARTESIAN_POINT('Ctrl Pts',(9.92443831589439,27.5512174372256,3.8));
#10871=CARTESIAN_POINT('Ctrl Pts',(9.72423932772924,27.5624550606035,2.));
#10872=CARTESIAN_POINT('Ctrl Pts',(9.72423932772924,27.5624550606035,3.8));
#10873=CARTESIAN_POINT('Ctrl Pts',(9.36146306130337,27.5828185154335,2.));
#10874=CARTESIAN_POINT('Ctrl Pts',(9.36146306130337,27.5828185154335,3.8));
#10875=CARTESIAN_POINT('Ctrl Pts',(9.27445016002773,27.9266278208384,2.));
#10876=CARTESIAN_POINT('Ctrl Pts',(9.27445016002773,27.9266278208384,3.8));
#10877=CARTESIAN_POINT('Ctrl Pts',(9.23545554551688,28.0807051028616,2.));
#10878=CARTESIAN_POINT('Ctrl Pts',(9.23545554551688,28.0807051028616,3.8));
#10879=CARTESIAN_POINT('',(9.92443831589439,27.5512174372256,2.));
#10880=CARTESIAN_POINT('Ctrl Pts',(9.23545554551688,28.0807051028616,2.));
#10881=CARTESIAN_POINT('Ctrl Pts',(9.27445016002773,27.9266278208384,2.));
#10882=CARTESIAN_POINT('Ctrl Pts',(9.36146306130337,27.5828185154335,2.));
#10883=CARTESIAN_POINT('Ctrl Pts',(9.72423932772924,27.5624550606035,2.));
#10884=CARTESIAN_POINT('Ctrl Pts',(9.92443831589439,27.5512174372256,2.));
#10885=CARTESIAN_POINT('',(9.92443831589439,27.5512174372256,3.5));
#10886=CARTESIAN_POINT('Ctrl Pts',(9.92443831589439,27.5512174372256,3.5));
#10887=CARTESIAN_POINT('Ctrl Pts',(9.72423932772924,27.5624550606035,3.5));
#10888=CARTESIAN_POINT('Ctrl Pts',(9.36146306130337,27.5828185154335,3.5));
#10889=CARTESIAN_POINT('Ctrl Pts',(9.27445016002773,27.9266278208384,3.5));
#10890=CARTESIAN_POINT('Ctrl Pts',(9.23545554551688,28.0807051028616,3.5));
#10891=CARTESIAN_POINT('',(9.92443831589439,27.5512174372256,2.));
#10892=CARTESIAN_POINT('Origin',(10.2290740473785,27.5513563771506,2.));
#10893=CARTESIAN_POINT('',(10.2290740473785,27.5513563771506,2.));
#10894=CARTESIAN_POINT('',(9.92443831589439,27.5512174372256,2.));
#10895=CARTESIAN_POINT('',(10.2290740473785,27.5513563771506,3.5));
#10896=CARTESIAN_POINT('',(9.92443831589439,27.5512174372256,3.5));
#10897=CARTESIAN_POINT('',(10.2290740473785,27.5513563771506,2.));
#10898=CARTESIAN_POINT('Origin',(10.2293036002508,27.0480452722719,2.));
#10899=CARTESIAN_POINT('',(10.2293036002508,27.0480452722719,2.));
#10900=CARTESIAN_POINT('',(10.2290740473785,27.5513563771506,2.));
#10901=CARTESIAN_POINT('',(10.2293036002508,27.0480452722719,3.5));
#10902=CARTESIAN_POINT('',(10.2290740473785,27.5513563771506,3.5));
#10903=CARTESIAN_POINT('',(10.2293036002508,27.0480452722719,2.));
#10904=CARTESIAN_POINT('Origin',(7.11672195567347,27.0466256690685,2.));
#10905=CARTESIAN_POINT('',(7.11672195567347,27.0466256690685,2.));
#10906=CARTESIAN_POINT('',(10.2293036002508,27.0480452722719,2.));
#10907=CARTESIAN_POINT('',(7.11672195567347,27.0466256690685,3.5));
#10908=CARTESIAN_POINT('',(10.2293036002508,27.0480452722719,3.5));
#10909=CARTESIAN_POINT('',(7.11672195567347,27.0466256690685,2.));
#10910=CARTESIAN_POINT('Origin',(7.11649240280116,27.5499367739472,2.));
#10911=CARTESIAN_POINT('',(7.11649240280116,27.5499367739472,2.));
#10912=CARTESIAN_POINT('',(7.11672195567347,27.0466256690685,2.));
#10913=CARTESIAN_POINT('',(7.11649240280116,27.5499367739472,3.5));
#10914=CARTESIAN_POINT('',(7.11672195567347,27.0466256690685,3.5));
#10915=CARTESIAN_POINT('',(7.11649240280116,27.5499367739472,2.));
#10916=CARTESIAN_POINT('Origin',(7.40788279150088,27.5500696728641,2.));
#10917=CARTESIAN_POINT('',(7.40788279150088,27.5500696728641,2.));
#10918=CARTESIAN_POINT('',(7.11649240280116,27.5499367739472,2.));
#10919=CARTESIAN_POINT('',(7.40788279150088,27.5500696728641,3.5));
#10920=CARTESIAN_POINT('',(7.11649240280116,27.5499367739472,3.5));
#10921=CARTESIAN_POINT('',(7.40788279150088,27.5500696728641,2.));
#10922=CARTESIAN_POINT('Ctrl Pts',(8.13611772440798,28.0802037108756,2.));
#10923=CARTESIAN_POINT('Ctrl Pts',(8.13611772440798,28.0802037108756,3.8));
#10924=CARTESIAN_POINT('Ctrl Pts',(8.09317301423544,27.9262730901436,2.));
#10925=CARTESIAN_POINT('Ctrl Pts',(8.09317301423544,27.9262730901436,3.8));
#10926=CARTESIAN_POINT('Ctrl Pts',(7.99499432102124,27.5743622930186,2.));
#10927=CARTESIAN_POINT('Ctrl Pts',(7.99499432102124,27.5743622930186,3.8));
#10928=CARTESIAN_POINT('Ctrl Pts',(7.61926368294044,27.5588158743019,2.));
#10929=CARTESIAN_POINT('Ctrl Pts',(7.61926368294044,27.5588158743019,3.8));
#10930=CARTESIAN_POINT('Ctrl Pts',(7.40788279150088,27.5500696728641,2.));
#10931=CARTESIAN_POINT('Ctrl Pts',(7.40788279150088,27.5500696728641,3.8));
#10932=CARTESIAN_POINT('',(8.13611772440798,28.0802037108756,2.));
#10933=CARTESIAN_POINT('Ctrl Pts',(7.40788279150088,27.5500696728641,2.));
#10934=CARTESIAN_POINT('Ctrl Pts',(7.61926368294044,27.5588158743019,2.));
#10935=CARTESIAN_POINT('Ctrl Pts',(7.99499432102124,27.5743622930186,2.));
#10936=CARTESIAN_POINT('Ctrl Pts',(8.09317301423544,27.9262730901436,2.));
#10937=CARTESIAN_POINT('Ctrl Pts',(8.13611772440798,28.0802037108756,2.));
#10938=CARTESIAN_POINT('',(8.13611772440798,28.0802037108756,3.5));
#10939=CARTESIAN_POINT('Ctrl Pts',(8.13611772440798,28.0802037108756,3.5));
#10940=CARTESIAN_POINT('Ctrl Pts',(8.09317301423544,27.9262730901436,3.5));
#10941=CARTESIAN_POINT('Ctrl Pts',(7.99499432102124,27.5743622930186,3.5));
#10942=CARTESIAN_POINT('Ctrl Pts',(7.61926368294044,27.5588158743019,3.5));
#10943=CARTESIAN_POINT('Ctrl Pts',(7.40788279150088,27.5500696728641,3.5));
#10944=CARTESIAN_POINT('',(8.13611772440798,28.0802037108756,2.));
#10945=CARTESIAN_POINT('Origin',(8.13471624368528,31.1530505191925,2.));
#10946=CARTESIAN_POINT('',(8.13471624368528,31.1530505191925,2.));
#10947=CARTESIAN_POINT('',(8.13611772440798,28.0802037108756,2.));
#10948=CARTESIAN_POINT('',(8.13471624368528,31.1530505191925,3.5));
#10949=CARTESIAN_POINT('',(8.13611772440798,28.0802037108756,3.5));
#10950=CARTESIAN_POINT('',(8.13471624368528,31.1530505191925,2.));
#10951=CARTESIAN_POINT('Ctrl Pts',(7.80310715317348,32.2125024823716,2.));
#10952=CARTESIAN_POINT('Ctrl Pts',(7.80310715317348,32.2125024823716,3.8));
#10953=CARTESIAN_POINT('Ctrl Pts',(7.89959654624924,32.0647060247723,2.));
#10954=CARTESIAN_POINT('Ctrl Pts',(7.89959654624924,32.0647060247723,3.8));
#10955=CARTESIAN_POINT('Ctrl Pts',(8.1089444948044,31.7440398435907,2.));
#10956=CARTESIAN_POINT('Ctrl Pts',(8.1089444948044,31.7440398435907,3.8));
#10957=CARTESIAN_POINT('Ctrl Pts',(8.12568923052926,31.360055035303,2.));
#10958=CARTESIAN_POINT('Ctrl Pts',(8.12568923052926,31.360055035303,3.8));
#10959=CARTESIAN_POINT('Ctrl Pts',(8.13471624368528,31.1530505191925,2.));
#10960=CARTESIAN_POINT('Ctrl Pts',(8.13471624368528,31.1530505191925,3.8));
#10961=CARTESIAN_POINT('',(7.80310715317348,32.2125024823716,2.));
#10962=CARTESIAN_POINT('Ctrl Pts',(8.13471624368528,31.1530505191925,2.));
#10963=CARTESIAN_POINT('Ctrl Pts',(8.12568923052926,31.360055035303,2.));
#10964=CARTESIAN_POINT('Ctrl Pts',(8.1089444948044,31.7440398435907,2.));
#10965=CARTESIAN_POINT('Ctrl Pts',(7.89959654624924,32.0647060247723,2.));
#10966=CARTESIAN_POINT('Ctrl Pts',(7.80310715317348,32.2125024823716,2.));
#10967=CARTESIAN_POINT('',(7.80310715317348,32.2125024823716,3.5));
#10968=CARTESIAN_POINT('Ctrl Pts',(7.80310715317348,32.2125024823716,3.5));
#10969=CARTESIAN_POINT('Ctrl Pts',(7.89959654624924,32.0647060247723,3.5));
#10970=CARTESIAN_POINT('Ctrl Pts',(8.1089444948044,31.7440398435907,3.5));
#10971=CARTESIAN_POINT('Ctrl Pts',(8.12568923052926,31.360055035303,3.5));
#10972=CARTESIAN_POINT('Ctrl Pts',(8.13471624368528,31.1530505191925,3.5));
#10973=CARTESIAN_POINT('',(7.80310715317348,32.2125024823716,2.));
#10974=CARTESIAN_POINT('Ctrl Pts',(6.90227011661912,32.5961971076096,2.));
#10975=CARTESIAN_POINT('Ctrl Pts',(6.90227011661912,32.5961971076096,3.8));
#10976=CARTESIAN_POINT('Ctrl Pts',(7.08020036686266,32.5825159892714,2.));
#10977=CARTESIAN_POINT('Ctrl Pts',(7.08020036686266,32.5825159892714,3.8));
#10978=CARTESIAN_POINT('Ctrl Pts',(7.424590995935,32.5560356749659,2.));
#10979=CARTESIAN_POINT('Ctrl Pts',(7.424590995935,32.5560356749659,3.8));
#10980=CARTESIAN_POINT('Ctrl Pts',(7.67976797609011,32.3244424893307,2.));
#10981=CARTESIAN_POINT('Ctrl Pts',(7.67976797609011,32.3244424893307,3.8));
#10982=CARTESIAN_POINT('Ctrl Pts',(7.80310715317348,32.2125024823716,2.));
#10983=CARTESIAN_POINT('Ctrl Pts',(7.80310715317348,32.2125024823716,3.8));
#10984=CARTESIAN_POINT('',(6.90227011661912,32.5961971076096,2.));
#10985=CARTESIAN_POINT('Ctrl Pts',(7.80310715317348,32.2125024823716,2.));
#10986=CARTESIAN_POINT('Ctrl Pts',(7.67976797609011,32.3244424893307,2.));
#10987=CARTESIAN_POINT('Ctrl Pts',(7.424590995935,32.5560356749659,2.));
#10988=CARTESIAN_POINT('Ctrl Pts',(7.08020036686266,32.5825159892714,2.));
#10989=CARTESIAN_POINT('Ctrl Pts',(6.90227011661912,32.5961971076096,2.));
#10990=CARTESIAN_POINT('',(6.90227011661912,32.5961971076096,3.5));
#10991=CARTESIAN_POINT('Ctrl Pts',(6.90227011661912,32.5961971076096,3.5));
#10992=CARTESIAN_POINT('Ctrl Pts',(7.08020036686266,32.5825159892714,3.5));
#10993=CARTESIAN_POINT('Ctrl Pts',(7.424590995935,32.5560356749659,3.5));
#10994=CARTESIAN_POINT('Ctrl Pts',(7.67976797609011,32.3244424893307,3.5));
#10995=CARTESIAN_POINT('Ctrl Pts',(7.80310715317348,32.2125024823716,3.5));
#10996=CARTESIAN_POINT('',(6.90227011661912,32.5961971076096,2.));
#10997=CARTESIAN_POINT('Ctrl Pts',(5.77671404482973,31.9996575136953,2.));
#10998=CARTESIAN_POINT('Ctrl Pts',(5.77671404482973,31.9996575136953,3.8));
#10999=CARTESIAN_POINT('Ctrl Pts',(5.93261686565272,32.1735251220827,2.));
#11000=CARTESIAN_POINT('Ctrl Pts',(5.93261686565272,32.1735251220827,3.8));
#11001=CARTESIAN_POINT('Ctrl Pts',(6.23547838213908,32.5112855761021,2.));
#11002=CARTESIAN_POINT('Ctrl Pts',(6.23547838213908,32.5112855761021,3.8));
#11003=CARTESIAN_POINT('Ctrl Pts',(6.68442565136044,32.5684560511162,2.));
#11004=CARTESIAN_POINT('Ctrl Pts',(6.68442565136044,32.5684560511162,3.8));
#11005=CARTESIAN_POINT('Ctrl Pts',(6.90227011661912,32.5961971076096,2.));
#11006=CARTESIAN_POINT('Ctrl Pts',(6.90227011661912,32.5961971076096,3.8));
#11007=CARTESIAN_POINT('',(5.77671404482973,31.9996575136953,2.));
#11008=CARTESIAN_POINT('Ctrl Pts',(6.90227011661912,32.5961971076096,2.));
#11009=CARTESIAN_POINT('Ctrl Pts',(6.68442565136044,32.5684560511162,2.));
#11010=CARTESIAN_POINT('Ctrl Pts',(6.23547838213908,32.5112855761021,2.));
#11011=CARTESIAN_POINT('Ctrl Pts',(5.93261686565272,32.1735251220827,2.));
#11012=CARTESIAN_POINT('Ctrl Pts',(5.77671404482973,31.9996575136953,2.));
#11013=CARTESIAN_POINT('',(5.77671404482973,31.9996575136953,3.5));
#11014=CARTESIAN_POINT('Ctrl Pts',(5.77671404482973,31.9996575136953,3.5));
#11015=CARTESIAN_POINT('Ctrl Pts',(5.93261686565272,32.1735251220827,3.5));
#11016=CARTESIAN_POINT('Ctrl Pts',(6.23547838213908,32.5112855761021,3.5));
#11017=CARTESIAN_POINT('Ctrl Pts',(6.68442565136044,32.5684560511162,3.5));
#11018=CARTESIAN_POINT('Ctrl Pts',(6.90227011661912,32.5961971076096,3.5));
#11019=CARTESIAN_POINT('',(5.77671404482973,31.9996575136953,2.));
#11020=CARTESIAN_POINT('Ctrl Pts',(5.32695700144839,30.7411737660687,2.));
#11021=CARTESIAN_POINT('Ctrl Pts',(5.32695700144839,30.7411737660687,3.8));
#11022=CARTESIAN_POINT('Ctrl Pts',(5.34731712432611,30.964653265981,2.));
#11023=CARTESIAN_POINT('Ctrl Pts',(5.34731712432611,30.964653265981,3.8));
#11024=CARTESIAN_POINT('Ctrl Pts',(5.38901448791009,31.4223374370132,2.));
#11025=CARTESIAN_POINT('Ctrl Pts',(5.38901448791009,31.4223374370132,3.8));
#11026=CARTESIAN_POINT('Ctrl Pts',(5.64547757779944,31.8042344190408,2.));
#11027=CARTESIAN_POINT('Ctrl Pts',(5.64547757779944,31.8042344190408,3.8));
#11028=CARTESIAN_POINT('Ctrl Pts',(5.77671404482973,31.9996575136953,2.));
#11029=CARTESIAN_POINT('Ctrl Pts',(5.77671404482973,31.9996575136953,3.8));
#11030=CARTESIAN_POINT('Ctrl Pts',(5.77671404482973,31.9996575136953,2.));
#11031=CARTESIAN_POINT('Ctrl Pts',(5.64547757779944,31.8042344190408,2.));
#11032=CARTESIAN_POINT('Ctrl Pts',(5.38901448791009,31.4223374370132,2.));
#11033=CARTESIAN_POINT('Ctrl Pts',(5.34731712432611,30.964653265981,2.));
#11034=CARTESIAN_POINT('Ctrl Pts',(5.32695700144839,30.7411737660687,2.));
#11035=CARTESIAN_POINT('Ctrl Pts',(5.32695700144839,30.7411737660687,3.5));
#11036=CARTESIAN_POINT('Ctrl Pts',(5.34731712432611,30.964653265981,3.5));
#11037=CARTESIAN_POINT('Ctrl Pts',(5.38901448791009,31.4223374370132,3.5));
#11038=CARTESIAN_POINT('Ctrl Pts',(5.64547757779944,31.8042344190408,3.5));
#11039=CARTESIAN_POINT('Ctrl Pts',(5.77671404482973,31.9996575136953,3.5));
#11040=CARTESIAN_POINT('Origin',(28.1695875639095,30.7397651104091,3.5));
#11041=CARTESIAN_POINT('Origin',(28.1695875639095,30.7397651104091,2.));
#11042=UNCERTAINTY_MEASURE_WITH_UNIT(LENGTH_MEASURE(0.01),#11046,
'DISTANCE_ACCURACY_VALUE',
'Maximum model space distance between geometric entities at asserted c
onnectivities');
#11043=UNCERTAINTY_MEASURE_WITH_UNIT(LENGTH_MEASURE(0.01),#11046,
'DISTANCE_ACCURACY_VALUE',
'Maximum model space distance between geometric entities at asserted c
onnectivities');
#11044=(
GEOMETRIC_REPRESENTATION_CONTEXT(3)
GLOBAL_UNCERTAINTY_ASSIGNED_CONTEXT((#11042))
GLOBAL_UNIT_ASSIGNED_CONTEXT((#11046,#11048,#11049))
REPRESENTATION_CONTEXT('','3D')
);
#11045=(
GEOMETRIC_REPRESENTATION_CONTEXT(3)
GLOBAL_UNCERTAINTY_ASSIGNED_CONTEXT((#11043))
GLOBAL_UNIT_ASSIGNED_CONTEXT((#11046,#11048,#11049))
REPRESENTATION_CONTEXT('','3D')
);
#11046=(
LENGTH_UNIT()
NAMED_UNIT(*)
SI_UNIT(.MILLI.,.METRE.)
);
#11047=(
LENGTH_UNIT()
NAMED_UNIT(*)
SI_UNIT($,.METRE.)
);
#11048=(
NAMED_UNIT(*)
PLANE_ANGLE_UNIT()
SI_UNIT($,.RADIAN.)
);
#11049=(
NAMED_UNIT(*)
SI_UNIT($,.STERADIAN.)
SOLID_ANGLE_UNIT()
);
#11050=SHAPE_DEFINITION_REPRESENTATION(#11051,#11052);
#11051=PRODUCT_DEFINITION_SHAPE('',$,#11054);
#11052=SHAPE_REPRESENTATION('',(#5568),#11044);
#11053=PRODUCT_DEFINITION_CONTEXT('part definition',#11058,'design');
#11054=PRODUCT_DEFINITION('2026-05-20-21-30-43-451','MACROPAD TOP CASE',
#11055,#11053);
#11055=PRODUCT_DEFINITION_FORMATION('',$,#11060);
#11056=PRODUCT_RELATED_PRODUCT_CATEGORY('MACROPAD TOP CASE',
'MACROPAD TOP CASE',(#11060));
#11057=APPLICATION_PROTOCOL_DEFINITION('international standard',
'automotive_design',2009,#11058);
#11058=APPLICATION_CONTEXT(
'Core Data for Automotive Mechanical Design Process');
#11059=PRODUCT_CONTEXT('part definition',#11058,'mechanical');
#11060=PRODUCT('2026-05-20-21-30-43-451','MACROPAD TOP CASE',$,(#11059));
#11061=PRESENTATION_STYLE_ASSIGNMENT((#11064));
#11062=PRESENTATION_STYLE_ASSIGNMENT((#11065));
#11063=PRESENTATION_STYLE_ASSIGNMENT((#11066));
#11064=SURFACE_STYLE_USAGE(.BOTH.,#11067);
#11065=SURFACE_STYLE_USAGE(.BOTH.,#11068);
#11066=SURFACE_STYLE_USAGE(.BOTH.,#11069);
#11067=SURFACE_SIDE_STYLE('',(#11070));
#11068=SURFACE_SIDE_STYLE('',(#11071));
#11069=SURFACE_SIDE_STYLE('',(#11072));
#11070=SURFACE_STYLE_FILL_AREA(#11073);
#11071=SURFACE_STYLE_FILL_AREA(#11074);
#11072=SURFACE_STYLE_FILL_AREA(#11075);
#11073=FILL_AREA_STYLE('Steel - Satin',(#11076));
#11074=FILL_AREA_STYLE('Powder Coat - Rough (Black)',(#11077));
#11075=FILL_AREA_STYLE('Opaque(246,246,243)',(#11078));
#11076=FILL_AREA_STYLE_COLOUR('Steel - Satin',#11079);
#11077=FILL_AREA_STYLE_COLOUR('Powder Coat - Rough (Black)',#11080);
#11078=FILL_AREA_STYLE_COLOUR('Opaque(246,246,243)',#11081);
#11079=COLOUR_RGB('Steel - Satin',0.627450980392157,0.627450980392157,0.627450980392157);
#11080=COLOUR_RGB('Powder Coat - Rough (Black)',0.0980392156862745,0.0980392156862745,
0.0980392156862745);
#11081=COLOUR_RGB('Opaque(246,246,243)',0.964705882352941,0.964705882352941,
0.952941176470588);
ENDSEC;
END-ISO-10303-21;
