ISO-10303-21;
HEADER;
/* Generated by software containing ST-Developer
 * from STEP Tools, Inc. (www.steptools.com) 
 */

FILE_DESCRIPTION(
/* description */ (''),
/* implementation_level */ '2;1');

FILE_NAME(
/* name */ 'MACROPAD PLATE.step',
/* time_stamp */ '2026-07-24T14:52:05-05:00',
/* author */ (''),
/* organization */ (''),
/* preprocessor_version */ 'ST-DEVELOPER v20.1',
/* originating_system */ 'Autodesk Translation Framework v15.8.0.0',
/* authorisation */ '');

FILE_SCHEMA (('AUTOMOTIVE_DESIGN { 1 0 10303 214 3 1 1 }'));
ENDSEC;

DATA;
#10=MECHANICAL_DESIGN_GEOMETRIC_PRESENTATION_REPRESENTATION('',(#13),#3227);
#11=SHAPE_REPRESENTATION_RELATIONSHIP('SRR','None',#3234,#12);
#12=ADVANCED_BREP_SHAPE_REPRESENTATION('',(#14),#3226);
#13=STYLED_ITEM('',(#3244),#14);
#14=MANIFOLD_SOLID_BREP('Body22',#1935);
#15=FACE_BOUND('',#205,.T.);
#16=FACE_BOUND('',#206,.T.);
#17=FACE_BOUND('',#207,.T.);
#18=FACE_BOUND('',#208,.T.);
#19=FACE_BOUND('',#209,.T.);
#20=FACE_BOUND('',#210,.T.);
#21=FACE_BOUND('',#211,.T.);
#22=FACE_BOUND('',#212,.T.);
#23=FACE_BOUND('',#213,.T.);
#24=FACE_BOUND('',#214,.T.);
#25=FACE_BOUND('',#215,.T.);
#26=FACE_BOUND('',#216,.T.);
#27=FACE_BOUND('',#217,.T.);
#28=FACE_BOUND('',#218,.T.);
#29=FACE_BOUND('',#219,.T.);
#30=FACE_BOUND('',#302,.T.);
#31=FACE_BOUND('',#303,.T.);
#32=FACE_BOUND('',#304,.T.);
#33=FACE_BOUND('',#305,.T.);
#34=FACE_BOUND('',#306,.T.);
#35=FACE_BOUND('',#307,.T.);
#36=FACE_BOUND('',#308,.T.);
#37=FACE_BOUND('',#309,.T.);
#38=FACE_BOUND('',#310,.T.);
#39=FACE_BOUND('',#311,.T.);
#40=FACE_BOUND('',#312,.T.);
#41=FACE_BOUND('',#313,.T.);
#42=FACE_BOUND('',#314,.T.);
#43=FACE_BOUND('',#315,.T.);
#44=FACE_BOUND('',#316,.T.);
#45=PLANE('',#1961);
#46=PLANE('',#1962);
#47=PLANE('',#1963);
#48=PLANE('',#1964);
#49=PLANE('',#1965);
#50=PLANE('',#1966);
#51=PLANE('',#1967);
#52=PLANE('',#1968);
#53=PLANE('',#2005);
#54=PLANE('',#2006);
#55=PLANE('',#2007);
#56=PLANE('',#2008);
#57=PLANE('',#2009);
#58=PLANE('',#2010);
#59=PLANE('',#2013);
#60=PLANE('',#2016);
#61=PLANE('',#2019);
#62=PLANE('',#2022);
#63=PLANE('',#2025);
#64=PLANE('',#2028);
#65=PLANE('',#2031);
#66=PLANE('',#2034);
#67=PLANE('',#2037);
#68=PLANE('',#2040);
#69=PLANE('',#2043);
#70=PLANE('',#2046);
#71=PLANE('',#2049);
#72=PLANE('',#2052);
#73=PLANE('',#2055);
#74=PLANE('',#2058);
#75=PLANE('',#2061);
#76=PLANE('',#2064);
#77=PLANE('',#2067);
#78=PLANE('',#2070);
#79=PLANE('',#2073);
#80=PLANE('',#2076);
#81=PLANE('',#2079);
#82=PLANE('',#2082);
#83=PLANE('',#2085);
#84=PLANE('',#2088);
#85=PLANE('',#2091);
#86=PLANE('',#2094);
#87=PLANE('',#2097);
#88=PLANE('',#2100);
#89=PLANE('',#2103);
#90=PLANE('',#2106);
#91=PLANE('',#2109);
#92=PLANE('',#2112);
#93=PLANE('',#2115);
#94=PLANE('',#2118);
#95=PLANE('',#2119);
#96=PLANE('',#2120);
#97=PLANE('',#2121);
#98=PLANE('',#2122);
#99=FACE_OUTER_BOUND('',#193,.T.);
#100=FACE_OUTER_BOUND('',#194,.T.);
#101=FACE_OUTER_BOUND('',#195,.T.);
#102=FACE_OUTER_BOUND('',#196,.T.);
#103=FACE_OUTER_BOUND('',#197,.T.);
#104=FACE_OUTER_BOUND('',#198,.T.);
#105=FACE_OUTER_BOUND('',#199,.T.);
#106=FACE_OUTER_BOUND('',#200,.T.);
#107=FACE_OUTER_BOUND('',#201,.T.);
#108=FACE_OUTER_BOUND('',#202,.T.);
#109=FACE_OUTER_BOUND('',#203,.T.);
#110=FACE_OUTER_BOUND('',#204,.T.);
#111=FACE_OUTER_BOUND('',#220,.T.);
#112=FACE_OUTER_BOUND('',#221,.T.);
#113=FACE_OUTER_BOUND('',#222,.T.);
#114=FACE_OUTER_BOUND('',#223,.T.);
#115=FACE_OUTER_BOUND('',#224,.T.);
#116=FACE_OUTER_BOUND('',#225,.T.);
#117=FACE_OUTER_BOUND('',#226,.T.);
#118=FACE_OUTER_BOUND('',#227,.T.);
#119=FACE_OUTER_BOUND('',#228,.T.);
#120=FACE_OUTER_BOUND('',#229,.T.);
#121=FACE_OUTER_BOUND('',#230,.T.);
#122=FACE_OUTER_BOUND('',#231,.T.);
#123=FACE_OUTER_BOUND('',#232,.T.);
#124=FACE_OUTER_BOUND('',#233,.T.);
#125=FACE_OUTER_BOUND('',#234,.T.);
#126=FACE_OUTER_BOUND('',#235,.T.);
#127=FACE_OUTER_BOUND('',#236,.T.);
#128=FACE_OUTER_BOUND('',#237,.T.);
#129=FACE_OUTER_BOUND('',#238,.T.);
#130=FACE_OUTER_BOUND('',#239,.T.);
#131=FACE_OUTER_BOUND('',#240,.T.);
#132=FACE_OUTER_BOUND('',#241,.T.);
#133=FACE_OUTER_BOUND('',#242,.T.);
#134=FACE_OUTER_BOUND('',#243,.T.);
#135=FACE_OUTER_BOUND('',#244,.T.);
#136=FACE_OUTER_BOUND('',#245,.T.);
#137=FACE_OUTER_BOUND('',#246,.T.);
#138=FACE_OUTER_BOUND('',#247,.T.);
#139=FACE_OUTER_BOUND('',#248,.T.);
#140=FACE_OUTER_BOUND('',#249,.T.);
#141=FACE_OUTER_BOUND('',#250,.T.);
#142=FACE_OUTER_BOUND('',#251,.T.);
#143=FACE_OUTER_BOUND('',#252,.T.);
#144=FACE_OUTER_BOUND('',#253,.T.);
#145=FACE_OUTER_BOUND('',#254,.T.);
#146=FACE_OUTER_BOUND('',#255,.T.);
#147=FACE_OUTER_BOUND('',#256,.T.);
#148=FACE_OUTER_BOUND('',#257,.T.);
#149=FACE_OUTER_BOUND('',#258,.T.);
#150=FACE_OUTER_BOUND('',#259,.T.);
#151=FACE_OUTER_BOUND('',#260,.T.);
#152=FACE_OUTER_BOUND('',#261,.T.);
#153=FACE_OUTER_BOUND('',#262,.T.);
#154=FACE_OUTER_BOUND('',#263,.T.);
#155=FACE_OUTER_BOUND('',#264,.T.);
#156=FACE_OUTER_BOUND('',#265,.T.);
#157=FACE_OUTER_BOUND('',#266,.T.);
#158=FACE_OUTER_BOUND('',#267,.T.);
#159=FACE_OUTER_BOUND('',#268,.T.);
#160=FACE_OUTER_BOUND('',#269,.T.);
#161=FACE_OUTER_BOUND('',#270,.T.);
#162=FACE_OUTER_BOUND('',#271,.T.);
#163=FACE_OUTER_BOUND('',#272,.T.);
#164=FACE_OUTER_BOUND('',#273,.T.);
#165=FACE_OUTER_BOUND('',#274,.T.);
#166=FACE_OUTER_BOUND('',#275,.T.);
#167=FACE_OUTER_BOUND('',#276,.T.);
#168=FACE_OUTER_BOUND('',#277,.T.);
#169=FACE_OUTER_BOUND('',#278,.T.);
#170=FACE_OUTER_BOUND('',#279,.T.);
#171=FACE_OUTER_BOUND('',#280,.T.);
#172=FACE_OUTER_BOUND('',#281,.T.);
#173=FACE_OUTER_BOUND('',#282,.T.);
#174=FACE_OUTER_BOUND('',#283,.T.);
#175=FACE_OUTER_BOUND('',#284,.T.);
#176=FACE_OUTER_BOUND('',#285,.T.);
#177=FACE_OUTER_BOUND('',#286,.T.);
#178=FACE_OUTER_BOUND('',#287,.T.);
#179=FACE_OUTER_BOUND('',#288,.T.);
#180=FACE_OUTER_BOUND('',#289,.T.);
#181=FACE_OUTER_BOUND('',#290,.T.);
#182=FACE_OUTER_BOUND('',#291,.T.);
#183=FACE_OUTER_BOUND('',#292,.T.);
#184=FACE_OUTER_BOUND('',#293,.T.);
#185=FACE_OUTER_BOUND('',#294,.T.);
#186=FACE_OUTER_BOUND('',#295,.T.);
#187=FACE_OUTER_BOUND('',#296,.T.);
#188=FACE_OUTER_BOUND('',#297,.T.);
#189=FACE_OUTER_BOUND('',#298,.T.);
#190=FACE_OUTER_BOUND('',#299,.T.);
#191=FACE_OUTER_BOUND('',#300,.T.);
#192=FACE_OUTER_BOUND('',#301,.T.);
#193=EDGE_LOOP('',(#1249,#1250,#1251,#1252));
#194=EDGE_LOOP('',(#1253,#1254,#1255,#1256));
#195=EDGE_LOOP('',(#1257,#1258,#1259,#1260));
#196=EDGE_LOOP('',(#1261,#1262,#1263,#1264));
#197=EDGE_LOOP('',(#1265,#1266,#1267,#1268));
#198=EDGE_LOOP('',(#1269,#1270,#1271,#1272));
#199=EDGE_LOOP('',(#1273,#1274,#1275,#1276));
#200=EDGE_LOOP('',(#1277,#1278,#1279,#1280));
#201=EDGE_LOOP('',(#1281,#1282,#1283,#1284));
#202=EDGE_LOOP('',(#1285,#1286,#1287,#1288));
#203=EDGE_LOOP('',(#1289,#1290,#1291,#1292));
#204=EDGE_LOOP('',(#1293,#1294,#1295,#1296,#1297,#1298,#1299,#1300));
#205=EDGE_LOOP('',(#1301,#1302,#1303,#1304));
#206=EDGE_LOOP('',(#1305,#1306,#1307,#1308));
#207=EDGE_LOOP('',(#1309,#1310,#1311,#1312,#1313,#1314,#1315,#1316));
#208=EDGE_LOOP('',(#1317,#1318,#1319,#1320,#1321,#1322,#1323,#1324));
#209=EDGE_LOOP('',(#1325,#1326,#1327,#1328,#1329,#1330,#1331,#1332));
#210=EDGE_LOOP('',(#1333,#1334,#1335,#1336,#1337,#1338,#1339,#1340));
#211=EDGE_LOOP('',(#1341,#1342,#1343,#1344,#1345,#1346,#1347,#1348));
#212=EDGE_LOOP('',(#1349,#1350,#1351,#1352,#1353,#1354,#1355,#1356));
#213=EDGE_LOOP('',(#1357,#1358,#1359,#1360,#1361,#1362,#1363,#1364));
#214=EDGE_LOOP('',(#1365,#1366,#1367,#1368,#1369,#1370,#1371,#1372));
#215=EDGE_LOOP('',(#1373,#1374,#1375,#1376,#1377,#1378,#1379,#1380));
#216=EDGE_LOOP('',(#1381));
#217=EDGE_LOOP('',(#1382));
#218=EDGE_LOOP('',(#1383));
#219=EDGE_LOOP('',(#1384));
#220=EDGE_LOOP('',(#1385,#1386,#1387,#1388));
#221=EDGE_LOOP('',(#1389,#1390,#1391,#1392));
#222=EDGE_LOOP('',(#1393,#1394,#1395,#1396));
#223=EDGE_LOOP('',(#1397,#1398,#1399,#1400));
#224=EDGE_LOOP('',(#1401,#1402,#1403,#1404));
#225=EDGE_LOOP('',(#1405,#1406,#1407,#1408));
#226=EDGE_LOOP('',(#1409,#1410,#1411,#1412));
#227=EDGE_LOOP('',(#1413,#1414,#1415,#1416));
#228=EDGE_LOOP('',(#1417,#1418,#1419,#1420));
#229=EDGE_LOOP('',(#1421,#1422,#1423,#1424));
#230=EDGE_LOOP('',(#1425,#1426,#1427,#1428));
#231=EDGE_LOOP('',(#1429,#1430,#1431,#1432));
#232=EDGE_LOOP('',(#1433,#1434,#1435,#1436));
#233=EDGE_LOOP('',(#1437,#1438,#1439,#1440));
#234=EDGE_LOOP('',(#1441,#1442,#1443,#1444));
#235=EDGE_LOOP('',(#1445,#1446,#1447,#1448));
#236=EDGE_LOOP('',(#1449,#1450,#1451,#1452));
#237=EDGE_LOOP('',(#1453,#1454,#1455,#1456));
#238=EDGE_LOOP('',(#1457,#1458,#1459,#1460));
#239=EDGE_LOOP('',(#1461,#1462,#1463,#1464));
#240=EDGE_LOOP('',(#1465,#1466,#1467,#1468));
#241=EDGE_LOOP('',(#1469,#1470,#1471,#1472));
#242=EDGE_LOOP('',(#1473,#1474,#1475,#1476));
#243=EDGE_LOOP('',(#1477,#1478,#1479,#1480));
#244=EDGE_LOOP('',(#1481,#1482,#1483,#1484));
#245=EDGE_LOOP('',(#1485,#1486,#1487,#1488));
#246=EDGE_LOOP('',(#1489,#1490,#1491,#1492));
#247=EDGE_LOOP('',(#1493,#1494,#1495,#1496));
#248=EDGE_LOOP('',(#1497,#1498,#1499,#1500));
#249=EDGE_LOOP('',(#1501,#1502,#1503,#1504));
#250=EDGE_LOOP('',(#1505,#1506,#1507,#1508));
#251=EDGE_LOOP('',(#1509,#1510,#1511,#1512));
#252=EDGE_LOOP('',(#1513,#1514,#1515,#1516));
#253=EDGE_LOOP('',(#1517,#1518,#1519,#1520));
#254=EDGE_LOOP('',(#1521,#1522,#1523,#1524));
#255=EDGE_LOOP('',(#1525,#1526,#1527,#1528));
#256=EDGE_LOOP('',(#1529,#1530,#1531,#1532));
#257=EDGE_LOOP('',(#1533,#1534,#1535,#1536));
#258=EDGE_LOOP('',(#1537,#1538,#1539,#1540));
#259=EDGE_LOOP('',(#1541,#1542,#1543,#1544));
#260=EDGE_LOOP('',(#1545,#1546,#1547,#1548));
#261=EDGE_LOOP('',(#1549,#1550,#1551,#1552));
#262=EDGE_LOOP('',(#1553,#1554,#1555,#1556));
#263=EDGE_LOOP('',(#1557,#1558,#1559,#1560));
#264=EDGE_LOOP('',(#1561,#1562,#1563,#1564));
#265=EDGE_LOOP('',(#1565,#1566,#1567,#1568));
#266=EDGE_LOOP('',(#1569,#1570,#1571,#1572));
#267=EDGE_LOOP('',(#1573,#1574,#1575,#1576));
#268=EDGE_LOOP('',(#1577,#1578,#1579,#1580));
#269=EDGE_LOOP('',(#1581,#1582,#1583,#1584));
#270=EDGE_LOOP('',(#1585,#1586,#1587,#1588));
#271=EDGE_LOOP('',(#1589,#1590,#1591,#1592));
#272=EDGE_LOOP('',(#1593,#1594,#1595,#1596));
#273=EDGE_LOOP('',(#1597,#1598,#1599,#1600));
#274=EDGE_LOOP('',(#1601,#1602,#1603,#1604));
#275=EDGE_LOOP('',(#1605,#1606,#1607,#1608));
#276=EDGE_LOOP('',(#1609,#1610,#1611,#1612));
#277=EDGE_LOOP('',(#1613,#1614,#1615,#1616));
#278=EDGE_LOOP('',(#1617,#1618,#1619,#1620));
#279=EDGE_LOOP('',(#1621,#1622,#1623,#1624));
#280=EDGE_LOOP('',(#1625,#1626,#1627,#1628));
#281=EDGE_LOOP('',(#1629,#1630,#1631,#1632));
#282=EDGE_LOOP('',(#1633,#1634,#1635,#1636));
#283=EDGE_LOOP('',(#1637,#1638,#1639,#1640));
#284=EDGE_LOOP('',(#1641,#1642,#1643,#1644));
#285=EDGE_LOOP('',(#1645,#1646,#1647,#1648));
#286=EDGE_LOOP('',(#1649,#1650,#1651,#1652));
#287=EDGE_LOOP('',(#1653,#1654,#1655,#1656));
#288=EDGE_LOOP('',(#1657,#1658,#1659,#1660));
#289=EDGE_LOOP('',(#1661,#1662,#1663,#1664));
#290=EDGE_LOOP('',(#1665,#1666,#1667,#1668));
#291=EDGE_LOOP('',(#1669,#1670,#1671,#1672));
#292=EDGE_LOOP('',(#1673,#1674,#1675,#1676));
#293=EDGE_LOOP('',(#1677,#1678,#1679,#1680));
#294=EDGE_LOOP('',(#1681,#1682,#1683,#1684));
#295=EDGE_LOOP('',(#1685,#1686,#1687,#1688));
#296=EDGE_LOOP('',(#1689,#1690,#1691,#1692));
#297=EDGE_LOOP('',(#1693,#1694,#1695,#1696));
#298=EDGE_LOOP('',(#1697,#1698,#1699,#1700));
#299=EDGE_LOOP('',(#1701,#1702,#1703,#1704));
#300=EDGE_LOOP('',(#1705,#1706,#1707,#1708));
#301=EDGE_LOOP('',(#1709,#1710,#1711,#1712,#1713,#1714,#1715,#1716));
#302=EDGE_LOOP('',(#1717,#1718,#1719,#1720));
#303=EDGE_LOOP('',(#1721,#1722,#1723,#1724));
#304=EDGE_LOOP('',(#1725,#1726,#1727,#1728,#1729,#1730,#1731,#1732));
#305=EDGE_LOOP('',(#1733,#1734,#1735,#1736,#1737,#1738,#1739,#1740));
#306=EDGE_LOOP('',(#1741,#1742,#1743,#1744,#1745,#1746,#1747,#1748));
#307=EDGE_LOOP('',(#1749,#1750,#1751,#1752,#1753,#1754,#1755,#1756));
#308=EDGE_LOOP('',(#1757,#1758,#1759,#1760,#1761,#1762,#1763,#1764));
#309=EDGE_LOOP('',(#1765,#1766,#1767,#1768,#1769,#1770,#1771,#1772));
#310=EDGE_LOOP('',(#1773,#1774,#1775,#1776,#1777,#1778,#1779,#1780));
#311=EDGE_LOOP('',(#1781,#1782,#1783,#1784,#1785,#1786,#1787,#1788));
#312=EDGE_LOOP('',(#1789,#1790,#1791,#1792,#1793,#1794,#1795,#1796));
#313=EDGE_LOOP('',(#1797));
#314=EDGE_LOOP('',(#1798));
#315=EDGE_LOOP('',(#1799));
#316=EDGE_LOOP('',(#1800));
#317=LINE('',#2674,#513);
#318=LINE('',#2680,#514);
#319=LINE('',#2686,#515);
#320=LINE('',#2692,#516);
#321=LINE('',#2697,#517);
#322=LINE('',#2699,#518);
#323=LINE('',#2701,#519);
#324=LINE('',#2702,#520);
#325=LINE('',#2705,#521);
#326=LINE('',#2707,#522);
#327=LINE('',#2708,#523);
#328=LINE('',#2711,#524);
#329=LINE('',#2713,#525);
#330=LINE('',#2714,#526);
#331=LINE('',#2716,#527);
#332=LINE('',#2717,#528);
#333=LINE('',#2721,#529);
#334=LINE('',#2723,#530);
#335=LINE('',#2725,#531);
#336=LINE('',#2726,#532);
#337=LINE('',#2729,#533);
#338=LINE('',#2731,#534);
#339=LINE('',#2732,#535);
#340=LINE('',#2735,#536);
#341=LINE('',#2737,#537);
#342=LINE('',#2738,#538);
#343=LINE('',#2741,#539);
#344=LINE('',#2743,#540);
#345=LINE('',#2745,#541);
#346=LINE('',#2747,#542);
#347=LINE('',#2748,#543);
#348=LINE('',#2751,#544);
#349=LINE('',#2753,#545);
#350=LINE('',#2755,#546);
#351=LINE('',#2756,#547);
#352=LINE('',#2759,#548);
#353=LINE('',#2763,#549);
#354=LINE('',#2767,#550);
#355=LINE('',#2771,#551);
#356=LINE('',#2775,#552);
#357=LINE('',#2779,#553);
#358=LINE('',#2783,#554);
#359=LINE('',#2787,#555);
#360=LINE('',#2791,#556);
#361=LINE('',#2795,#557);
#362=LINE('',#2799,#558);
#363=LINE('',#2803,#559);
#364=LINE('',#2807,#560);
#365=LINE('',#2811,#561);
#366=LINE('',#2815,#562);
#367=LINE('',#2819,#563);
#368=LINE('',#2823,#564);
#369=LINE('',#2827,#565);
#370=LINE('',#2831,#566);
#371=LINE('',#2835,#567);
#372=LINE('',#2839,#568);
#373=LINE('',#2843,#569);
#374=LINE('',#2847,#570);
#375=LINE('',#2851,#571);
#376=LINE('',#2855,#572);
#377=LINE('',#2859,#573);
#378=LINE('',#2863,#574);
#379=LINE('',#2867,#575);
#380=LINE('',#2871,#576);
#381=LINE('',#2875,#577);
#382=LINE('',#2879,#578);
#383=LINE('',#2883,#579);
#384=LINE('',#2887,#580);
#385=LINE('',#2891,#581);
#386=LINE('',#2895,#582);
#387=LINE('',#2899,#583);
#388=LINE('',#2903,#584);
#389=LINE('',#2904,#585);
#390=LINE('',#2907,#586);
#391=LINE('',#2909,#587);
#392=LINE('',#2910,#588);
#393=LINE('',#2913,#589);
#394=LINE('',#2914,#590);
#395=LINE('',#2917,#591);
#396=LINE('',#2918,#592);
#397=LINE('',#2920,#593);
#398=LINE('',#2924,#594);
#399=LINE('',#2925,#595);
#400=LINE('',#2926,#596);
#401=LINE('',#2930,#597);
#402=LINE('',#2933,#598);
#403=LINE('',#2934,#599);
#404=LINE('',#2938,#600);
#405=LINE('',#2941,#601);
#406=LINE('',#2942,#602);
#407=LINE('',#2946,#603);
#408=LINE('',#2949,#604);
#409=LINE('',#2950,#605);
#410=LINE('',#2956,#606);
#411=LINE('',#2957,#607);
#412=LINE('',#2958,#608);
#413=LINE('',#2962,#609);
#414=LINE('',#2965,#610);
#415=LINE('',#2966,#611);
#416=LINE('',#2970,#612);
#417=LINE('',#2973,#613);
#418=LINE('',#2974,#614);
#419=LINE('',#2978,#615);
#420=LINE('',#2981,#616);
#421=LINE('',#2982,#617);
#422=LINE('',#2988,#618);
#423=LINE('',#2989,#619);
#424=LINE('',#2990,#620);
#425=LINE('',#2994,#621);
#426=LINE('',#2997,#622);
#427=LINE('',#2998,#623);
#428=LINE('',#3002,#624);
#429=LINE('',#3005,#625);
#430=LINE('',#3006,#626);
#431=LINE('',#3010,#627);
#432=LINE('',#3013,#628);
#433=LINE('',#3014,#629);
#434=LINE('',#3020,#630);
#435=LINE('',#3021,#631);
#436=LINE('',#3022,#632);
#437=LINE('',#3026,#633);
#438=LINE('',#3029,#634);
#439=LINE('',#3030,#635);
#440=LINE('',#3034,#636);
#441=LINE('',#3037,#637);
#442=LINE('',#3038,#638);
#443=LINE('',#3042,#639);
#444=LINE('',#3045,#640);
#445=LINE('',#3046,#641);
#446=LINE('',#3052,#642);
#447=LINE('',#3053,#643);
#448=LINE('',#3054,#644);
#449=LINE('',#3058,#645);
#450=LINE('',#3061,#646);
#451=LINE('',#3062,#647);
#452=LINE('',#3066,#648);
#453=LINE('',#3069,#649);
#454=LINE('',#3070,#650);
#455=LINE('',#3074,#651);
#456=LINE('',#3077,#652);
#457=LINE('',#3078,#653);
#458=LINE('',#3084,#654);
#459=LINE('',#3085,#655);
#460=LINE('',#3086,#656);
#461=LINE('',#3090,#657);
#462=LINE('',#3093,#658);
#463=LINE('',#3094,#659);
#464=LINE('',#3098,#660);
#465=LINE('',#3101,#661);
#466=LINE('',#3102,#662);
#467=LINE('',#3106,#663);
#468=LINE('',#3109,#664);
#469=LINE('',#3110,#665);
#470=LINE('',#3116,#666);
#471=LINE('',#3117,#667);
#472=LINE('',#3118,#668);
#473=LINE('',#3122,#669);
#474=LINE('',#3125,#670);
#475=LINE('',#3126,#671);
#476=LINE('',#3130,#672);
#477=LINE('',#3133,#673);
#478=LINE('',#3134,#674);
#479=LINE('',#3138,#675);
#480=LINE('',#3141,#676);
#481=LINE('',#3142,#677);
#482=LINE('',#3148,#678);
#483=LINE('',#3149,#679);
#484=LINE('',#3150,#680);
#485=LINE('',#3154,#681);
#486=LINE('',#3157,#682);
#487=LINE('',#3158,#683);
#488=LINE('',#3162,#684);
#489=LINE('',#3165,#685);
#490=LINE('',#3166,#686);
#491=LINE('',#3170,#687);
#492=LINE('',#3173,#688);
#493=LINE('',#3174,#689);
#494=LINE('',#3180,#690);
#495=LINE('',#3181,#691);
#496=LINE('',#3182,#692);
#497=LINE('',#3186,#693);
#498=LINE('',#3189,#694);
#499=LINE('',#3190,#695);
#500=LINE('',#3194,#696);
#501=LINE('',#3197,#697);
#502=LINE('',#3198,#698);
#503=LINE('',#3202,#699);
#504=LINE('',#3205,#700);
#505=LINE('',#3206,#701);
#506=LINE('',#3211,#702);
#507=LINE('',#3213,#703);
#508=LINE('',#3214,#704);
#509=LINE('',#3216,#705);
#510=LINE('',#3219,#706);
#511=LINE('',#3220,#707);
#512=LINE('',#3222,#708);
#513=VECTOR('',#2129,2.5);
#514=VECTOR('',#2136,2.5);
#515=VECTOR('',#2143,2.5);
#516=VECTOR('',#2150,2.5);
#517=VECTOR('',#2155,10.);
#518=VECTOR('',#2156,10.);
#519=VECTOR('',#2157,10.);
#520=VECTOR('',#2158,10.);
#521=VECTOR('',#2161,10.);
#522=VECTOR('',#2162,10.);
#523=VECTOR('',#2163,10.);
#524=VECTOR('',#2166,10.);
#525=VECTOR('',#2167,10.);
#526=VECTOR('',#2168,10.);
#527=VECTOR('',#2171,10.);
#528=VECTOR('',#2172,10.);
#529=VECTOR('',#2175,10.);
#530=VECTOR('',#2176,10.);
#531=VECTOR('',#2177,10.);
#532=VECTOR('',#2178,10.);
#533=VECTOR('',#2181,10.);
#534=VECTOR('',#2182,10.);
#535=VECTOR('',#2183,10.);
#536=VECTOR('',#2186,10.);
#537=VECTOR('',#2187,10.);
#538=VECTOR('',#2188,10.);
#539=VECTOR('',#2191,10.);
#540=VECTOR('',#2192,10.);
#541=VECTOR('',#2193,10.);
#542=VECTOR('',#2194,10.);
#543=VECTOR('',#2195,10.);
#544=VECTOR('',#2196,10.);
#545=VECTOR('',#2197,10.);
#546=VECTOR('',#2198,10.);
#547=VECTOR('',#2199,10.);
#548=VECTOR('',#2200,10.);
#549=VECTOR('',#2203,10.);
#550=VECTOR('',#2206,10.);
#551=VECTOR('',#2209,10.);
#552=VECTOR('',#2212,10.);
#553=VECTOR('',#2215,10.);
#554=VECTOR('',#2218,10.);
#555=VECTOR('',#2221,10.);
#556=VECTOR('',#2224,10.);
#557=VECTOR('',#2227,10.);
#558=VECTOR('',#2230,10.);
#559=VECTOR('',#2233,10.);
#560=VECTOR('',#2236,10.);
#561=VECTOR('',#2239,10.);
#562=VECTOR('',#2242,10.);
#563=VECTOR('',#2245,10.);
#564=VECTOR('',#2248,10.);
#565=VECTOR('',#2251,10.);
#566=VECTOR('',#2254,10.);
#567=VECTOR('',#2257,10.);
#568=VECTOR('',#2260,10.);
#569=VECTOR('',#2263,10.);
#570=VECTOR('',#2266,10.);
#571=VECTOR('',#2269,10.);
#572=VECTOR('',#2272,10.);
#573=VECTOR('',#2275,10.);
#574=VECTOR('',#2278,10.);
#575=VECTOR('',#2281,10.);
#576=VECTOR('',#2284,10.);
#577=VECTOR('',#2287,10.);
#578=VECTOR('',#2290,10.);
#579=VECTOR('',#2293,10.);
#580=VECTOR('',#2296,10.);
#581=VECTOR('',#2299,10.);
#582=VECTOR('',#2302,10.);
#583=VECTOR('',#2305,10.);
#584=VECTOR('',#2310,10.);
#585=VECTOR('',#2311,10.);
#586=VECTOR('',#2314,10.);
#587=VECTOR('',#2315,10.);
#588=VECTOR('',#2316,10.);
#589=VECTOR('',#2319,10.);
#590=VECTOR('',#2320,10.);
#591=VECTOR('',#2323,10.);
#592=VECTOR('',#2324,10.);
#593=VECTOR('',#2327,10.);
#594=VECTOR('',#2330,10.);
#595=VECTOR('',#2331,10.);
#596=VECTOR('',#2332,10.);
#597=VECTOR('',#2337,10.);
#598=VECTOR('',#2340,10.);
#599=VECTOR('',#2341,10.);
#600=VECTOR('',#2346,10.);
#601=VECTOR('',#2349,10.);
#602=VECTOR('',#2350,10.);
#603=VECTOR('',#2355,10.);
#604=VECTOR('',#2358,10.);
#605=VECTOR('',#2359,10.);
#606=VECTOR('',#2366,10.);
#607=VECTOR('',#2367,10.);
#608=VECTOR('',#2368,10.);
#609=VECTOR('',#2373,10.);
#610=VECTOR('',#2376,10.);
#611=VECTOR('',#2377,10.);
#612=VECTOR('',#2382,10.);
#613=VECTOR('',#2385,10.);
#614=VECTOR('',#2386,10.);
#615=VECTOR('',#2391,10.);
#616=VECTOR('',#2394,10.);
#617=VECTOR('',#2395,10.);
#618=VECTOR('',#2402,10.);
#619=VECTOR('',#2403,10.);
#620=VECTOR('',#2404,10.);
#621=VECTOR('',#2409,10.);
#622=VECTOR('',#2412,10.);
#623=VECTOR('',#2413,10.);
#624=VECTOR('',#2418,10.);
#625=VECTOR('',#2421,10.);
#626=VECTOR('',#2422,10.);
#627=VECTOR('',#2427,10.);
#628=VECTOR('',#2430,10.);
#629=VECTOR('',#2431,10.);
#630=VECTOR('',#2438,10.);
#631=VECTOR('',#2439,10.);
#632=VECTOR('',#2440,10.);
#633=VECTOR('',#2445,10.);
#634=VECTOR('',#2448,10.);
#635=VECTOR('',#2449,10.);
#636=VECTOR('',#2454,10.);
#637=VECTOR('',#2457,10.);
#638=VECTOR('',#2458,10.);
#639=VECTOR('',#2463,10.);
#640=VECTOR('',#2466,10.);
#641=VECTOR('',#2467,10.);
#642=VECTOR('',#2474,10.);
#643=VECTOR('',#2475,10.);
#644=VECTOR('',#2476,10.);
#645=VECTOR('',#2481,10.);
#646=VECTOR('',#2484,10.);
#647=VECTOR('',#2485,10.);
#648=VECTOR('',#2490,10.);
#649=VECTOR('',#2493,10.);
#650=VECTOR('',#2494,10.);
#651=VECTOR('',#2499,10.);
#652=VECTOR('',#2502,10.);
#653=VECTOR('',#2503,10.);
#654=VECTOR('',#2510,10.);
#655=VECTOR('',#2511,10.);
#656=VECTOR('',#2512,10.);
#657=VECTOR('',#2517,10.);
#658=VECTOR('',#2520,10.);
#659=VECTOR('',#2521,10.);
#660=VECTOR('',#2526,10.);
#661=VECTOR('',#2529,10.);
#662=VECTOR('',#2530,10.);
#663=VECTOR('',#2535,10.);
#664=VECTOR('',#2538,10.);
#665=VECTOR('',#2539,10.);
#666=VECTOR('',#2546,10.);
#667=VECTOR('',#2547,10.);
#668=VECTOR('',#2548,10.);
#669=VECTOR('',#2553,10.);
#670=VECTOR('',#2556,10.);
#671=VECTOR('',#2557,10.);
#672=VECTOR('',#2562,10.);
#673=VECTOR('',#2565,10.);
#674=VECTOR('',#2566,10.);
#675=VECTOR('',#2571,10.);
#676=VECTOR('',#2574,10.);
#677=VECTOR('',#2575,10.);
#678=VECTOR('',#2582,10.);
#679=VECTOR('',#2583,10.);
#680=VECTOR('',#2584,10.);
#681=VECTOR('',#2589,10.);
#682=VECTOR('',#2592,10.);
#683=VECTOR('',#2593,10.);
#684=VECTOR('',#2598,10.);
#685=VECTOR('',#2601,10.);
#686=VECTOR('',#2602,10.);
#687=VECTOR('',#2607,10.);
#688=VECTOR('',#2610,10.);
#689=VECTOR('',#2611,10.);
#690=VECTOR('',#2618,10.);
#691=VECTOR('',#2619,10.);
#692=VECTOR('',#2620,10.);
#693=VECTOR('',#2625,10.);
#694=VECTOR('',#2628,10.);
#695=VECTOR('',#2629,10.);
#696=VECTOR('',#2634,10.);
#697=VECTOR('',#2637,10.);
#698=VECTOR('',#2638,10.);
#699=VECTOR('',#2643,10.);
#700=VECTOR('',#2646,10.);
#701=VECTOR('',#2647,10.);
#702=VECTOR('',#2654,10.);
#703=VECTOR('',#2655,10.);
#704=VECTOR('',#2656,10.);
#705=VECTOR('',#2659,10.);
#706=VECTOR('',#2662,10.);
#707=VECTOR('',#2663,10.);
#708=VECTOR('',#2666,10.);
#709=CIRCLE('',#1950,2.5);
#710=CIRCLE('',#1951,2.5);
#711=CIRCLE('',#1953,2.5);
#712=CIRCLE('',#1954,2.5);
#713=CIRCLE('',#1956,2.5);
#714=CIRCLE('',#1957,2.5);
#715=CIRCLE('',#1959,2.5);
#716=CIRCLE('',#1960,2.5);
#717=CIRCLE('',#1969,0.5);
#718=CIRCLE('',#1970,0.5);
#719=CIRCLE('',#1971,0.499999999999998);
#720=CIRCLE('',#1972,0.499999999999998);
#721=CIRCLE('',#1973,0.499999999999998);
#722=CIRCLE('',#1974,0.499999999999998);
#723=CIRCLE('',#1975,0.500000000000003);
#724=CIRCLE('',#1976,0.500000000000003);
#725=CIRCLE('',#1977,0.499999999999998);
#726=CIRCLE('',#1978,0.499999999999998);
#727=CIRCLE('',#1979,0.499999999999998);
#728=CIRCLE('',#1980,0.499999999999998);
#729=CIRCLE('',#1981,0.499999999999998);
#730=CIRCLE('',#1982,0.5);
#731=CIRCLE('',#1983,0.500000000000003);
#732=CIRCLE('',#1984,0.499999999999998);
#733=CIRCLE('',#1985,0.5);
#734=CIRCLE('',#1986,0.499999999999998);
#735=CIRCLE('',#1987,0.499999999999998);
#736=CIRCLE('',#1988,0.500000000000003);
#737=CIRCLE('',#1989,0.499999999999998);
#738=CIRCLE('',#1990,0.499999999999998);
#739=CIRCLE('',#1991,0.500000000000003);
#740=CIRCLE('',#1992,0.499999999999998);
#741=CIRCLE('',#1993,0.499999999999998);
#742=CIRCLE('',#1994,0.499999999999998);
#743=CIRCLE('',#1995,0.499999999999998);
#744=CIRCLE('',#1996,0.500000000000003);
#745=CIRCLE('',#1997,0.499999999999998);
#746=CIRCLE('',#1998,0.5);
#747=CIRCLE('',#1999,0.499999999999998);
#748=CIRCLE('',#2000,0.499999999999998);
#749=CIRCLE('',#2001,0.5);
#750=CIRCLE('',#2002,0.499999999999998);
#751=CIRCLE('',#2003,0.499999999999998);
#752=CIRCLE('',#2004,0.499999999999998);
#753=CIRCLE('',#2012,0.499999999999998);
#754=CIRCLE('',#2015,0.5);
#755=CIRCLE('',#2018,0.499999999999998);
#756=CIRCLE('',#2021,0.499999999999998);
#757=CIRCLE('',#2024,0.5);
#758=CIRCLE('',#2027,0.499999999999998);
#759=CIRCLE('',#2030,0.499999999999998);
#760=CIRCLE('',#2033,0.499999999999998);
#761=CIRCLE('',#2036,0.499999999999998);
#762=CIRCLE('',#2039,0.499999999999998);
#763=CIRCLE('',#2042,0.500000000000003);
#764=CIRCLE('',#2045,0.499999999999998);
#765=CIRCLE('',#2048,0.499999999999998);
#766=CIRCLE('',#2051,0.499999999999998);
#767=CIRCLE('',#2054,0.499999999999998);
#768=CIRCLE('',#2057,0.500000000000003);
#769=CIRCLE('',#2060,0.499999999999998);
#770=CIRCLE('',#2063,0.5);
#771=CIRCLE('',#2066,0.500000000000003);
#772=CIRCLE('',#2069,0.499999999999998);
#773=CIRCLE('',#2072,0.5);
#774=CIRCLE('',#2075,0.499999999999998);
#775=CIRCLE('',#2078,0.499999999999998);
#776=CIRCLE('',#2081,0.500000000000003);
#777=CIRCLE('',#2084,0.499999999999998);
#778=CIRCLE('',#2087,0.499999999999998);
#779=CIRCLE('',#2090,0.499999999999998);
#780=CIRCLE('',#2093,0.499999999999998);
#781=CIRCLE('',#2096,0.499999999999998);
#782=CIRCLE('',#2099,0.499999999999998);
#783=CIRCLE('',#2102,0.500000000000003);
#784=CIRCLE('',#2105,0.500000000000003);
#785=CIRCLE('',#2108,0.5);
#786=CIRCLE('',#2111,0.5);
#787=CIRCLE('',#2114,0.499999999999998);
#788=CIRCLE('',#2117,0.499999999999998);
#789=VERTEX_POINT('',#2671);
#790=VERTEX_POINT('',#2673);
#791=VERTEX_POINT('',#2677);
#792=VERTEX_POINT('',#2679);
#793=VERTEX_POINT('',#2683);
#794=VERTEX_POINT('',#2685);
#795=VERTEX_POINT('',#2689);
#796=VERTEX_POINT('',#2691);
#797=VERTEX_POINT('',#2695);
#798=VERTEX_POINT('',#2696);
#799=VERTEX_POINT('',#2698);
#800=VERTEX_POINT('',#2700);
#801=VERTEX_POINT('',#2704);
#802=VERTEX_POINT('',#2706);
#803=VERTEX_POINT('',#2710);
#804=VERTEX_POINT('',#2712);
#805=VERTEX_POINT('',#2719);
#806=VERTEX_POINT('',#2720);
#807=VERTEX_POINT('',#2722);
#808=VERTEX_POINT('',#2724);
#809=VERTEX_POINT('',#2728);
#810=VERTEX_POINT('',#2730);
#811=VERTEX_POINT('',#2734);
#812=VERTEX_POINT('',#2736);
#813=VERTEX_POINT('',#2740);
#814=VERTEX_POINT('',#2742);
#815=VERTEX_POINT('',#2744);
#816=VERTEX_POINT('',#2746);
#817=VERTEX_POINT('',#2749);
#818=VERTEX_POINT('',#2750);
#819=VERTEX_POINT('',#2752);
#820=VERTEX_POINT('',#2754);
#821=VERTEX_POINT('',#2757);
#822=VERTEX_POINT('',#2758);
#823=VERTEX_POINT('',#2760);
#824=VERTEX_POINT('',#2762);
#825=VERTEX_POINT('',#2764);
#826=VERTEX_POINT('',#2766);
#827=VERTEX_POINT('',#2768);
#828=VERTEX_POINT('',#2770);
#829=VERTEX_POINT('',#2773);
#830=VERTEX_POINT('',#2774);
#831=VERTEX_POINT('',#2776);
#832=VERTEX_POINT('',#2778);
#833=VERTEX_POINT('',#2780);
#834=VERTEX_POINT('',#2782);
#835=VERTEX_POINT('',#2784);
#836=VERTEX_POINT('',#2786);
#837=VERTEX_POINT('',#2789);
#838=VERTEX_POINT('',#2790);
#839=VERTEX_POINT('',#2792);
#840=VERTEX_POINT('',#2794);
#841=VERTEX_POINT('',#2796);
#842=VERTEX_POINT('',#2798);
#843=VERTEX_POINT('',#2800);
#844=VERTEX_POINT('',#2802);
#845=VERTEX_POINT('',#2805);
#846=VERTEX_POINT('',#2806);
#847=VERTEX_POINT('',#2808);
#848=VERTEX_POINT('',#2810);
#849=VERTEX_POINT('',#2812);
#850=VERTEX_POINT('',#2814);
#851=VERTEX_POINT('',#2816);
#852=VERTEX_POINT('',#2818);
#853=VERTEX_POINT('',#2821);
#854=VERTEX_POINT('',#2822);
#855=VERTEX_POINT('',#2824);
#856=VERTEX_POINT('',#2826);
#857=VERTEX_POINT('',#2828);
#858=VERTEX_POINT('',#2830);
#859=VERTEX_POINT('',#2832);
#860=VERTEX_POINT('',#2834);
#861=VERTEX_POINT('',#2837);
#862=VERTEX_POINT('',#2838);
#863=VERTEX_POINT('',#2840);
#864=VERTEX_POINT('',#2842);
#865=VERTEX_POINT('',#2844);
#866=VERTEX_POINT('',#2846);
#867=VERTEX_POINT('',#2848);
#868=VERTEX_POINT('',#2850);
#869=VERTEX_POINT('',#2853);
#870=VERTEX_POINT('',#2854);
#871=VERTEX_POINT('',#2856);
#872=VERTEX_POINT('',#2858);
#873=VERTEX_POINT('',#2860);
#874=VERTEX_POINT('',#2862);
#875=VERTEX_POINT('',#2864);
#876=VERTEX_POINT('',#2866);
#877=VERTEX_POINT('',#2869);
#878=VERTEX_POINT('',#2870);
#879=VERTEX_POINT('',#2872);
#880=VERTEX_POINT('',#2874);
#881=VERTEX_POINT('',#2876);
#882=VERTEX_POINT('',#2878);
#883=VERTEX_POINT('',#2880);
#884=VERTEX_POINT('',#2882);
#885=VERTEX_POINT('',#2885);
#886=VERTEX_POINT('',#2886);
#887=VERTEX_POINT('',#2888);
#888=VERTEX_POINT('',#2890);
#889=VERTEX_POINT('',#2892);
#890=VERTEX_POINT('',#2894);
#891=VERTEX_POINT('',#2896);
#892=VERTEX_POINT('',#2898);
#893=VERTEX_POINT('',#2902);
#894=VERTEX_POINT('',#2906);
#895=VERTEX_POINT('',#2908);
#896=VERTEX_POINT('',#2912);
#897=VERTEX_POINT('',#2916);
#898=VERTEX_POINT('',#2922);
#899=VERTEX_POINT('',#2923);
#900=VERTEX_POINT('',#2928);
#901=VERTEX_POINT('',#2932);
#902=VERTEX_POINT('',#2936);
#903=VERTEX_POINT('',#2940);
#904=VERTEX_POINT('',#2944);
#905=VERTEX_POINT('',#2948);
#906=VERTEX_POINT('',#2954);
#907=VERTEX_POINT('',#2955);
#908=VERTEX_POINT('',#2960);
#909=VERTEX_POINT('',#2964);
#910=VERTEX_POINT('',#2968);
#911=VERTEX_POINT('',#2972);
#912=VERTEX_POINT('',#2976);
#913=VERTEX_POINT('',#2980);
#914=VERTEX_POINT('',#2986);
#915=VERTEX_POINT('',#2987);
#916=VERTEX_POINT('',#2992);
#917=VERTEX_POINT('',#2996);
#918=VERTEX_POINT('',#3000);
#919=VERTEX_POINT('',#3004);
#920=VERTEX_POINT('',#3008);
#921=VERTEX_POINT('',#3012);
#922=VERTEX_POINT('',#3018);
#923=VERTEX_POINT('',#3019);
#924=VERTEX_POINT('',#3024);
#925=VERTEX_POINT('',#3028);
#926=VERTEX_POINT('',#3032);
#927=VERTEX_POINT('',#3036);
#928=VERTEX_POINT('',#3040);
#929=VERTEX_POINT('',#3044);
#930=VERTEX_POINT('',#3050);
#931=VERTEX_POINT('',#3051);
#932=VERTEX_POINT('',#3056);
#933=VERTEX_POINT('',#3060);
#934=VERTEX_POINT('',#3064);
#935=VERTEX_POINT('',#3068);
#936=VERTEX_POINT('',#3072);
#937=VERTEX_POINT('',#3076);
#938=VERTEX_POINT('',#3082);
#939=VERTEX_POINT('',#3083);
#940=VERTEX_POINT('',#3088);
#941=VERTEX_POINT('',#3092);
#942=VERTEX_POINT('',#3096);
#943=VERTEX_POINT('',#3100);
#944=VERTEX_POINT('',#3104);
#945=VERTEX_POINT('',#3108);
#946=VERTEX_POINT('',#3114);
#947=VERTEX_POINT('',#3115);
#948=VERTEX_POINT('',#3120);
#949=VERTEX_POINT('',#3124);
#950=VERTEX_POINT('',#3128);
#951=VERTEX_POINT('',#3132);
#952=VERTEX_POINT('',#3136);
#953=VERTEX_POINT('',#3140);
#954=VERTEX_POINT('',#3146);
#955=VERTEX_POINT('',#3147);
#956=VERTEX_POINT('',#3152);
#957=VERTEX_POINT('',#3156);
#958=VERTEX_POINT('',#3160);
#959=VERTEX_POINT('',#3164);
#960=VERTEX_POINT('',#3168);
#961=VERTEX_POINT('',#3172);
#962=VERTEX_POINT('',#3178);
#963=VERTEX_POINT('',#3179);
#964=VERTEX_POINT('',#3184);
#965=VERTEX_POINT('',#3188);
#966=VERTEX_POINT('',#3192);
#967=VERTEX_POINT('',#3196);
#968=VERTEX_POINT('',#3200);
#969=VERTEX_POINT('',#3204);
#970=VERTEX_POINT('',#3210);
#971=VERTEX_POINT('',#3212);
#972=VERTEX_POINT('',#3218);
#973=EDGE_CURVE('',#789,#789,#709,.T.);
#974=EDGE_CURVE('',#789,#790,#317,.T.);
#975=EDGE_CURVE('',#790,#790,#710,.T.);
#976=EDGE_CURVE('',#791,#791,#711,.T.);
#977=EDGE_CURVE('',#791,#792,#318,.T.);
#978=EDGE_CURVE('',#792,#792,#712,.T.);
#979=EDGE_CURVE('',#793,#793,#713,.T.);
#980=EDGE_CURVE('',#793,#794,#319,.T.);
#981=EDGE_CURVE('',#794,#794,#714,.T.);
#982=EDGE_CURVE('',#795,#795,#715,.T.);
#983=EDGE_CURVE('',#795,#796,#320,.T.);
#984=EDGE_CURVE('',#796,#796,#716,.T.);
#985=EDGE_CURVE('',#797,#798,#321,.T.);
#986=EDGE_CURVE('',#799,#797,#322,.T.);
#987=EDGE_CURVE('',#800,#799,#323,.T.);
#988=EDGE_CURVE('',#800,#798,#324,.T.);
#989=EDGE_CURVE('',#798,#801,#325,.T.);
#990=EDGE_CURVE('',#802,#800,#326,.T.);
#991=EDGE_CURVE('',#802,#801,#327,.T.);
#992=EDGE_CURVE('',#801,#803,#328,.T.);
#993=EDGE_CURVE('',#804,#802,#329,.T.);
#994=EDGE_CURVE('',#804,#803,#330,.T.);
#995=EDGE_CURVE('',#803,#797,#331,.T.);
#996=EDGE_CURVE('',#799,#804,#332,.T.);
#997=EDGE_CURVE('',#805,#806,#333,.T.);
#998=EDGE_CURVE('',#807,#805,#334,.T.);
#999=EDGE_CURVE('',#808,#807,#335,.T.);
#1000=EDGE_CURVE('',#808,#806,#336,.T.);
#1001=EDGE_CURVE('',#806,#809,#337,.T.);
#1002=EDGE_CURVE('',#810,#808,#338,.T.);
#1003=EDGE_CURVE('',#809,#810,#339,.T.);
#1004=EDGE_CURVE('',#811,#805,#340,.T.);
#1005=EDGE_CURVE('',#812,#811,#341,.T.);
#1006=EDGE_CURVE('',#807,#812,#342,.T.);
#1007=EDGE_CURVE('',#809,#813,#343,.T.);
#1008=EDGE_CURVE('',#813,#814,#344,.T.);
#1009=EDGE_CURVE('',#814,#815,#345,.T.);
#1010=EDGE_CURVE('',#815,#816,#346,.T.);
#1011=EDGE_CURVE('',#816,#811,#347,.T.);
#1012=EDGE_CURVE('',#817,#818,#348,.T.);
#1013=EDGE_CURVE('',#818,#819,#349,.T.);
#1014=EDGE_CURVE('',#819,#820,#350,.T.);
#1015=EDGE_CURVE('',#820,#817,#351,.T.);
#1016=EDGE_CURVE('',#821,#822,#352,.T.);
#1017=EDGE_CURVE('',#822,#823,#717,.T.);
#1018=EDGE_CURVE('',#823,#824,#353,.T.);
#1019=EDGE_CURVE('',#824,#825,#718,.T.);
#1020=EDGE_CURVE('',#825,#826,#354,.T.);
#1021=EDGE_CURVE('',#826,#827,#719,.T.);
#1022=EDGE_CURVE('',#827,#828,#355,.T.);
#1023=EDGE_CURVE('',#828,#821,#720,.T.);
#1024=EDGE_CURVE('',#829,#830,#356,.T.);
#1025=EDGE_CURVE('',#830,#831,#721,.T.);
#1026=EDGE_CURVE('',#831,#832,#357,.T.);
#1027=EDGE_CURVE('',#832,#833,#722,.T.);
#1028=EDGE_CURVE('',#833,#834,#358,.T.);
#1029=EDGE_CURVE('',#834,#835,#723,.T.);
#1030=EDGE_CURVE('',#835,#836,#359,.T.);
#1031=EDGE_CURVE('',#836,#829,#724,.T.);
#1032=EDGE_CURVE('',#837,#838,#360,.T.);
#1033=EDGE_CURVE('',#838,#839,#725,.T.);
#1034=EDGE_CURVE('',#839,#840,#361,.T.);
#1035=EDGE_CURVE('',#840,#841,#726,.T.);
#1036=EDGE_CURVE('',#841,#842,#362,.T.);
#1037=EDGE_CURVE('',#842,#843,#727,.T.);
#1038=EDGE_CURVE('',#843,#844,#363,.T.);
#1039=EDGE_CURVE('',#844,#837,#728,.T.);
#1040=EDGE_CURVE('',#845,#846,#364,.T.);
#1041=EDGE_CURVE('',#846,#847,#729,.T.);
#1042=EDGE_CURVE('',#847,#848,#365,.T.);
#1043=EDGE_CURVE('',#848,#849,#730,.T.);
#1044=EDGE_CURVE('',#849,#850,#366,.T.);
#1045=EDGE_CURVE('',#850,#851,#731,.T.);
#1046=EDGE_CURVE('',#851,#852,#367,.T.);
#1047=EDGE_CURVE('',#852,#845,#732,.T.);
#1048=EDGE_CURVE('',#853,#854,#368,.T.);
#1049=EDGE_CURVE('',#854,#855,#733,.T.);
#1050=EDGE_CURVE('',#855,#856,#369,.T.);
#1051=EDGE_CURVE('',#856,#857,#734,.T.);
#1052=EDGE_CURVE('',#857,#858,#370,.T.);
#1053=EDGE_CURVE('',#858,#859,#735,.T.);
#1054=EDGE_CURVE('',#859,#860,#371,.T.);
#1055=EDGE_CURVE('',#860,#853,#736,.T.);
#1056=EDGE_CURVE('',#861,#862,#372,.T.);
#1057=EDGE_CURVE('',#862,#863,#737,.T.);
#1058=EDGE_CURVE('',#863,#864,#373,.T.);
#1059=EDGE_CURVE('',#864,#865,#738,.T.);
#1060=EDGE_CURVE('',#865,#866,#374,.T.);
#1061=EDGE_CURVE('',#866,#867,#739,.T.);
#1062=EDGE_CURVE('',#867,#868,#375,.T.);
#1063=EDGE_CURVE('',#868,#861,#740,.T.);
#1064=EDGE_CURVE('',#869,#870,#376,.T.);
#1065=EDGE_CURVE('',#870,#871,#741,.T.);
#1066=EDGE_CURVE('',#871,#872,#377,.T.);
#1067=EDGE_CURVE('',#872,#873,#742,.T.);
#1068=EDGE_CURVE('',#873,#874,#378,.T.);
#1069=EDGE_CURVE('',#874,#875,#743,.T.);
#1070=EDGE_CURVE('',#875,#876,#379,.T.);
#1071=EDGE_CURVE('',#876,#869,#744,.T.);
#1072=EDGE_CURVE('',#877,#878,#380,.T.);
#1073=EDGE_CURVE('',#878,#879,#745,.T.);
#1074=EDGE_CURVE('',#879,#880,#381,.T.);
#1075=EDGE_CURVE('',#880,#881,#746,.T.);
#1076=EDGE_CURVE('',#881,#882,#382,.T.);
#1077=EDGE_CURVE('',#882,#883,#747,.T.);
#1078=EDGE_CURVE('',#883,#884,#383,.T.);
#1079=EDGE_CURVE('',#884,#877,#748,.T.);
#1080=EDGE_CURVE('',#885,#886,#384,.T.);
#1081=EDGE_CURVE('',#886,#887,#749,.T.);
#1082=EDGE_CURVE('',#887,#888,#385,.T.);
#1083=EDGE_CURVE('',#888,#889,#750,.T.);
#1084=EDGE_CURVE('',#889,#890,#386,.T.);
#1085=EDGE_CURVE('',#890,#891,#751,.T.);
#1086=EDGE_CURVE('',#891,#892,#387,.T.);
#1087=EDGE_CURVE('',#892,#885,#752,.T.);
#1088=EDGE_CURVE('',#893,#810,#388,.T.);
#1089=EDGE_CURVE('',#813,#893,#389,.T.);
#1090=EDGE_CURVE('',#894,#819,#390,.T.);
#1091=EDGE_CURVE('',#895,#894,#391,.T.);
#1092=EDGE_CURVE('',#895,#820,#392,.T.);
#1093=EDGE_CURVE('',#896,#895,#393,.T.);
#1094=EDGE_CURVE('',#896,#817,#394,.T.);
#1095=EDGE_CURVE('',#897,#896,#395,.T.);
#1096=EDGE_CURVE('',#897,#818,#396,.T.);
#1097=EDGE_CURVE('',#894,#897,#397,.T.);
#1098=EDGE_CURVE('',#898,#899,#398,.T.);
#1099=EDGE_CURVE('',#890,#898,#399,.T.);
#1100=EDGE_CURVE('',#889,#899,#400,.T.);
#1101=EDGE_CURVE('',#899,#900,#753,.T.);
#1102=EDGE_CURVE('',#888,#900,#401,.T.);
#1103=EDGE_CURVE('',#900,#901,#402,.T.);
#1104=EDGE_CURVE('',#887,#901,#403,.T.);
#1105=EDGE_CURVE('',#901,#902,#754,.T.);
#1106=EDGE_CURVE('',#886,#902,#404,.T.);
#1107=EDGE_CURVE('',#902,#903,#405,.T.);
#1108=EDGE_CURVE('',#885,#903,#406,.T.);
#1109=EDGE_CURVE('',#903,#904,#755,.T.);
#1110=EDGE_CURVE('',#892,#904,#407,.T.);
#1111=EDGE_CURVE('',#904,#905,#408,.T.);
#1112=EDGE_CURVE('',#891,#905,#409,.T.);
#1113=EDGE_CURVE('',#905,#898,#756,.T.);
#1114=EDGE_CURVE('',#906,#907,#410,.T.);
#1115=EDGE_CURVE('',#882,#906,#411,.T.);
#1116=EDGE_CURVE('',#881,#907,#412,.T.);
#1117=EDGE_CURVE('',#907,#908,#757,.T.);
#1118=EDGE_CURVE('',#880,#908,#413,.T.);
#1119=EDGE_CURVE('',#908,#909,#414,.T.);
#1120=EDGE_CURVE('',#879,#909,#415,.T.);
#1121=EDGE_CURVE('',#909,#910,#758,.T.);
#1122=EDGE_CURVE('',#878,#910,#416,.T.);
#1123=EDGE_CURVE('',#910,#911,#417,.T.);
#1124=EDGE_CURVE('',#877,#911,#418,.T.);
#1125=EDGE_CURVE('',#911,#912,#759,.T.);
#1126=EDGE_CURVE('',#884,#912,#419,.T.);
#1127=EDGE_CURVE('',#912,#913,#420,.T.);
#1128=EDGE_CURVE('',#883,#913,#421,.T.);
#1129=EDGE_CURVE('',#913,#906,#760,.T.);
#1130=EDGE_CURVE('',#914,#915,#422,.T.);
#1131=EDGE_CURVE('',#874,#914,#423,.T.);
#1132=EDGE_CURVE('',#873,#915,#424,.T.);
#1133=EDGE_CURVE('',#915,#916,#761,.T.);
#1134=EDGE_CURVE('',#872,#916,#425,.T.);
#1135=EDGE_CURVE('',#916,#917,#426,.T.);
#1136=EDGE_CURVE('',#871,#917,#427,.T.);
#1137=EDGE_CURVE('',#917,#918,#762,.T.);
#1138=EDGE_CURVE('',#870,#918,#428,.T.);
#1139=EDGE_CURVE('',#918,#919,#429,.T.);
#1140=EDGE_CURVE('',#869,#919,#430,.T.);
#1141=EDGE_CURVE('',#919,#920,#763,.T.);
#1142=EDGE_CURVE('',#876,#920,#431,.T.);
#1143=EDGE_CURVE('',#920,#921,#432,.T.);
#1144=EDGE_CURVE('',#875,#921,#433,.T.);
#1145=EDGE_CURVE('',#921,#914,#764,.T.);
#1146=EDGE_CURVE('',#922,#923,#434,.T.);
#1147=EDGE_CURVE('',#866,#922,#435,.T.);
#1148=EDGE_CURVE('',#865,#923,#436,.T.);
#1149=EDGE_CURVE('',#923,#924,#765,.T.);
#1150=EDGE_CURVE('',#864,#924,#437,.T.);
#1151=EDGE_CURVE('',#924,#925,#438,.T.);
#1152=EDGE_CURVE('',#863,#925,#439,.T.);
#1153=EDGE_CURVE('',#925,#926,#766,.T.);
#1154=EDGE_CURVE('',#862,#926,#440,.T.);
#1155=EDGE_CURVE('',#926,#927,#441,.T.);
#1156=EDGE_CURVE('',#861,#927,#442,.T.);
#1157=EDGE_CURVE('',#927,#928,#767,.T.);
#1158=EDGE_CURVE('',#868,#928,#443,.T.);
#1159=EDGE_CURVE('',#928,#929,#444,.T.);
#1160=EDGE_CURVE('',#867,#929,#445,.T.);
#1161=EDGE_CURVE('',#929,#922,#768,.T.);
#1162=EDGE_CURVE('',#930,#931,#446,.T.);
#1163=EDGE_CURVE('',#858,#930,#447,.T.);
#1164=EDGE_CURVE('',#857,#931,#448,.T.);
#1165=EDGE_CURVE('',#931,#932,#769,.T.);
#1166=EDGE_CURVE('',#856,#932,#449,.T.);
#1167=EDGE_CURVE('',#932,#933,#450,.T.);
#1168=EDGE_CURVE('',#855,#933,#451,.T.);
#1169=EDGE_CURVE('',#933,#934,#770,.T.);
#1170=EDGE_CURVE('',#854,#934,#452,.T.);
#1171=EDGE_CURVE('',#934,#935,#453,.T.);
#1172=EDGE_CURVE('',#853,#935,#454,.T.);
#1173=EDGE_CURVE('',#935,#936,#771,.T.);
#1174=EDGE_CURVE('',#860,#936,#455,.T.);
#1175=EDGE_CURVE('',#936,#937,#456,.T.);
#1176=EDGE_CURVE('',#859,#937,#457,.T.);
#1177=EDGE_CURVE('',#937,#930,#772,.T.);
#1178=EDGE_CURVE('',#938,#939,#458,.T.);
#1179=EDGE_CURVE('',#850,#938,#459,.T.);
#1180=EDGE_CURVE('',#849,#939,#460,.T.);
#1181=EDGE_CURVE('',#939,#940,#773,.T.);
#1182=EDGE_CURVE('',#848,#940,#461,.T.);
#1183=EDGE_CURVE('',#940,#941,#462,.T.);
#1184=EDGE_CURVE('',#847,#941,#463,.T.);
#1185=EDGE_CURVE('',#941,#942,#774,.T.);
#1186=EDGE_CURVE('',#846,#942,#464,.T.);
#1187=EDGE_CURVE('',#942,#943,#465,.T.);
#1188=EDGE_CURVE('',#845,#943,#466,.T.);
#1189=EDGE_CURVE('',#943,#944,#775,.T.);
#1190=EDGE_CURVE('',#852,#944,#467,.T.);
#1191=EDGE_CURVE('',#944,#945,#468,.T.);
#1192=EDGE_CURVE('',#851,#945,#469,.T.);
#1193=EDGE_CURVE('',#945,#938,#776,.T.);
#1194=EDGE_CURVE('',#946,#947,#470,.T.);
#1195=EDGE_CURVE('',#842,#946,#471,.T.);
#1196=EDGE_CURVE('',#841,#947,#472,.T.);
#1197=EDGE_CURVE('',#947,#948,#777,.T.);
#1198=EDGE_CURVE('',#840,#948,#473,.T.);
#1199=EDGE_CURVE('',#948,#949,#474,.T.);
#1200=EDGE_CURVE('',#839,#949,#475,.T.);
#1201=EDGE_CURVE('',#949,#950,#778,.T.);
#1202=EDGE_CURVE('',#838,#950,#476,.T.);
#1203=EDGE_CURVE('',#950,#951,#477,.T.);
#1204=EDGE_CURVE('',#837,#951,#478,.T.);
#1205=EDGE_CURVE('',#951,#952,#779,.T.);
#1206=EDGE_CURVE('',#844,#952,#479,.T.);
#1207=EDGE_CURVE('',#952,#953,#480,.T.);
#1208=EDGE_CURVE('',#843,#953,#481,.T.);
#1209=EDGE_CURVE('',#953,#946,#780,.T.);
#1210=EDGE_CURVE('',#954,#955,#482,.T.);
#1211=EDGE_CURVE('',#834,#954,#483,.T.);
#1212=EDGE_CURVE('',#833,#955,#484,.T.);
#1213=EDGE_CURVE('',#955,#956,#781,.T.);
#1214=EDGE_CURVE('',#832,#956,#485,.T.);
#1215=EDGE_CURVE('',#956,#957,#486,.T.);
#1216=EDGE_CURVE('',#831,#957,#487,.T.);
#1217=EDGE_CURVE('',#957,#958,#782,.T.);
#1218=EDGE_CURVE('',#830,#958,#488,.T.);
#1219=EDGE_CURVE('',#958,#959,#489,.T.);
#1220=EDGE_CURVE('',#829,#959,#490,.T.);
#1221=EDGE_CURVE('',#959,#960,#783,.T.);
#1222=EDGE_CURVE('',#836,#960,#491,.T.);
#1223=EDGE_CURVE('',#960,#961,#492,.T.);
#1224=EDGE_CURVE('',#835,#961,#493,.T.);
#1225=EDGE_CURVE('',#961,#954,#784,.T.);
#1226=EDGE_CURVE('',#962,#963,#494,.T.);
#1227=EDGE_CURVE('',#826,#962,#495,.T.);
#1228=EDGE_CURVE('',#825,#963,#496,.T.);
#1229=EDGE_CURVE('',#963,#964,#785,.T.);
#1230=EDGE_CURVE('',#824,#964,#497,.T.);
#1231=EDGE_CURVE('',#964,#965,#498,.T.);
#1232=EDGE_CURVE('',#823,#965,#499,.T.);
#1233=EDGE_CURVE('',#965,#966,#786,.T.);
#1234=EDGE_CURVE('',#822,#966,#500,.T.);
#1235=EDGE_CURVE('',#966,#967,#501,.T.);
#1236=EDGE_CURVE('',#821,#967,#502,.T.);
#1237=EDGE_CURVE('',#967,#968,#787,.T.);
#1238=EDGE_CURVE('',#828,#968,#503,.T.);
#1239=EDGE_CURVE('',#968,#969,#504,.T.);
#1240=EDGE_CURVE('',#827,#969,#505,.T.);
#1241=EDGE_CURVE('',#969,#962,#788,.T.);
#1242=EDGE_CURVE('',#815,#970,#506,.T.);
#1243=EDGE_CURVE('',#971,#970,#507,.T.);
#1244=EDGE_CURVE('',#816,#971,#508,.T.);
#1245=EDGE_CURVE('',#812,#971,#509,.T.);
#1246=EDGE_CURVE('',#972,#893,#510,.T.);
#1247=EDGE_CURVE('',#814,#972,#511,.T.);
#1248=EDGE_CURVE('',#970,#972,#512,.T.);
#1249=ORIENTED_EDGE('',*,*,#973,.F.);
#1250=ORIENTED_EDGE('',*,*,#974,.T.);
#1251=ORIENTED_EDGE('',*,*,#975,.F.);
#1252=ORIENTED_EDGE('',*,*,#974,.F.);
#1253=ORIENTED_EDGE('',*,*,#976,.F.);
#1254=ORIENTED_EDGE('',*,*,#977,.T.);
#1255=ORIENTED_EDGE('',*,*,#978,.F.);
#1256=ORIENTED_EDGE('',*,*,#977,.F.);
#1257=ORIENTED_EDGE('',*,*,#979,.F.);
#1258=ORIENTED_EDGE('',*,*,#980,.T.);
#1259=ORIENTED_EDGE('',*,*,#981,.F.);
#1260=ORIENTED_EDGE('',*,*,#980,.F.);
#1261=ORIENTED_EDGE('',*,*,#982,.F.);
#1262=ORIENTED_EDGE('',*,*,#983,.T.);
#1263=ORIENTED_EDGE('',*,*,#984,.F.);
#1264=ORIENTED_EDGE('',*,*,#983,.F.);
#1265=ORIENTED_EDGE('',*,*,#985,.F.);
#1266=ORIENTED_EDGE('',*,*,#986,.F.);
#1267=ORIENTED_EDGE('',*,*,#987,.F.);
#1268=ORIENTED_EDGE('',*,*,#988,.T.);
#1269=ORIENTED_EDGE('',*,*,#989,.F.);
#1270=ORIENTED_EDGE('',*,*,#988,.F.);
#1271=ORIENTED_EDGE('',*,*,#990,.F.);
#1272=ORIENTED_EDGE('',*,*,#991,.T.);
#1273=ORIENTED_EDGE('',*,*,#992,.F.);
#1274=ORIENTED_EDGE('',*,*,#991,.F.);
#1275=ORIENTED_EDGE('',*,*,#993,.F.);
#1276=ORIENTED_EDGE('',*,*,#994,.T.);
#1277=ORIENTED_EDGE('',*,*,#995,.F.);
#1278=ORIENTED_EDGE('',*,*,#994,.F.);
#1279=ORIENTED_EDGE('',*,*,#996,.F.);
#1280=ORIENTED_EDGE('',*,*,#986,.T.);
#1281=ORIENTED_EDGE('',*,*,#997,.F.);
#1282=ORIENTED_EDGE('',*,*,#998,.F.);
#1283=ORIENTED_EDGE('',*,*,#999,.F.);
#1284=ORIENTED_EDGE('',*,*,#1000,.T.);
#1285=ORIENTED_EDGE('',*,*,#1001,.F.);
#1286=ORIENTED_EDGE('',*,*,#1000,.F.);
#1287=ORIENTED_EDGE('',*,*,#1002,.F.);
#1288=ORIENTED_EDGE('',*,*,#1003,.F.);
#1289=ORIENTED_EDGE('',*,*,#1004,.F.);
#1290=ORIENTED_EDGE('',*,*,#1005,.F.);
#1291=ORIENTED_EDGE('',*,*,#1006,.F.);
#1292=ORIENTED_EDGE('',*,*,#998,.T.);
#1293=ORIENTED_EDGE('',*,*,#1004,.T.);
#1294=ORIENTED_EDGE('',*,*,#997,.T.);
#1295=ORIENTED_EDGE('',*,*,#1001,.T.);
#1296=ORIENTED_EDGE('',*,*,#1007,.T.);
#1297=ORIENTED_EDGE('',*,*,#1008,.T.);
#1298=ORIENTED_EDGE('',*,*,#1009,.T.);
#1299=ORIENTED_EDGE('',*,*,#1010,.T.);
#1300=ORIENTED_EDGE('',*,*,#1011,.T.);
#1301=ORIENTED_EDGE('',*,*,#992,.T.);
#1302=ORIENTED_EDGE('',*,*,#995,.T.);
#1303=ORIENTED_EDGE('',*,*,#985,.T.);
#1304=ORIENTED_EDGE('',*,*,#989,.T.);
#1305=ORIENTED_EDGE('',*,*,#1012,.T.);
#1306=ORIENTED_EDGE('',*,*,#1013,.T.);
#1307=ORIENTED_EDGE('',*,*,#1014,.T.);
#1308=ORIENTED_EDGE('',*,*,#1015,.T.);
#1309=ORIENTED_EDGE('',*,*,#1016,.T.);
#1310=ORIENTED_EDGE('',*,*,#1017,.T.);
#1311=ORIENTED_EDGE('',*,*,#1018,.T.);
#1312=ORIENTED_EDGE('',*,*,#1019,.T.);
#1313=ORIENTED_EDGE('',*,*,#1020,.T.);
#1314=ORIENTED_EDGE('',*,*,#1021,.T.);
#1315=ORIENTED_EDGE('',*,*,#1022,.T.);
#1316=ORIENTED_EDGE('',*,*,#1023,.T.);
#1317=ORIENTED_EDGE('',*,*,#1024,.T.);
#1318=ORIENTED_EDGE('',*,*,#1025,.T.);
#1319=ORIENTED_EDGE('',*,*,#1026,.T.);
#1320=ORIENTED_EDGE('',*,*,#1027,.T.);
#1321=ORIENTED_EDGE('',*,*,#1028,.T.);
#1322=ORIENTED_EDGE('',*,*,#1029,.T.);
#1323=ORIENTED_EDGE('',*,*,#1030,.T.);
#1324=ORIENTED_EDGE('',*,*,#1031,.T.);
#1325=ORIENTED_EDGE('',*,*,#1032,.T.);
#1326=ORIENTED_EDGE('',*,*,#1033,.T.);
#1327=ORIENTED_EDGE('',*,*,#1034,.T.);
#1328=ORIENTED_EDGE('',*,*,#1035,.T.);
#1329=ORIENTED_EDGE('',*,*,#1036,.T.);
#1330=ORIENTED_EDGE('',*,*,#1037,.T.);
#1331=ORIENTED_EDGE('',*,*,#1038,.T.);
#1332=ORIENTED_EDGE('',*,*,#1039,.T.);
#1333=ORIENTED_EDGE('',*,*,#1040,.T.);
#1334=ORIENTED_EDGE('',*,*,#1041,.T.);
#1335=ORIENTED_EDGE('',*,*,#1042,.T.);
#1336=ORIENTED_EDGE('',*,*,#1043,.T.);
#1337=ORIENTED_EDGE('',*,*,#1044,.T.);
#1338=ORIENTED_EDGE('',*,*,#1045,.T.);
#1339=ORIENTED_EDGE('',*,*,#1046,.T.);
#1340=ORIENTED_EDGE('',*,*,#1047,.T.);
#1341=ORIENTED_EDGE('',*,*,#1048,.T.);
#1342=ORIENTED_EDGE('',*,*,#1049,.T.);
#1343=ORIENTED_EDGE('',*,*,#1050,.T.);
#1344=ORIENTED_EDGE('',*,*,#1051,.T.);
#1345=ORIENTED_EDGE('',*,*,#1052,.T.);
#1346=ORIENTED_EDGE('',*,*,#1053,.T.);
#1347=ORIENTED_EDGE('',*,*,#1054,.T.);
#1348=ORIENTED_EDGE('',*,*,#1055,.T.);
#1349=ORIENTED_EDGE('',*,*,#1056,.T.);
#1350=ORIENTED_EDGE('',*,*,#1057,.T.);
#1351=ORIENTED_EDGE('',*,*,#1058,.T.);
#1352=ORIENTED_EDGE('',*,*,#1059,.T.);
#1353=ORIENTED_EDGE('',*,*,#1060,.T.);
#1354=ORIENTED_EDGE('',*,*,#1061,.T.);
#1355=ORIENTED_EDGE('',*,*,#1062,.T.);
#1356=ORIENTED_EDGE('',*,*,#1063,.T.);
#1357=ORIENTED_EDGE('',*,*,#1064,.T.);
#1358=ORIENTED_EDGE('',*,*,#1065,.T.);
#1359=ORIENTED_EDGE('',*,*,#1066,.T.);
#1360=ORIENTED_EDGE('',*,*,#1067,.T.);
#1361=ORIENTED_EDGE('',*,*,#1068,.T.);
#1362=ORIENTED_EDGE('',*,*,#1069,.T.);
#1363=ORIENTED_EDGE('',*,*,#1070,.T.);
#1364=ORIENTED_EDGE('',*,*,#1071,.T.);
#1365=ORIENTED_EDGE('',*,*,#1072,.T.);
#1366=ORIENTED_EDGE('',*,*,#1073,.T.);
#1367=ORIENTED_EDGE('',*,*,#1074,.T.);
#1368=ORIENTED_EDGE('',*,*,#1075,.T.);
#1369=ORIENTED_EDGE('',*,*,#1076,.T.);
#1370=ORIENTED_EDGE('',*,*,#1077,.T.);
#1371=ORIENTED_EDGE('',*,*,#1078,.T.);
#1372=ORIENTED_EDGE('',*,*,#1079,.T.);
#1373=ORIENTED_EDGE('',*,*,#1080,.T.);
#1374=ORIENTED_EDGE('',*,*,#1081,.T.);
#1375=ORIENTED_EDGE('',*,*,#1082,.T.);
#1376=ORIENTED_EDGE('',*,*,#1083,.T.);
#1377=ORIENTED_EDGE('',*,*,#1084,.T.);
#1378=ORIENTED_EDGE('',*,*,#1085,.T.);
#1379=ORIENTED_EDGE('',*,*,#1086,.T.);
#1380=ORIENTED_EDGE('',*,*,#1087,.T.);
#1381=ORIENTED_EDGE('',*,*,#982,.T.);
#1382=ORIENTED_EDGE('',*,*,#979,.T.);
#1383=ORIENTED_EDGE('',*,*,#976,.T.);
#1384=ORIENTED_EDGE('',*,*,#973,.T.);
#1385=ORIENTED_EDGE('',*,*,#1003,.T.);
#1386=ORIENTED_EDGE('',*,*,#1088,.F.);
#1387=ORIENTED_EDGE('',*,*,#1089,.F.);
#1388=ORIENTED_EDGE('',*,*,#1007,.F.);
#1389=ORIENTED_EDGE('',*,*,#1014,.F.);
#1390=ORIENTED_EDGE('',*,*,#1090,.F.);
#1391=ORIENTED_EDGE('',*,*,#1091,.F.);
#1392=ORIENTED_EDGE('',*,*,#1092,.T.);
#1393=ORIENTED_EDGE('',*,*,#1015,.F.);
#1394=ORIENTED_EDGE('',*,*,#1092,.F.);
#1395=ORIENTED_EDGE('',*,*,#1093,.F.);
#1396=ORIENTED_EDGE('',*,*,#1094,.T.);
#1397=ORIENTED_EDGE('',*,*,#1012,.F.);
#1398=ORIENTED_EDGE('',*,*,#1094,.F.);
#1399=ORIENTED_EDGE('',*,*,#1095,.F.);
#1400=ORIENTED_EDGE('',*,*,#1096,.T.);
#1401=ORIENTED_EDGE('',*,*,#1013,.F.);
#1402=ORIENTED_EDGE('',*,*,#1096,.F.);
#1403=ORIENTED_EDGE('',*,*,#1097,.F.);
#1404=ORIENTED_EDGE('',*,*,#1090,.T.);
#1405=ORIENTED_EDGE('',*,*,#1098,.F.);
#1406=ORIENTED_EDGE('',*,*,#1099,.F.);
#1407=ORIENTED_EDGE('',*,*,#1084,.F.);
#1408=ORIENTED_EDGE('',*,*,#1100,.T.);
#1409=ORIENTED_EDGE('',*,*,#1101,.F.);
#1410=ORIENTED_EDGE('',*,*,#1100,.F.);
#1411=ORIENTED_EDGE('',*,*,#1083,.F.);
#1412=ORIENTED_EDGE('',*,*,#1102,.T.);
#1413=ORIENTED_EDGE('',*,*,#1103,.F.);
#1414=ORIENTED_EDGE('',*,*,#1102,.F.);
#1415=ORIENTED_EDGE('',*,*,#1082,.F.);
#1416=ORIENTED_EDGE('',*,*,#1104,.T.);
#1417=ORIENTED_EDGE('',*,*,#1105,.F.);
#1418=ORIENTED_EDGE('',*,*,#1104,.F.);
#1419=ORIENTED_EDGE('',*,*,#1081,.F.);
#1420=ORIENTED_EDGE('',*,*,#1106,.T.);
#1421=ORIENTED_EDGE('',*,*,#1107,.F.);
#1422=ORIENTED_EDGE('',*,*,#1106,.F.);
#1423=ORIENTED_EDGE('',*,*,#1080,.F.);
#1424=ORIENTED_EDGE('',*,*,#1108,.T.);
#1425=ORIENTED_EDGE('',*,*,#1109,.F.);
#1426=ORIENTED_EDGE('',*,*,#1108,.F.);
#1427=ORIENTED_EDGE('',*,*,#1087,.F.);
#1428=ORIENTED_EDGE('',*,*,#1110,.T.);
#1429=ORIENTED_EDGE('',*,*,#1111,.F.);
#1430=ORIENTED_EDGE('',*,*,#1110,.F.);
#1431=ORIENTED_EDGE('',*,*,#1086,.F.);
#1432=ORIENTED_EDGE('',*,*,#1112,.T.);
#1433=ORIENTED_EDGE('',*,*,#1113,.F.);
#1434=ORIENTED_EDGE('',*,*,#1112,.F.);
#1435=ORIENTED_EDGE('',*,*,#1085,.F.);
#1436=ORIENTED_EDGE('',*,*,#1099,.T.);
#1437=ORIENTED_EDGE('',*,*,#1114,.F.);
#1438=ORIENTED_EDGE('',*,*,#1115,.F.);
#1439=ORIENTED_EDGE('',*,*,#1076,.F.);
#1440=ORIENTED_EDGE('',*,*,#1116,.T.);
#1441=ORIENTED_EDGE('',*,*,#1117,.F.);
#1442=ORIENTED_EDGE('',*,*,#1116,.F.);
#1443=ORIENTED_EDGE('',*,*,#1075,.F.);
#1444=ORIENTED_EDGE('',*,*,#1118,.T.);
#1445=ORIENTED_EDGE('',*,*,#1119,.F.);
#1446=ORIENTED_EDGE('',*,*,#1118,.F.);
#1447=ORIENTED_EDGE('',*,*,#1074,.F.);
#1448=ORIENTED_EDGE('',*,*,#1120,.T.);
#1449=ORIENTED_EDGE('',*,*,#1121,.F.);
#1450=ORIENTED_EDGE('',*,*,#1120,.F.);
#1451=ORIENTED_EDGE('',*,*,#1073,.F.);
#1452=ORIENTED_EDGE('',*,*,#1122,.T.);
#1453=ORIENTED_EDGE('',*,*,#1123,.F.);
#1454=ORIENTED_EDGE('',*,*,#1122,.F.);
#1455=ORIENTED_EDGE('',*,*,#1072,.F.);
#1456=ORIENTED_EDGE('',*,*,#1124,.T.);
#1457=ORIENTED_EDGE('',*,*,#1125,.F.);
#1458=ORIENTED_EDGE('',*,*,#1124,.F.);
#1459=ORIENTED_EDGE('',*,*,#1079,.F.);
#1460=ORIENTED_EDGE('',*,*,#1126,.T.);
#1461=ORIENTED_EDGE('',*,*,#1127,.F.);
#1462=ORIENTED_EDGE('',*,*,#1126,.F.);
#1463=ORIENTED_EDGE('',*,*,#1078,.F.);
#1464=ORIENTED_EDGE('',*,*,#1128,.T.);
#1465=ORIENTED_EDGE('',*,*,#1129,.F.);
#1466=ORIENTED_EDGE('',*,*,#1128,.F.);
#1467=ORIENTED_EDGE('',*,*,#1077,.F.);
#1468=ORIENTED_EDGE('',*,*,#1115,.T.);
#1469=ORIENTED_EDGE('',*,*,#1130,.F.);
#1470=ORIENTED_EDGE('',*,*,#1131,.F.);
#1471=ORIENTED_EDGE('',*,*,#1068,.F.);
#1472=ORIENTED_EDGE('',*,*,#1132,.T.);
#1473=ORIENTED_EDGE('',*,*,#1133,.F.);
#1474=ORIENTED_EDGE('',*,*,#1132,.F.);
#1475=ORIENTED_EDGE('',*,*,#1067,.F.);
#1476=ORIENTED_EDGE('',*,*,#1134,.T.);
#1477=ORIENTED_EDGE('',*,*,#1135,.F.);
#1478=ORIENTED_EDGE('',*,*,#1134,.F.);
#1479=ORIENTED_EDGE('',*,*,#1066,.F.);
#1480=ORIENTED_EDGE('',*,*,#1136,.T.);
#1481=ORIENTED_EDGE('',*,*,#1137,.F.);
#1482=ORIENTED_EDGE('',*,*,#1136,.F.);
#1483=ORIENTED_EDGE('',*,*,#1065,.F.);
#1484=ORIENTED_EDGE('',*,*,#1138,.T.);
#1485=ORIENTED_EDGE('',*,*,#1139,.F.);
#1486=ORIENTED_EDGE('',*,*,#1138,.F.);
#1487=ORIENTED_EDGE('',*,*,#1064,.F.);
#1488=ORIENTED_EDGE('',*,*,#1140,.T.);
#1489=ORIENTED_EDGE('',*,*,#1141,.F.);
#1490=ORIENTED_EDGE('',*,*,#1140,.F.);
#1491=ORIENTED_EDGE('',*,*,#1071,.F.);
#1492=ORIENTED_EDGE('',*,*,#1142,.T.);
#1493=ORIENTED_EDGE('',*,*,#1143,.F.);
#1494=ORIENTED_EDGE('',*,*,#1142,.F.);
#1495=ORIENTED_EDGE('',*,*,#1070,.F.);
#1496=ORIENTED_EDGE('',*,*,#1144,.T.);
#1497=ORIENTED_EDGE('',*,*,#1145,.F.);
#1498=ORIENTED_EDGE('',*,*,#1144,.F.);
#1499=ORIENTED_EDGE('',*,*,#1069,.F.);
#1500=ORIENTED_EDGE('',*,*,#1131,.T.);
#1501=ORIENTED_EDGE('',*,*,#1146,.F.);
#1502=ORIENTED_EDGE('',*,*,#1147,.F.);
#1503=ORIENTED_EDGE('',*,*,#1060,.F.);
#1504=ORIENTED_EDGE('',*,*,#1148,.T.);
#1505=ORIENTED_EDGE('',*,*,#1149,.F.);
#1506=ORIENTED_EDGE('',*,*,#1148,.F.);
#1507=ORIENTED_EDGE('',*,*,#1059,.F.);
#1508=ORIENTED_EDGE('',*,*,#1150,.T.);
#1509=ORIENTED_EDGE('',*,*,#1151,.F.);
#1510=ORIENTED_EDGE('',*,*,#1150,.F.);
#1511=ORIENTED_EDGE('',*,*,#1058,.F.);
#1512=ORIENTED_EDGE('',*,*,#1152,.T.);
#1513=ORIENTED_EDGE('',*,*,#1153,.F.);
#1514=ORIENTED_EDGE('',*,*,#1152,.F.);
#1515=ORIENTED_EDGE('',*,*,#1057,.F.);
#1516=ORIENTED_EDGE('',*,*,#1154,.T.);
#1517=ORIENTED_EDGE('',*,*,#1155,.F.);
#1518=ORIENTED_EDGE('',*,*,#1154,.F.);
#1519=ORIENTED_EDGE('',*,*,#1056,.F.);
#1520=ORIENTED_EDGE('',*,*,#1156,.T.);
#1521=ORIENTED_EDGE('',*,*,#1157,.F.);
#1522=ORIENTED_EDGE('',*,*,#1156,.F.);
#1523=ORIENTED_EDGE('',*,*,#1063,.F.);
#1524=ORIENTED_EDGE('',*,*,#1158,.T.);
#1525=ORIENTED_EDGE('',*,*,#1159,.F.);
#1526=ORIENTED_EDGE('',*,*,#1158,.F.);
#1527=ORIENTED_EDGE('',*,*,#1062,.F.);
#1528=ORIENTED_EDGE('',*,*,#1160,.T.);
#1529=ORIENTED_EDGE('',*,*,#1161,.F.);
#1530=ORIENTED_EDGE('',*,*,#1160,.F.);
#1531=ORIENTED_EDGE('',*,*,#1061,.F.);
#1532=ORIENTED_EDGE('',*,*,#1147,.T.);
#1533=ORIENTED_EDGE('',*,*,#1162,.F.);
#1534=ORIENTED_EDGE('',*,*,#1163,.F.);
#1535=ORIENTED_EDGE('',*,*,#1052,.F.);
#1536=ORIENTED_EDGE('',*,*,#1164,.T.);
#1537=ORIENTED_EDGE('',*,*,#1165,.F.);
#1538=ORIENTED_EDGE('',*,*,#1164,.F.);
#1539=ORIENTED_EDGE('',*,*,#1051,.F.);
#1540=ORIENTED_EDGE('',*,*,#1166,.T.);
#1541=ORIENTED_EDGE('',*,*,#1167,.F.);
#1542=ORIENTED_EDGE('',*,*,#1166,.F.);
#1543=ORIENTED_EDGE('',*,*,#1050,.F.);
#1544=ORIENTED_EDGE('',*,*,#1168,.T.);
#1545=ORIENTED_EDGE('',*,*,#1169,.F.);
#1546=ORIENTED_EDGE('',*,*,#1168,.F.);
#1547=ORIENTED_EDGE('',*,*,#1049,.F.);
#1548=ORIENTED_EDGE('',*,*,#1170,.T.);
#1549=ORIENTED_EDGE('',*,*,#1171,.F.);
#1550=ORIENTED_EDGE('',*,*,#1170,.F.);
#1551=ORIENTED_EDGE('',*,*,#1048,.F.);
#1552=ORIENTED_EDGE('',*,*,#1172,.T.);
#1553=ORIENTED_EDGE('',*,*,#1173,.F.);
#1554=ORIENTED_EDGE('',*,*,#1172,.F.);
#1555=ORIENTED_EDGE('',*,*,#1055,.F.);
#1556=ORIENTED_EDGE('',*,*,#1174,.T.);
#1557=ORIENTED_EDGE('',*,*,#1175,.F.);
#1558=ORIENTED_EDGE('',*,*,#1174,.F.);
#1559=ORIENTED_EDGE('',*,*,#1054,.F.);
#1560=ORIENTED_EDGE('',*,*,#1176,.T.);
#1561=ORIENTED_EDGE('',*,*,#1177,.F.);
#1562=ORIENTED_EDGE('',*,*,#1176,.F.);
#1563=ORIENTED_EDGE('',*,*,#1053,.F.);
#1564=ORIENTED_EDGE('',*,*,#1163,.T.);
#1565=ORIENTED_EDGE('',*,*,#1178,.F.);
#1566=ORIENTED_EDGE('',*,*,#1179,.F.);
#1567=ORIENTED_EDGE('',*,*,#1044,.F.);
#1568=ORIENTED_EDGE('',*,*,#1180,.T.);
#1569=ORIENTED_EDGE('',*,*,#1181,.F.);
#1570=ORIENTED_EDGE('',*,*,#1180,.F.);
#1571=ORIENTED_EDGE('',*,*,#1043,.F.);
#1572=ORIENTED_EDGE('',*,*,#1182,.T.);
#1573=ORIENTED_EDGE('',*,*,#1183,.F.);
#1574=ORIENTED_EDGE('',*,*,#1182,.F.);
#1575=ORIENTED_EDGE('',*,*,#1042,.F.);
#1576=ORIENTED_EDGE('',*,*,#1184,.T.);
#1577=ORIENTED_EDGE('',*,*,#1185,.F.);
#1578=ORIENTED_EDGE('',*,*,#1184,.F.);
#1579=ORIENTED_EDGE('',*,*,#1041,.F.);
#1580=ORIENTED_EDGE('',*,*,#1186,.T.);
#1581=ORIENTED_EDGE('',*,*,#1187,.F.);
#1582=ORIENTED_EDGE('',*,*,#1186,.F.);
#1583=ORIENTED_EDGE('',*,*,#1040,.F.);
#1584=ORIENTED_EDGE('',*,*,#1188,.T.);
#1585=ORIENTED_EDGE('',*,*,#1189,.F.);
#1586=ORIENTED_EDGE('',*,*,#1188,.F.);
#1587=ORIENTED_EDGE('',*,*,#1047,.F.);
#1588=ORIENTED_EDGE('',*,*,#1190,.T.);
#1589=ORIENTED_EDGE('',*,*,#1191,.F.);
#1590=ORIENTED_EDGE('',*,*,#1190,.F.);
#1591=ORIENTED_EDGE('',*,*,#1046,.F.);
#1592=ORIENTED_EDGE('',*,*,#1192,.T.);
#1593=ORIENTED_EDGE('',*,*,#1193,.F.);
#1594=ORIENTED_EDGE('',*,*,#1192,.F.);
#1595=ORIENTED_EDGE('',*,*,#1045,.F.);
#1596=ORIENTED_EDGE('',*,*,#1179,.T.);
#1597=ORIENTED_EDGE('',*,*,#1194,.F.);
#1598=ORIENTED_EDGE('',*,*,#1195,.F.);
#1599=ORIENTED_EDGE('',*,*,#1036,.F.);
#1600=ORIENTED_EDGE('',*,*,#1196,.T.);
#1601=ORIENTED_EDGE('',*,*,#1197,.F.);
#1602=ORIENTED_EDGE('',*,*,#1196,.F.);
#1603=ORIENTED_EDGE('',*,*,#1035,.F.);
#1604=ORIENTED_EDGE('',*,*,#1198,.T.);
#1605=ORIENTED_EDGE('',*,*,#1199,.F.);
#1606=ORIENTED_EDGE('',*,*,#1198,.F.);
#1607=ORIENTED_EDGE('',*,*,#1034,.F.);
#1608=ORIENTED_EDGE('',*,*,#1200,.T.);
#1609=ORIENTED_EDGE('',*,*,#1201,.F.);
#1610=ORIENTED_EDGE('',*,*,#1200,.F.);
#1611=ORIENTED_EDGE('',*,*,#1033,.F.);
#1612=ORIENTED_EDGE('',*,*,#1202,.T.);
#1613=ORIENTED_EDGE('',*,*,#1203,.F.);
#1614=ORIENTED_EDGE('',*,*,#1202,.F.);
#1615=ORIENTED_EDGE('',*,*,#1032,.F.);
#1616=ORIENTED_EDGE('',*,*,#1204,.T.);
#1617=ORIENTED_EDGE('',*,*,#1205,.F.);
#1618=ORIENTED_EDGE('',*,*,#1204,.F.);
#1619=ORIENTED_EDGE('',*,*,#1039,.F.);
#1620=ORIENTED_EDGE('',*,*,#1206,.T.);
#1621=ORIENTED_EDGE('',*,*,#1207,.F.);
#1622=ORIENTED_EDGE('',*,*,#1206,.F.);
#1623=ORIENTED_EDGE('',*,*,#1038,.F.);
#1624=ORIENTED_EDGE('',*,*,#1208,.T.);
#1625=ORIENTED_EDGE('',*,*,#1209,.F.);
#1626=ORIENTED_EDGE('',*,*,#1208,.F.);
#1627=ORIENTED_EDGE('',*,*,#1037,.F.);
#1628=ORIENTED_EDGE('',*,*,#1195,.T.);
#1629=ORIENTED_EDGE('',*,*,#1210,.F.);
#1630=ORIENTED_EDGE('',*,*,#1211,.F.);
#1631=ORIENTED_EDGE('',*,*,#1028,.F.);
#1632=ORIENTED_EDGE('',*,*,#1212,.T.);
#1633=ORIENTED_EDGE('',*,*,#1213,.F.);
#1634=ORIENTED_EDGE('',*,*,#1212,.F.);
#1635=ORIENTED_EDGE('',*,*,#1027,.F.);
#1636=ORIENTED_EDGE('',*,*,#1214,.T.);
#1637=ORIENTED_EDGE('',*,*,#1215,.F.);
#1638=ORIENTED_EDGE('',*,*,#1214,.F.);
#1639=ORIENTED_EDGE('',*,*,#1026,.F.);
#1640=ORIENTED_EDGE('',*,*,#1216,.T.);
#1641=ORIENTED_EDGE('',*,*,#1217,.F.);
#1642=ORIENTED_EDGE('',*,*,#1216,.F.);
#1643=ORIENTED_EDGE('',*,*,#1025,.F.);
#1644=ORIENTED_EDGE('',*,*,#1218,.T.);
#1645=ORIENTED_EDGE('',*,*,#1219,.F.);
#1646=ORIENTED_EDGE('',*,*,#1218,.F.);
#1647=ORIENTED_EDGE('',*,*,#1024,.F.);
#1648=ORIENTED_EDGE('',*,*,#1220,.T.);
#1649=ORIENTED_EDGE('',*,*,#1221,.F.);
#1650=ORIENTED_EDGE('',*,*,#1220,.F.);
#1651=ORIENTED_EDGE('',*,*,#1031,.F.);
#1652=ORIENTED_EDGE('',*,*,#1222,.T.);
#1653=ORIENTED_EDGE('',*,*,#1223,.F.);
#1654=ORIENTED_EDGE('',*,*,#1222,.F.);
#1655=ORIENTED_EDGE('',*,*,#1030,.F.);
#1656=ORIENTED_EDGE('',*,*,#1224,.T.);
#1657=ORIENTED_EDGE('',*,*,#1225,.F.);
#1658=ORIENTED_EDGE('',*,*,#1224,.F.);
#1659=ORIENTED_EDGE('',*,*,#1029,.F.);
#1660=ORIENTED_EDGE('',*,*,#1211,.T.);
#1661=ORIENTED_EDGE('',*,*,#1226,.F.);
#1662=ORIENTED_EDGE('',*,*,#1227,.F.);
#1663=ORIENTED_EDGE('',*,*,#1020,.F.);
#1664=ORIENTED_EDGE('',*,*,#1228,.T.);
#1665=ORIENTED_EDGE('',*,*,#1229,.F.);
#1666=ORIENTED_EDGE('',*,*,#1228,.F.);
#1667=ORIENTED_EDGE('',*,*,#1019,.F.);
#1668=ORIENTED_EDGE('',*,*,#1230,.T.);
#1669=ORIENTED_EDGE('',*,*,#1231,.F.);
#1670=ORIENTED_EDGE('',*,*,#1230,.F.);
#1671=ORIENTED_EDGE('',*,*,#1018,.F.);
#1672=ORIENTED_EDGE('',*,*,#1232,.T.);
#1673=ORIENTED_EDGE('',*,*,#1233,.F.);
#1674=ORIENTED_EDGE('',*,*,#1232,.F.);
#1675=ORIENTED_EDGE('',*,*,#1017,.F.);
#1676=ORIENTED_EDGE('',*,*,#1234,.T.);
#1677=ORIENTED_EDGE('',*,*,#1235,.F.);
#1678=ORIENTED_EDGE('',*,*,#1234,.F.);
#1679=ORIENTED_EDGE('',*,*,#1016,.F.);
#1680=ORIENTED_EDGE('',*,*,#1236,.T.);
#1681=ORIENTED_EDGE('',*,*,#1237,.F.);
#1682=ORIENTED_EDGE('',*,*,#1236,.F.);
#1683=ORIENTED_EDGE('',*,*,#1023,.F.);
#1684=ORIENTED_EDGE('',*,*,#1238,.T.);
#1685=ORIENTED_EDGE('',*,*,#1239,.F.);
#1686=ORIENTED_EDGE('',*,*,#1238,.F.);
#1687=ORIENTED_EDGE('',*,*,#1022,.F.);
#1688=ORIENTED_EDGE('',*,*,#1240,.T.);
#1689=ORIENTED_EDGE('',*,*,#1241,.F.);
#1690=ORIENTED_EDGE('',*,*,#1240,.F.);
#1691=ORIENTED_EDGE('',*,*,#1021,.F.);
#1692=ORIENTED_EDGE('',*,*,#1227,.T.);
#1693=ORIENTED_EDGE('',*,*,#1010,.F.);
#1694=ORIENTED_EDGE('',*,*,#1242,.T.);
#1695=ORIENTED_EDGE('',*,*,#1243,.F.);
#1696=ORIENTED_EDGE('',*,*,#1244,.F.);
#1697=ORIENTED_EDGE('',*,*,#1005,.T.);
#1698=ORIENTED_EDGE('',*,*,#1011,.F.);
#1699=ORIENTED_EDGE('',*,*,#1244,.T.);
#1700=ORIENTED_EDGE('',*,*,#1245,.F.);
#1701=ORIENTED_EDGE('',*,*,#1008,.F.);
#1702=ORIENTED_EDGE('',*,*,#1089,.T.);
#1703=ORIENTED_EDGE('',*,*,#1246,.F.);
#1704=ORIENTED_EDGE('',*,*,#1247,.F.);
#1705=ORIENTED_EDGE('',*,*,#1009,.F.);
#1706=ORIENTED_EDGE('',*,*,#1247,.T.);
#1707=ORIENTED_EDGE('',*,*,#1248,.F.);
#1708=ORIENTED_EDGE('',*,*,#1242,.F.);
#1709=ORIENTED_EDGE('',*,*,#1006,.T.);
#1710=ORIENTED_EDGE('',*,*,#1245,.T.);
#1711=ORIENTED_EDGE('',*,*,#1243,.T.);
#1712=ORIENTED_EDGE('',*,*,#1248,.T.);
#1713=ORIENTED_EDGE('',*,*,#1246,.T.);
#1714=ORIENTED_EDGE('',*,*,#1088,.T.);
#1715=ORIENTED_EDGE('',*,*,#1002,.T.);
#1716=ORIENTED_EDGE('',*,*,#999,.T.);
#1717=ORIENTED_EDGE('',*,*,#993,.T.);
#1718=ORIENTED_EDGE('',*,*,#990,.T.);
#1719=ORIENTED_EDGE('',*,*,#987,.T.);
#1720=ORIENTED_EDGE('',*,*,#996,.T.);
#1721=ORIENTED_EDGE('',*,*,#1095,.T.);
#1722=ORIENTED_EDGE('',*,*,#1093,.T.);
#1723=ORIENTED_EDGE('',*,*,#1091,.T.);
#1724=ORIENTED_EDGE('',*,*,#1097,.T.);
#1725=ORIENTED_EDGE('',*,*,#1235,.T.);
#1726=ORIENTED_EDGE('',*,*,#1237,.T.);
#1727=ORIENTED_EDGE('',*,*,#1239,.T.);
#1728=ORIENTED_EDGE('',*,*,#1241,.T.);
#1729=ORIENTED_EDGE('',*,*,#1226,.T.);
#1730=ORIENTED_EDGE('',*,*,#1229,.T.);
#1731=ORIENTED_EDGE('',*,*,#1231,.T.);
#1732=ORIENTED_EDGE('',*,*,#1233,.T.);
#1733=ORIENTED_EDGE('',*,*,#1219,.T.);
#1734=ORIENTED_EDGE('',*,*,#1221,.T.);
#1735=ORIENTED_EDGE('',*,*,#1223,.T.);
#1736=ORIENTED_EDGE('',*,*,#1225,.T.);
#1737=ORIENTED_EDGE('',*,*,#1210,.T.);
#1738=ORIENTED_EDGE('',*,*,#1213,.T.);
#1739=ORIENTED_EDGE('',*,*,#1215,.T.);
#1740=ORIENTED_EDGE('',*,*,#1217,.T.);
#1741=ORIENTED_EDGE('',*,*,#1203,.T.);
#1742=ORIENTED_EDGE('',*,*,#1205,.T.);
#1743=ORIENTED_EDGE('',*,*,#1207,.T.);
#1744=ORIENTED_EDGE('',*,*,#1209,.T.);
#1745=ORIENTED_EDGE('',*,*,#1194,.T.);
#1746=ORIENTED_EDGE('',*,*,#1197,.T.);
#1747=ORIENTED_EDGE('',*,*,#1199,.T.);
#1748=ORIENTED_EDGE('',*,*,#1201,.T.);
#1749=ORIENTED_EDGE('',*,*,#1187,.T.);
#1750=ORIENTED_EDGE('',*,*,#1189,.T.);
#1751=ORIENTED_EDGE('',*,*,#1191,.T.);
#1752=ORIENTED_EDGE('',*,*,#1193,.T.);
#1753=ORIENTED_EDGE('',*,*,#1178,.T.);
#1754=ORIENTED_EDGE('',*,*,#1181,.T.);
#1755=ORIENTED_EDGE('',*,*,#1183,.T.);
#1756=ORIENTED_EDGE('',*,*,#1185,.T.);
#1757=ORIENTED_EDGE('',*,*,#1171,.T.);
#1758=ORIENTED_EDGE('',*,*,#1173,.T.);
#1759=ORIENTED_EDGE('',*,*,#1175,.T.);
#1760=ORIENTED_EDGE('',*,*,#1177,.T.);
#1761=ORIENTED_EDGE('',*,*,#1162,.T.);
#1762=ORIENTED_EDGE('',*,*,#1165,.T.);
#1763=ORIENTED_EDGE('',*,*,#1167,.T.);
#1764=ORIENTED_EDGE('',*,*,#1169,.T.);
#1765=ORIENTED_EDGE('',*,*,#1155,.T.);
#1766=ORIENTED_EDGE('',*,*,#1157,.T.);
#1767=ORIENTED_EDGE('',*,*,#1159,.T.);
#1768=ORIENTED_EDGE('',*,*,#1161,.T.);
#1769=ORIENTED_EDGE('',*,*,#1146,.T.);
#1770=ORIENTED_EDGE('',*,*,#1149,.T.);
#1771=ORIENTED_EDGE('',*,*,#1151,.T.);
#1772=ORIENTED_EDGE('',*,*,#1153,.T.);
#1773=ORIENTED_EDGE('',*,*,#1139,.T.);
#1774=ORIENTED_EDGE('',*,*,#1141,.T.);
#1775=ORIENTED_EDGE('',*,*,#1143,.T.);
#1776=ORIENTED_EDGE('',*,*,#1145,.T.);
#1777=ORIENTED_EDGE('',*,*,#1130,.T.);
#1778=ORIENTED_EDGE('',*,*,#1133,.T.);
#1779=ORIENTED_EDGE('',*,*,#1135,.T.);
#1780=ORIENTED_EDGE('',*,*,#1137,.T.);
#1781=ORIENTED_EDGE('',*,*,#1123,.T.);
#1782=ORIENTED_EDGE('',*,*,#1125,.T.);
#1783=ORIENTED_EDGE('',*,*,#1127,.T.);
#1784=ORIENTED_EDGE('',*,*,#1129,.T.);
#1785=ORIENTED_EDGE('',*,*,#1114,.T.);
#1786=ORIENTED_EDGE('',*,*,#1117,.T.);
#1787=ORIENTED_EDGE('',*,*,#1119,.T.);
#1788=ORIENTED_EDGE('',*,*,#1121,.T.);
#1789=ORIENTED_EDGE('',*,*,#1107,.T.);
#1790=ORIENTED_EDGE('',*,*,#1109,.T.);
#1791=ORIENTED_EDGE('',*,*,#1111,.T.);
#1792=ORIENTED_EDGE('',*,*,#1113,.T.);
#1793=ORIENTED_EDGE('',*,*,#1098,.T.);
#1794=ORIENTED_EDGE('',*,*,#1101,.T.);
#1795=ORIENTED_EDGE('',*,*,#1103,.T.);
#1796=ORIENTED_EDGE('',*,*,#1105,.T.);
#1797=ORIENTED_EDGE('',*,*,#984,.T.);
#1798=ORIENTED_EDGE('',*,*,#981,.T.);
#1799=ORIENTED_EDGE('',*,*,#978,.T.);
#1800=ORIENTED_EDGE('',*,*,#975,.T.);
#1801=CYLINDRICAL_SURFACE('',#1949,2.5);
#1802=CYLINDRICAL_SURFACE('',#1952,2.5);
#1803=CYLINDRICAL_SURFACE('',#1955,2.5);
#1804=CYLINDRICAL_SURFACE('',#1958,2.5);
#1805=CYLINDRICAL_SURFACE('',#2011,0.499999999999998);
#1806=CYLINDRICAL_SURFACE('',#2014,0.5);
#1807=CYLINDRICAL_SURFACE('',#2017,0.499999999999998);
#1808=CYLINDRICAL_SURFACE('',#2020,0.499999999999998);
#1809=CYLINDRICAL_SURFACE('',#2023,0.5);
#1810=CYLINDRICAL_SURFACE('',#2026,0.499999999999998);
#1811=CYLINDRICAL_SURFACE('',#2029,0.499999999999998);
#1812=CYLINDRICAL_SURFACE('',#2032,0.499999999999998);
#1813=CYLINDRICAL_SURFACE('',#2035,0.499999999999998);
#1814=CYLINDRICAL_SURFACE('',#2038,0.499999999999998);
#1815=CYLINDRICAL_SURFACE('',#2041,0.500000000000003);
#1816=CYLINDRICAL_SURFACE('',#2044,0.499999999999998);
#1817=CYLINDRICAL_SURFACE('',#2047,0.499999999999998);
#1818=CYLINDRICAL_SURFACE('',#2050,0.499999999999998);
#1819=CYLINDRICAL_SURFACE('',#2053,0.499999999999998);
#1820=CYLINDRICAL_SURFACE('',#2056,0.500000000000003);
#1821=CYLINDRICAL_SURFACE('',#2059,0.499999999999998);
#1822=CYLINDRICAL_SURFACE('',#2062,0.5);
#1823=CYLINDRICAL_SURFACE('',#2065,0.500000000000003);
#1824=CYLINDRICAL_SURFACE('',#2068,0.499999999999998);
#1825=CYLINDRICAL_SURFACE('',#2071,0.5);
#1826=CYLINDRICAL_SURFACE('',#2074,0.499999999999998);
#1827=CYLINDRICAL_SURFACE('',#2077,0.499999999999998);
#1828=CYLINDRICAL_SURFACE('',#2080,0.500000000000003);
#1829=CYLINDRICAL_SURFACE('',#2083,0.499999999999998);
#1830=CYLINDRICAL_SURFACE('',#2086,0.499999999999998);
#1831=CYLINDRICAL_SURFACE('',#2089,0.499999999999998);
#1832=CYLINDRICAL_SURFACE('',#2092,0.499999999999998);
#1833=CYLINDRICAL_SURFACE('',#2095,0.499999999999998);
#1834=CYLINDRICAL_SURFACE('',#2098,0.499999999999998);
#1835=CYLINDRICAL_SURFACE('',#2101,0.500000000000003);
#1836=CYLINDRICAL_SURFACE('',#2104,0.500000000000003);
#1837=CYLINDRICAL_SURFACE('',#2107,0.5);
#1838=CYLINDRICAL_SURFACE('',#2110,0.5);
#1839=CYLINDRICAL_SURFACE('',#2113,0.499999999999998);
#1840=CYLINDRICAL_SURFACE('',#2116,0.499999999999998);
#1841=ADVANCED_FACE('',(#99),#1801,.F.);
#1842=ADVANCED_FACE('',(#100),#1802,.F.);
#1843=ADVANCED_FACE('',(#101),#1803,.F.);
#1844=ADVANCED_FACE('',(#102),#1804,.F.);
#1845=ADVANCED_FACE('',(#103),#45,.F.);
#1846=ADVANCED_FACE('',(#104),#46,.F.);
#1847=ADVANCED_FACE('',(#105),#47,.F.);
#1848=ADVANCED_FACE('',(#106),#48,.F.);
#1849=ADVANCED_FACE('',(#107),#49,.F.);
#1850=ADVANCED_FACE('',(#108),#50,.F.);
#1851=ADVANCED_FACE('',(#109),#51,.F.);
#1852=ADVANCED_FACE('',(#110,#15,#16,#17,#18,#19,#20,#21,#22,#23,#24,#25,
#26,#27,#28,#29),#52,.F.);
#1853=ADVANCED_FACE('',(#111),#53,.T.);
#1854=ADVANCED_FACE('',(#112),#54,.F.);
#1855=ADVANCED_FACE('',(#113),#55,.F.);
#1856=ADVANCED_FACE('',(#114),#56,.F.);
#1857=ADVANCED_FACE('',(#115),#57,.F.);
#1858=ADVANCED_FACE('',(#116),#58,.F.);
#1859=ADVANCED_FACE('',(#117),#1805,.F.);
#1860=ADVANCED_FACE('',(#118),#59,.F.);
#1861=ADVANCED_FACE('',(#119),#1806,.F.);
#1862=ADVANCED_FACE('',(#120),#60,.F.);
#1863=ADVANCED_FACE('',(#121),#1807,.F.);
#1864=ADVANCED_FACE('',(#122),#61,.F.);
#1865=ADVANCED_FACE('',(#123),#1808,.F.);
#1866=ADVANCED_FACE('',(#124),#62,.F.);
#1867=ADVANCED_FACE('',(#125),#1809,.F.);
#1868=ADVANCED_FACE('',(#126),#63,.F.);
#1869=ADVANCED_FACE('',(#127),#1810,.F.);
#1870=ADVANCED_FACE('',(#128),#64,.F.);
#1871=ADVANCED_FACE('',(#129),#1811,.F.);
#1872=ADVANCED_FACE('',(#130),#65,.F.);
#1873=ADVANCED_FACE('',(#131),#1812,.F.);
#1874=ADVANCED_FACE('',(#132),#66,.F.);
#1875=ADVANCED_FACE('',(#133),#1813,.F.);
#1876=ADVANCED_FACE('',(#134),#67,.F.);
#1877=ADVANCED_FACE('',(#135),#1814,.F.);
#1878=ADVANCED_FACE('',(#136),#68,.F.);
#1879=ADVANCED_FACE('',(#137),#1815,.F.);
#1880=ADVANCED_FACE('',(#138),#69,.F.);
#1881=ADVANCED_FACE('',(#139),#1816,.F.);
#1882=ADVANCED_FACE('',(#140),#70,.F.);
#1883=ADVANCED_FACE('',(#141),#1817,.F.);
#1884=ADVANCED_FACE('',(#142),#71,.F.);
#1885=ADVANCED_FACE('',(#143),#1818,.F.);
#1886=ADVANCED_FACE('',(#144),#72,.F.);
#1887=ADVANCED_FACE('',(#145),#1819,.F.);
#1888=ADVANCED_FACE('',(#146),#73,.F.);
#1889=ADVANCED_FACE('',(#147),#1820,.F.);
#1890=ADVANCED_FACE('',(#148),#74,.F.);
#1891=ADVANCED_FACE('',(#149),#1821,.F.);
#1892=ADVANCED_FACE('',(#150),#75,.F.);
#1893=ADVANCED_FACE('',(#151),#1822,.F.);
#1894=ADVANCED_FACE('',(#152),#76,.F.);
#1895=ADVANCED_FACE('',(#153),#1823,.F.);
#1896=ADVANCED_FACE('',(#154),#77,.F.);
#1897=ADVANCED_FACE('',(#155),#1824,.F.);
#1898=ADVANCED_FACE('',(#156),#78,.F.);
#1899=ADVANCED_FACE('',(#157),#1825,.F.);
#1900=ADVANCED_FACE('',(#158),#79,.F.);
#1901=ADVANCED_FACE('',(#159),#1826,.F.);
#1902=ADVANCED_FACE('',(#160),#80,.F.);
#1903=ADVANCED_FACE('',(#161),#1827,.F.);
#1904=ADVANCED_FACE('',(#162),#81,.F.);
#1905=ADVANCED_FACE('',(#163),#1828,.F.);
#1906=ADVANCED_FACE('',(#164),#82,.F.);
#1907=ADVANCED_FACE('',(#165),#1829,.F.);
#1908=ADVANCED_FACE('',(#166),#83,.F.);
#1909=ADVANCED_FACE('',(#167),#1830,.F.);
#1910=ADVANCED_FACE('',(#168),#84,.F.);
#1911=ADVANCED_FACE('',(#169),#1831,.F.);
#1912=ADVANCED_FACE('',(#170),#85,.F.);
#1913=ADVANCED_FACE('',(#171),#1832,.F.);
#1914=ADVANCED_FACE('',(#172),#86,.F.);
#1915=ADVANCED_FACE('',(#173),#1833,.F.);
#1916=ADVANCED_FACE('',(#174),#87,.F.);
#1917=ADVANCED_FACE('',(#175),#1834,.F.);
#1918=ADVANCED_FACE('',(#176),#88,.F.);
#1919=ADVANCED_FACE('',(#177),#1835,.F.);
#1920=ADVANCED_FACE('',(#178),#89,.F.);
#1921=ADVANCED_FACE('',(#179),#1836,.F.);
#1922=ADVANCED_FACE('',(#180),#90,.F.);
#1923=ADVANCED_FACE('',(#181),#1837,.F.);
#1924=ADVANCED_FACE('',(#182),#91,.F.);
#1925=ADVANCED_FACE('',(#183),#1838,.F.);
#1926=ADVANCED_FACE('',(#184),#92,.F.);
#1927=ADVANCED_FACE('',(#185),#1839,.F.);
#1928=ADVANCED_FACE('',(#186),#93,.F.);
#1929=ADVANCED_FACE('',(#187),#1840,.F.);
#1930=ADVANCED_FACE('',(#188),#94,.T.);
#1931=ADVANCED_FACE('',(#189),#95,.T.);
#1932=ADVANCED_FACE('',(#190),#96,.T.);
#1933=ADVANCED_FACE('',(#191),#97,.T.);
#1934=ADVANCED_FACE('',(#192,#30,#31,#32,#33,#34,#35,#36,#37,#38,#39,#40,
#41,#42,#43,#44),#98,.T.);
#1935=CLOSED_SHELL('',(#1841,#1842,#1843,#1844,#1845,#1846,#1847,#1848,
#1849,#1850,#1851,#1852,#1853,#1854,#1855,#1856,#1857,#1858,#1859,#1860,
#1861,#1862,#1863,#1864,#1865,#1866,#1867,#1868,#1869,#1870,#1871,#1872,
#1873,#1874,#1875,#1876,#1877,#1878,#1879,#1880,#1881,#1882,#1883,#1884,
#1885,#1886,#1887,#1888,#1889,#1890,#1891,#1892,#1893,#1894,#1895,#1896,
#1897,#1898,#1899,#1900,#1901,#1902,#1903,#1904,#1905,#1906,#1907,#1908,
#1909,#1910,#1911,#1912,#1913,#1914,#1915,#1916,#1917,#1918,#1919,#1920,
#1921,#1922,#1923,#1924,#1925,#1926,#1927,#1928,#1929,#1930,#1931,#1932,
#1933,#1934));
#1936=DERIVED_UNIT_ELEMENT(#1938,1.);
#1937=DERIVED_UNIT_ELEMENT(#3229,-3.);
#1938=(
MASS_UNIT()
NAMED_UNIT(*)
SI_UNIT(.KILO.,.GRAM.)
);
#1939=DERIVED_UNIT((#1936,#1937));
#1940=MEASURE_REPRESENTATION_ITEM('density measure',
POSITIVE_RATIO_MEASURE(7850.),#1939);
#1941=PROPERTY_DEFINITION_REPRESENTATION(#1946,#1943);
#1942=PROPERTY_DEFINITION_REPRESENTATION(#1947,#1944);
#1943=REPRESENTATION('material name',(#1945),#3226);
#1944=REPRESENTATION('density',(#1940),#3226);
#1945=DESCRIPTIVE_REPRESENTATION_ITEM('Steel','Steel');
#1946=PROPERTY_DEFINITION('material property','material name',#3236);
#1947=PROPERTY_DEFINITION('material property','density of part',#3236);
#1948=AXIS2_PLACEMENT_3D('',#2669,#2123,#2124);
#1949=AXIS2_PLACEMENT_3D('',#2670,#2125,#2126);
#1950=AXIS2_PLACEMENT_3D('',#2672,#2127,#2128);
#1951=AXIS2_PLACEMENT_3D('',#2675,#2130,#2131);
#1952=AXIS2_PLACEMENT_3D('',#2676,#2132,#2133);
#1953=AXIS2_PLACEMENT_3D('',#2678,#2134,#2135);
#1954=AXIS2_PLACEMENT_3D('',#2681,#2137,#2138);
#1955=AXIS2_PLACEMENT_3D('',#2682,#2139,#2140);
#1956=AXIS2_PLACEMENT_3D('',#2684,#2141,#2142);
#1957=AXIS2_PLACEMENT_3D('',#2687,#2144,#2145);
#1958=AXIS2_PLACEMENT_3D('',#2688,#2146,#2147);
#1959=AXIS2_PLACEMENT_3D('',#2690,#2148,#2149);
#1960=AXIS2_PLACEMENT_3D('',#2693,#2151,#2152);
#1961=AXIS2_PLACEMENT_3D('',#2694,#2153,#2154);
#1962=AXIS2_PLACEMENT_3D('',#2703,#2159,#2160);
#1963=AXIS2_PLACEMENT_3D('',#2709,#2164,#2165);
#1964=AXIS2_PLACEMENT_3D('',#2715,#2169,#2170);
#1965=AXIS2_PLACEMENT_3D('',#2718,#2173,#2174);
#1966=AXIS2_PLACEMENT_3D('',#2727,#2179,#2180);
#1967=AXIS2_PLACEMENT_3D('',#2733,#2184,#2185);
#1968=AXIS2_PLACEMENT_3D('',#2739,#2189,#2190);
#1969=AXIS2_PLACEMENT_3D('',#2761,#2201,#2202);
#1970=AXIS2_PLACEMENT_3D('',#2765,#2204,#2205);
#1971=AXIS2_PLACEMENT_3D('',#2769,#2207,#2208);
#1972=AXIS2_PLACEMENT_3D('',#2772,#2210,#2211);
#1973=AXIS2_PLACEMENT_3D('',#2777,#2213,#2214);
#1974=AXIS2_PLACEMENT_3D('',#2781,#2216,#2217);
#1975=AXIS2_PLACEMENT_3D('',#2785,#2219,#2220);
#1976=AXIS2_PLACEMENT_3D('',#2788,#2222,#2223);
#1977=AXIS2_PLACEMENT_3D('',#2793,#2225,#2226);
#1978=AXIS2_PLACEMENT_3D('',#2797,#2228,#2229);
#1979=AXIS2_PLACEMENT_3D('',#2801,#2231,#2232);
#1980=AXIS2_PLACEMENT_3D('',#2804,#2234,#2235);
#1981=AXIS2_PLACEMENT_3D('',#2809,#2237,#2238);
#1982=AXIS2_PLACEMENT_3D('',#2813,#2240,#2241);
#1983=AXIS2_PLACEMENT_3D('',#2817,#2243,#2244);
#1984=AXIS2_PLACEMENT_3D('',#2820,#2246,#2247);
#1985=AXIS2_PLACEMENT_3D('',#2825,#2249,#2250);
#1986=AXIS2_PLACEMENT_3D('',#2829,#2252,#2253);
#1987=AXIS2_PLACEMENT_3D('',#2833,#2255,#2256);
#1988=AXIS2_PLACEMENT_3D('',#2836,#2258,#2259);
#1989=AXIS2_PLACEMENT_3D('',#2841,#2261,#2262);
#1990=AXIS2_PLACEMENT_3D('',#2845,#2264,#2265);
#1991=AXIS2_PLACEMENT_3D('',#2849,#2267,#2268);
#1992=AXIS2_PLACEMENT_3D('',#2852,#2270,#2271);
#1993=AXIS2_PLACEMENT_3D('',#2857,#2273,#2274);
#1994=AXIS2_PLACEMENT_3D('',#2861,#2276,#2277);
#1995=AXIS2_PLACEMENT_3D('',#2865,#2279,#2280);
#1996=AXIS2_PLACEMENT_3D('',#2868,#2282,#2283);
#1997=AXIS2_PLACEMENT_3D('',#2873,#2285,#2286);
#1998=AXIS2_PLACEMENT_3D('',#2877,#2288,#2289);
#1999=AXIS2_PLACEMENT_3D('',#2881,#2291,#2292);
#2000=AXIS2_PLACEMENT_3D('',#2884,#2294,#2295);
#2001=AXIS2_PLACEMENT_3D('',#2889,#2297,#2298);
#2002=AXIS2_PLACEMENT_3D('',#2893,#2300,#2301);
#2003=AXIS2_PLACEMENT_3D('',#2897,#2303,#2304);
#2004=AXIS2_PLACEMENT_3D('',#2900,#2306,#2307);
#2005=AXIS2_PLACEMENT_3D('',#2901,#2308,#2309);
#2006=AXIS2_PLACEMENT_3D('',#2905,#2312,#2313);
#2007=AXIS2_PLACEMENT_3D('',#2911,#2317,#2318);
#2008=AXIS2_PLACEMENT_3D('',#2915,#2321,#2322);
#2009=AXIS2_PLACEMENT_3D('',#2919,#2325,#2326);
#2010=AXIS2_PLACEMENT_3D('',#2921,#2328,#2329);
#2011=AXIS2_PLACEMENT_3D('',#2927,#2333,#2334);
#2012=AXIS2_PLACEMENT_3D('',#2929,#2335,#2336);
#2013=AXIS2_PLACEMENT_3D('',#2931,#2338,#2339);
#2014=AXIS2_PLACEMENT_3D('',#2935,#2342,#2343);
#2015=AXIS2_PLACEMENT_3D('',#2937,#2344,#2345);
#2016=AXIS2_PLACEMENT_3D('',#2939,#2347,#2348);
#2017=AXIS2_PLACEMENT_3D('',#2943,#2351,#2352);
#2018=AXIS2_PLACEMENT_3D('',#2945,#2353,#2354);
#2019=AXIS2_PLACEMENT_3D('',#2947,#2356,#2357);
#2020=AXIS2_PLACEMENT_3D('',#2951,#2360,#2361);
#2021=AXIS2_PLACEMENT_3D('',#2952,#2362,#2363);
#2022=AXIS2_PLACEMENT_3D('',#2953,#2364,#2365);
#2023=AXIS2_PLACEMENT_3D('',#2959,#2369,#2370);
#2024=AXIS2_PLACEMENT_3D('',#2961,#2371,#2372);
#2025=AXIS2_PLACEMENT_3D('',#2963,#2374,#2375);
#2026=AXIS2_PLACEMENT_3D('',#2967,#2378,#2379);
#2027=AXIS2_PLACEMENT_3D('',#2969,#2380,#2381);
#2028=AXIS2_PLACEMENT_3D('',#2971,#2383,#2384);
#2029=AXIS2_PLACEMENT_3D('',#2975,#2387,#2388);
#2030=AXIS2_PLACEMENT_3D('',#2977,#2389,#2390);
#2031=AXIS2_PLACEMENT_3D('',#2979,#2392,#2393);
#2032=AXIS2_PLACEMENT_3D('',#2983,#2396,#2397);
#2033=AXIS2_PLACEMENT_3D('',#2984,#2398,#2399);
#2034=AXIS2_PLACEMENT_3D('',#2985,#2400,#2401);
#2035=AXIS2_PLACEMENT_3D('',#2991,#2405,#2406);
#2036=AXIS2_PLACEMENT_3D('',#2993,#2407,#2408);
#2037=AXIS2_PLACEMENT_3D('',#2995,#2410,#2411);
#2038=AXIS2_PLACEMENT_3D('',#2999,#2414,#2415);
#2039=AXIS2_PLACEMENT_3D('',#3001,#2416,#2417);
#2040=AXIS2_PLACEMENT_3D('',#3003,#2419,#2420);
#2041=AXIS2_PLACEMENT_3D('',#3007,#2423,#2424);
#2042=AXIS2_PLACEMENT_3D('',#3009,#2425,#2426);
#2043=AXIS2_PLACEMENT_3D('',#3011,#2428,#2429);
#2044=AXIS2_PLACEMENT_3D('',#3015,#2432,#2433);
#2045=AXIS2_PLACEMENT_3D('',#3016,#2434,#2435);
#2046=AXIS2_PLACEMENT_3D('',#3017,#2436,#2437);
#2047=AXIS2_PLACEMENT_3D('',#3023,#2441,#2442);
#2048=AXIS2_PLACEMENT_3D('',#3025,#2443,#2444);
#2049=AXIS2_PLACEMENT_3D('',#3027,#2446,#2447);
#2050=AXIS2_PLACEMENT_3D('',#3031,#2450,#2451);
#2051=AXIS2_PLACEMENT_3D('',#3033,#2452,#2453);
#2052=AXIS2_PLACEMENT_3D('',#3035,#2455,#2456);
#2053=AXIS2_PLACEMENT_3D('',#3039,#2459,#2460);
#2054=AXIS2_PLACEMENT_3D('',#3041,#2461,#2462);
#2055=AXIS2_PLACEMENT_3D('',#3043,#2464,#2465);
#2056=AXIS2_PLACEMENT_3D('',#3047,#2468,#2469);
#2057=AXIS2_PLACEMENT_3D('',#3048,#2470,#2471);
#2058=AXIS2_PLACEMENT_3D('',#3049,#2472,#2473);
#2059=AXIS2_PLACEMENT_3D('',#3055,#2477,#2478);
#2060=AXIS2_PLACEMENT_3D('',#3057,#2479,#2480);
#2061=AXIS2_PLACEMENT_3D('',#3059,#2482,#2483);
#2062=AXIS2_PLACEMENT_3D('',#3063,#2486,#2487);
#2063=AXIS2_PLACEMENT_3D('',#3065,#2488,#2489);
#2064=AXIS2_PLACEMENT_3D('',#3067,#2491,#2492);
#2065=AXIS2_PLACEMENT_3D('',#3071,#2495,#2496);
#2066=AXIS2_PLACEMENT_3D('',#3073,#2497,#2498);
#2067=AXIS2_PLACEMENT_3D('',#3075,#2500,#2501);
#2068=AXIS2_PLACEMENT_3D('',#3079,#2504,#2505);
#2069=AXIS2_PLACEMENT_3D('',#3080,#2506,#2507);
#2070=AXIS2_PLACEMENT_3D('',#3081,#2508,#2509);
#2071=AXIS2_PLACEMENT_3D('',#3087,#2513,#2514);
#2072=AXIS2_PLACEMENT_3D('',#3089,#2515,#2516);
#2073=AXIS2_PLACEMENT_3D('',#3091,#2518,#2519);
#2074=AXIS2_PLACEMENT_3D('',#3095,#2522,#2523);
#2075=AXIS2_PLACEMENT_3D('',#3097,#2524,#2525);
#2076=AXIS2_PLACEMENT_3D('',#3099,#2527,#2528);
#2077=AXIS2_PLACEMENT_3D('',#3103,#2531,#2532);
#2078=AXIS2_PLACEMENT_3D('',#3105,#2533,#2534);
#2079=AXIS2_PLACEMENT_3D('',#3107,#2536,#2537);
#2080=AXIS2_PLACEMENT_3D('',#3111,#2540,#2541);
#2081=AXIS2_PLACEMENT_3D('',#3112,#2542,#2543);
#2082=AXIS2_PLACEMENT_3D('',#3113,#2544,#2545);
#2083=AXIS2_PLACEMENT_3D('',#3119,#2549,#2550);
#2084=AXIS2_PLACEMENT_3D('',#3121,#2551,#2552);
#2085=AXIS2_PLACEMENT_3D('',#3123,#2554,#2555);
#2086=AXIS2_PLACEMENT_3D('',#3127,#2558,#2559);
#2087=AXIS2_PLACEMENT_3D('',#3129,#2560,#2561);
#2088=AXIS2_PLACEMENT_3D('',#3131,#2563,#2564);
#2089=AXIS2_PLACEMENT_3D('',#3135,#2567,#2568);
#2090=AXIS2_PLACEMENT_3D('',#3137,#2569,#2570);
#2091=AXIS2_PLACEMENT_3D('',#3139,#2572,#2573);
#2092=AXIS2_PLACEMENT_3D('',#3143,#2576,#2577);
#2093=AXIS2_PLACEMENT_3D('',#3144,#2578,#2579);
#2094=AXIS2_PLACEMENT_3D('',#3145,#2580,#2581);
#2095=AXIS2_PLACEMENT_3D('',#3151,#2585,#2586);
#2096=AXIS2_PLACEMENT_3D('',#3153,#2587,#2588);
#2097=AXIS2_PLACEMENT_3D('',#3155,#2590,#2591);
#2098=AXIS2_PLACEMENT_3D('',#3159,#2594,#2595);
#2099=AXIS2_PLACEMENT_3D('',#3161,#2596,#2597);
#2100=AXIS2_PLACEMENT_3D('',#3163,#2599,#2600);
#2101=AXIS2_PLACEMENT_3D('',#3167,#2603,#2604);
#2102=AXIS2_PLACEMENT_3D('',#3169,#2605,#2606);
#2103=AXIS2_PLACEMENT_3D('',#3171,#2608,#2609);
#2104=AXIS2_PLACEMENT_3D('',#3175,#2612,#2613);
#2105=AXIS2_PLACEMENT_3D('',#3176,#2614,#2615);
#2106=AXIS2_PLACEMENT_3D('',#3177,#2616,#2617);
#2107=AXIS2_PLACEMENT_3D('',#3183,#2621,#2622);
#2108=AXIS2_PLACEMENT_3D('',#3185,#2623,#2624);
#2109=AXIS2_PLACEMENT_3D('',#3187,#2626,#2627);
#2110=AXIS2_PLACEMENT_3D('',#3191,#2630,#2631);
#2111=AXIS2_PLACEMENT_3D('',#3193,#2632,#2633);
#2112=AXIS2_PLACEMENT_3D('',#3195,#2635,#2636);
#2113=AXIS2_PLACEMENT_3D('',#3199,#2639,#2640);
#2114=AXIS2_PLACEMENT_3D('',#3201,#2641,#2642);
#2115=AXIS2_PLACEMENT_3D('',#3203,#2644,#2645);
#2116=AXIS2_PLACEMENT_3D('',#3207,#2648,#2649);
#2117=AXIS2_PLACEMENT_3D('',#3208,#2650,#2651);
#2118=AXIS2_PLACEMENT_3D('',#3209,#2652,#2653);
#2119=AXIS2_PLACEMENT_3D('',#3215,#2657,#2658);
#2120=AXIS2_PLACEMENT_3D('',#3217,#2660,#2661);
#2121=AXIS2_PLACEMENT_3D('',#3221,#2664,#2665);
#2122=AXIS2_PLACEMENT_3D('',#3223,#2667,#2668);
#2123=DIRECTION('axis',(0.,0.,1.));
#2124=DIRECTION('refdir',(1.,0.,0.));
#2125=DIRECTION('center_axis',(0.,0.,1.));
#2126=DIRECTION('ref_axis',(1.,0.,0.));
#2127=DIRECTION('center_axis',(0.,0.,1.));
#2128=DIRECTION('ref_axis',(1.,0.,0.));
#2129=DIRECTION('',(0.,0.,1.));
#2130=DIRECTION('center_axis',(0.,0.,-1.));
#2131=DIRECTION('ref_axis',(1.,0.,0.));
#2132=DIRECTION('center_axis',(0.,0.,1.));
#2133=DIRECTION('ref_axis',(1.,0.,0.));
#2134=DIRECTION('center_axis',(0.,0.,1.));
#2135=DIRECTION('ref_axis',(1.,0.,0.));
#2136=DIRECTION('',(0.,0.,1.));
#2137=DIRECTION('center_axis',(0.,0.,-1.));
#2138=DIRECTION('ref_axis',(1.,0.,0.));
#2139=DIRECTION('center_axis',(0.,0.,1.));
#2140=DIRECTION('ref_axis',(1.,0.,0.));
#2141=DIRECTION('center_axis',(0.,0.,1.));
#2142=DIRECTION('ref_axis',(1.,0.,0.));
#2143=DIRECTION('',(0.,0.,1.));
#2144=DIRECTION('center_axis',(0.,0.,-1.));
#2145=DIRECTION('ref_axis',(1.,0.,0.));
#2146=DIRECTION('center_axis',(0.,0.,1.));
#2147=DIRECTION('ref_axis',(1.,0.,0.));
#2148=DIRECTION('center_axis',(0.,0.,1.));
#2149=DIRECTION('ref_axis',(1.,0.,0.));
#2150=DIRECTION('',(0.,0.,1.));
#2151=DIRECTION('center_axis',(0.,0.,-1.));
#2152=DIRECTION('ref_axis',(1.,0.,0.));
#2153=DIRECTION('center_axis',(1.,0.,0.));
#2154=DIRECTION('ref_axis',(0.,-1.,0.));
#2155=DIRECTION('',(0.,1.,0.));
#2156=DIRECTION('',(0.,0.,-1.));
#2157=DIRECTION('',(0.,-1.,0.));
#2158=DIRECTION('',(0.,0.,-1.));
#2159=DIRECTION('center_axis',(0.,1.,0.));
#2160=DIRECTION('ref_axis',(1.,0.,0.));
#2161=DIRECTION('',(-1.,0.,0.));
#2162=DIRECTION('',(1.,0.,0.));
#2163=DIRECTION('',(0.,0.,-1.));
#2164=DIRECTION('center_axis',(-1.,-3.94574149818471E-17,0.));
#2165=DIRECTION('ref_axis',(-3.94574149818471E-17,1.,0.));
#2166=DIRECTION('',(3.94574149818471E-17,-1.,0.));
#2167=DIRECTION('',(-3.94574149818471E-17,1.,0.));
#2168=DIRECTION('',(0.,0.,-1.));
#2169=DIRECTION('center_axis',(0.,-1.,0.));
#2170=DIRECTION('ref_axis',(-1.,0.,0.));
#2171=DIRECTION('',(1.,0.,0.));
#2172=DIRECTION('',(-1.,0.,0.));
#2173=DIRECTION('center_axis',(0.,-1.,0.));
#2174=DIRECTION('ref_axis',(-1.,0.,0.));
#2175=DIRECTION('',(1.,0.,0.));
#2176=DIRECTION('',(0.,0.,-1.));
#2177=DIRECTION('',(-1.,0.,0.));
#2178=DIRECTION('',(0.,0.,-1.));
#2179=DIRECTION('center_axis',(1.,0.,0.));
#2180=DIRECTION('ref_axis',(0.,-1.,0.));
#2181=DIRECTION('',(0.,1.,0.));
#2182=DIRECTION('',(0.,-1.,0.));
#2183=DIRECTION('',(0.,0.,1.));
#2184=DIRECTION('center_axis',(-1.,0.,0.));
#2185=DIRECTION('ref_axis',(0.,1.,0.));
#2186=DIRECTION('',(0.,-1.,0.));
#2187=DIRECTION('',(0.,0.,-1.));
#2188=DIRECTION('',(0.,1.,0.));
#2189=DIRECTION('center_axis',(0.,0.,1.));
#2190=DIRECTION('ref_axis',(1.,0.,0.));
#2191=DIRECTION('',(1.,0.,0.));
#2192=DIRECTION('',(-1.79724077723168E-16,-1.,0.));
#2193=DIRECTION('',(-1.,0.,0.));
#2194=DIRECTION('',(0.,1.,0.));
#2195=DIRECTION('',(1.,0.,0.));
#2196=DIRECTION('',(0.,1.,0.));
#2197=DIRECTION('',(-1.,0.,0.));
#2198=DIRECTION('',(0.,-1.,0.));
#2199=DIRECTION('',(1.,0.,0.));
#2200=DIRECTION('',(-1.,0.,0.));
#2201=DIRECTION('center_axis',(0.,0.,1.));
#2202=DIRECTION('ref_axis',(0.,1.,0.));
#2203=DIRECTION('',(0.,-1.,0.));
#2204=DIRECTION('center_axis',(0.,0.,1.));
#2205=DIRECTION('ref_axis',(-1.,0.,0.));
#2206=DIRECTION('',(1.,0.,0.));
#2207=DIRECTION('center_axis',(0.,0.,1.));
#2208=DIRECTION('ref_axis',(0.,-1.,0.));
#2209=DIRECTION('',(0.,1.,0.));
#2210=DIRECTION('center_axis',(0.,0.,1.));
#2211=DIRECTION('ref_axis',(1.,0.,0.));
#2212=DIRECTION('',(-1.,0.,0.));
#2213=DIRECTION('center_axis',(0.,0.,1.));
#2214=DIRECTION('ref_axis',(0.,1.,0.));
#2215=DIRECTION('',(0.,-1.,0.));
#2216=DIRECTION('center_axis',(0.,0.,1.));
#2217=DIRECTION('ref_axis',(-1.,0.,0.));
#2218=DIRECTION('',(1.,0.,0.));
#2219=DIRECTION('center_axis',(0.,0.,1.));
#2220=DIRECTION('ref_axis',(0.,-1.,0.));
#2221=DIRECTION('',(0.,1.,0.));
#2222=DIRECTION('center_axis',(0.,0.,1.));
#2223=DIRECTION('ref_axis',(1.,0.,0.));
#2224=DIRECTION('',(-1.,0.,0.));
#2225=DIRECTION('center_axis',(0.,0.,1.));
#2226=DIRECTION('ref_axis',(0.,1.,0.));
#2227=DIRECTION('',(0.,-1.,0.));
#2228=DIRECTION('center_axis',(0.,0.,1.));
#2229=DIRECTION('ref_axis',(-1.,0.,0.));
#2230=DIRECTION('',(1.,0.,0.));
#2231=DIRECTION('center_axis',(0.,0.,1.));
#2232=DIRECTION('ref_axis',(0.,-1.,0.));
#2233=DIRECTION('',(0.,1.,0.));
#2234=DIRECTION('center_axis',(0.,0.,1.));
#2235=DIRECTION('ref_axis',(1.,0.,0.));
#2236=DIRECTION('',(-1.,0.,0.));
#2237=DIRECTION('center_axis',(0.,0.,1.));
#2238=DIRECTION('ref_axis',(0.,1.,0.));
#2239=DIRECTION('',(0.,-1.,0.));
#2240=DIRECTION('center_axis',(0.,0.,1.));
#2241=DIRECTION('ref_axis',(-1.,0.,0.));
#2242=DIRECTION('',(1.,0.,0.));
#2243=DIRECTION('center_axis',(0.,0.,1.));
#2244=DIRECTION('ref_axis',(0.,-1.,0.));
#2245=DIRECTION('',(0.,1.,0.));
#2246=DIRECTION('center_axis',(0.,0.,1.));
#2247=DIRECTION('ref_axis',(1.,0.,0.));
#2248=DIRECTION('',(-1.,0.,0.));
#2249=DIRECTION('center_axis',(0.,0.,1.));
#2250=DIRECTION('ref_axis',(0.,1.,0.));
#2251=DIRECTION('',(0.,-1.,0.));
#2252=DIRECTION('center_axis',(0.,0.,1.));
#2253=DIRECTION('ref_axis',(-1.,0.,0.));
#2254=DIRECTION('',(1.,0.,0.));
#2255=DIRECTION('center_axis',(0.,0.,1.));
#2256=DIRECTION('ref_axis',(0.,-1.,0.));
#2257=DIRECTION('',(0.,1.,0.));
#2258=DIRECTION('center_axis',(0.,0.,1.));
#2259=DIRECTION('ref_axis',(1.,0.,0.));
#2260=DIRECTION('',(-1.,0.,0.));
#2261=DIRECTION('center_axis',(0.,0.,1.));
#2262=DIRECTION('ref_axis',(0.,1.,0.));
#2263=DIRECTION('',(0.,-1.,0.));
#2264=DIRECTION('center_axis',(0.,0.,1.));
#2265=DIRECTION('ref_axis',(-1.,0.,0.));
#2266=DIRECTION('',(1.,0.,0.));
#2267=DIRECTION('center_axis',(0.,0.,1.));
#2268=DIRECTION('ref_axis',(0.,-1.,0.));
#2269=DIRECTION('',(0.,1.,0.));
#2270=DIRECTION('center_axis',(0.,0.,1.));
#2271=DIRECTION('ref_axis',(1.,0.,0.));
#2272=DIRECTION('',(-1.,0.,0.));
#2273=DIRECTION('center_axis',(0.,0.,1.));
#2274=DIRECTION('ref_axis',(0.,1.,0.));
#2275=DIRECTION('',(0.,-1.,0.));
#2276=DIRECTION('center_axis',(0.,0.,1.));
#2277=DIRECTION('ref_axis',(-1.,0.,0.));
#2278=DIRECTION('',(1.,0.,0.));
#2279=DIRECTION('center_axis',(0.,0.,1.));
#2280=DIRECTION('ref_axis',(0.,-1.,0.));
#2281=DIRECTION('',(0.,1.,0.));
#2282=DIRECTION('center_axis',(0.,0.,1.));
#2283=DIRECTION('ref_axis',(1.,0.,0.));
#2284=DIRECTION('',(-1.,0.,0.));
#2285=DIRECTION('center_axis',(0.,0.,1.));
#2286=DIRECTION('ref_axis',(0.,1.,0.));
#2287=DIRECTION('',(0.,-1.,0.));
#2288=DIRECTION('center_axis',(0.,0.,1.));
#2289=DIRECTION('ref_axis',(-1.,0.,0.));
#2290=DIRECTION('',(1.,0.,0.));
#2291=DIRECTION('center_axis',(0.,0.,1.));
#2292=DIRECTION('ref_axis',(0.,-1.,0.));
#2293=DIRECTION('',(0.,1.,0.));
#2294=DIRECTION('center_axis',(0.,0.,1.));
#2295=DIRECTION('ref_axis',(1.,0.,0.));
#2296=DIRECTION('',(-1.,0.,0.));
#2297=DIRECTION('center_axis',(0.,0.,1.));
#2298=DIRECTION('ref_axis',(0.,1.,0.));
#2299=DIRECTION('',(0.,-1.,0.));
#2300=DIRECTION('center_axis',(0.,0.,1.));
#2301=DIRECTION('ref_axis',(-1.,0.,0.));
#2302=DIRECTION('',(1.,0.,0.));
#2303=DIRECTION('center_axis',(0.,0.,1.));
#2304=DIRECTION('ref_axis',(0.,-1.,0.));
#2305=DIRECTION('',(0.,1.,0.));
#2306=DIRECTION('center_axis',(0.,0.,1.));
#2307=DIRECTION('ref_axis',(1.,0.,0.));
#2308=DIRECTION('center_axis',(0.,1.,0.));
#2309=DIRECTION('ref_axis',(-1.,0.,0.));
#2310=DIRECTION('',(-1.,0.,0.));
#2311=DIRECTION('',(0.,0.,1.));
#2312=DIRECTION('center_axis',(-1.,0.,0.));
#2313=DIRECTION('ref_axis',(0.,1.,0.));
#2314=DIRECTION('',(0.,0.,-1.));
#2315=DIRECTION('',(0.,1.,0.));
#2316=DIRECTION('',(0.,0.,-1.));
#2317=DIRECTION('center_axis',(0.,-1.,0.));
#2318=DIRECTION('ref_axis',(-1.,0.,0.));
#2319=DIRECTION('',(-1.,0.,0.));
#2320=DIRECTION('',(0.,0.,-1.));
#2321=DIRECTION('center_axis',(1.,0.,0.));
#2322=DIRECTION('ref_axis',(0.,-1.,0.));
#2323=DIRECTION('',(0.,-1.,0.));
#2324=DIRECTION('',(0.,0.,-1.));
#2325=DIRECTION('center_axis',(0.,1.,0.));
#2326=DIRECTION('ref_axis',(1.,0.,0.));
#2327=DIRECTION('',(1.,0.,0.));
#2328=DIRECTION('center_axis',(0.,-1.,0.));
#2329=DIRECTION('ref_axis',(1.,0.,0.));
#2330=DIRECTION('',(-1.,0.,0.));
#2331=DIRECTION('',(0.,0.,1.));
#2332=DIRECTION('',(0.,0.,1.));
#2333=DIRECTION('center_axis',(0.,0.,1.));
#2334=DIRECTION('ref_axis',(-1.,0.,0.));
#2335=DIRECTION('center_axis',(0.,0.,-1.));
#2336=DIRECTION('ref_axis',(-1.,0.,0.));
#2337=DIRECTION('',(0.,0.,1.));
#2338=DIRECTION('center_axis',(-1.,0.,0.));
#2339=DIRECTION('ref_axis',(0.,-1.,0.));
#2340=DIRECTION('',(0.,1.,0.));
#2341=DIRECTION('',(0.,0.,1.));
#2342=DIRECTION('center_axis',(0.,0.,1.));
#2343=DIRECTION('ref_axis',(0.,1.,0.));
#2344=DIRECTION('center_axis',(0.,0.,-1.));
#2345=DIRECTION('ref_axis',(0.,1.,0.));
#2346=DIRECTION('',(0.,0.,1.));
#2347=DIRECTION('center_axis',(0.,1.,0.));
#2348=DIRECTION('ref_axis',(-1.,0.,0.));
#2349=DIRECTION('',(1.,0.,0.));
#2350=DIRECTION('',(0.,0.,1.));
#2351=DIRECTION('center_axis',(0.,0.,1.));
#2352=DIRECTION('ref_axis',(1.,0.,0.));
#2353=DIRECTION('center_axis',(0.,0.,-1.));
#2354=DIRECTION('ref_axis',(1.,0.,0.));
#2355=DIRECTION('',(0.,0.,1.));
#2356=DIRECTION('center_axis',(1.,0.,0.));
#2357=DIRECTION('ref_axis',(0.,1.,0.));
#2358=DIRECTION('',(0.,-1.,0.));
#2359=DIRECTION('',(0.,0.,1.));
#2360=DIRECTION('center_axis',(0.,0.,1.));
#2361=DIRECTION('ref_axis',(0.,-1.,0.));
#2362=DIRECTION('center_axis',(0.,0.,-1.));
#2363=DIRECTION('ref_axis',(0.,-1.,0.));
#2364=DIRECTION('center_axis',(0.,-1.,0.));
#2365=DIRECTION('ref_axis',(1.,0.,0.));
#2366=DIRECTION('',(-1.,0.,0.));
#2367=DIRECTION('',(0.,0.,1.));
#2368=DIRECTION('',(0.,0.,1.));
#2369=DIRECTION('center_axis',(0.,0.,1.));
#2370=DIRECTION('ref_axis',(-1.,0.,0.));
#2371=DIRECTION('center_axis',(0.,0.,-1.));
#2372=DIRECTION('ref_axis',(-1.,0.,0.));
#2373=DIRECTION('',(0.,0.,1.));
#2374=DIRECTION('center_axis',(-1.,0.,0.));
#2375=DIRECTION('ref_axis',(0.,-1.,0.));
#2376=DIRECTION('',(0.,1.,0.));
#2377=DIRECTION('',(0.,0.,1.));
#2378=DIRECTION('center_axis',(0.,0.,1.));
#2379=DIRECTION('ref_axis',(0.,1.,0.));
#2380=DIRECTION('center_axis',(0.,0.,-1.));
#2381=DIRECTION('ref_axis',(0.,1.,0.));
#2382=DIRECTION('',(0.,0.,1.));
#2383=DIRECTION('center_axis',(0.,1.,0.));
#2384=DIRECTION('ref_axis',(-1.,0.,0.));
#2385=DIRECTION('',(1.,0.,0.));
#2386=DIRECTION('',(0.,0.,1.));
#2387=DIRECTION('center_axis',(0.,0.,1.));
#2388=DIRECTION('ref_axis',(1.,0.,0.));
#2389=DIRECTION('center_axis',(0.,0.,-1.));
#2390=DIRECTION('ref_axis',(1.,0.,0.));
#2391=DIRECTION('',(0.,0.,1.));
#2392=DIRECTION('center_axis',(1.,0.,0.));
#2393=DIRECTION('ref_axis',(0.,1.,0.));
#2394=DIRECTION('',(0.,-1.,0.));
#2395=DIRECTION('',(0.,0.,1.));
#2396=DIRECTION('center_axis',(0.,0.,1.));
#2397=DIRECTION('ref_axis',(0.,-1.,0.));
#2398=DIRECTION('center_axis',(0.,0.,-1.));
#2399=DIRECTION('ref_axis',(0.,-1.,0.));
#2400=DIRECTION('center_axis',(0.,-1.,0.));
#2401=DIRECTION('ref_axis',(1.,0.,0.));
#2402=DIRECTION('',(-1.,0.,0.));
#2403=DIRECTION('',(0.,0.,1.));
#2404=DIRECTION('',(0.,0.,1.));
#2405=DIRECTION('center_axis',(0.,0.,1.));
#2406=DIRECTION('ref_axis',(-1.,0.,0.));
#2407=DIRECTION('center_axis',(0.,0.,-1.));
#2408=DIRECTION('ref_axis',(-1.,0.,0.));
#2409=DIRECTION('',(0.,0.,1.));
#2410=DIRECTION('center_axis',(-1.,0.,0.));
#2411=DIRECTION('ref_axis',(0.,-1.,0.));
#2412=DIRECTION('',(0.,1.,0.));
#2413=DIRECTION('',(0.,0.,1.));
#2414=DIRECTION('center_axis',(0.,0.,1.));
#2415=DIRECTION('ref_axis',(0.,1.,0.));
#2416=DIRECTION('center_axis',(0.,0.,-1.));
#2417=DIRECTION('ref_axis',(0.,1.,0.));
#2418=DIRECTION('',(0.,0.,1.));
#2419=DIRECTION('center_axis',(0.,1.,0.));
#2420=DIRECTION('ref_axis',(-1.,0.,0.));
#2421=DIRECTION('',(1.,0.,0.));
#2422=DIRECTION('',(0.,0.,1.));
#2423=DIRECTION('center_axis',(0.,0.,1.));
#2424=DIRECTION('ref_axis',(1.,0.,0.));
#2425=DIRECTION('center_axis',(0.,0.,-1.));
#2426=DIRECTION('ref_axis',(1.,0.,0.));
#2427=DIRECTION('',(0.,0.,1.));
#2428=DIRECTION('center_axis',(1.,0.,0.));
#2429=DIRECTION('ref_axis',(0.,1.,0.));
#2430=DIRECTION('',(0.,-1.,0.));
#2431=DIRECTION('',(0.,0.,1.));
#2432=DIRECTION('center_axis',(0.,0.,1.));
#2433=DIRECTION('ref_axis',(0.,-1.,0.));
#2434=DIRECTION('center_axis',(0.,0.,-1.));
#2435=DIRECTION('ref_axis',(0.,-1.,0.));
#2436=DIRECTION('center_axis',(0.,-1.,0.));
#2437=DIRECTION('ref_axis',(1.,0.,0.));
#2438=DIRECTION('',(-1.,0.,0.));
#2439=DIRECTION('',(0.,0.,1.));
#2440=DIRECTION('',(0.,0.,1.));
#2441=DIRECTION('center_axis',(0.,0.,1.));
#2442=DIRECTION('ref_axis',(-1.,0.,0.));
#2443=DIRECTION('center_axis',(0.,0.,-1.));
#2444=DIRECTION('ref_axis',(-1.,0.,0.));
#2445=DIRECTION('',(0.,0.,1.));
#2446=DIRECTION('center_axis',(-1.,0.,0.));
#2447=DIRECTION('ref_axis',(0.,-1.,0.));
#2448=DIRECTION('',(0.,1.,0.));
#2449=DIRECTION('',(0.,0.,1.));
#2450=DIRECTION('center_axis',(0.,0.,1.));
#2451=DIRECTION('ref_axis',(0.,1.,0.));
#2452=DIRECTION('center_axis',(0.,0.,-1.));
#2453=DIRECTION('ref_axis',(0.,1.,0.));
#2454=DIRECTION('',(0.,0.,1.));
#2455=DIRECTION('center_axis',(0.,1.,0.));
#2456=DIRECTION('ref_axis',(-1.,0.,0.));
#2457=DIRECTION('',(1.,0.,0.));
#2458=DIRECTION('',(0.,0.,1.));
#2459=DIRECTION('center_axis',(0.,0.,1.));
#2460=DIRECTION('ref_axis',(1.,0.,0.));
#2461=DIRECTION('center_axis',(0.,0.,-1.));
#2462=DIRECTION('ref_axis',(1.,0.,0.));
#2463=DIRECTION('',(0.,0.,1.));
#2464=DIRECTION('center_axis',(1.,0.,0.));
#2465=DIRECTION('ref_axis',(0.,1.,0.));
#2466=DIRECTION('',(0.,-1.,0.));
#2467=DIRECTION('',(0.,0.,1.));
#2468=DIRECTION('center_axis',(0.,0.,1.));
#2469=DIRECTION('ref_axis',(0.,-1.,0.));
#2470=DIRECTION('center_axis',(0.,0.,-1.));
#2471=DIRECTION('ref_axis',(0.,-1.,0.));
#2472=DIRECTION('center_axis',(0.,-1.,0.));
#2473=DIRECTION('ref_axis',(1.,0.,0.));
#2474=DIRECTION('',(-1.,0.,0.));
#2475=DIRECTION('',(0.,0.,1.));
#2476=DIRECTION('',(0.,0.,1.));
#2477=DIRECTION('center_axis',(0.,0.,1.));
#2478=DIRECTION('ref_axis',(-1.,0.,0.));
#2479=DIRECTION('center_axis',(0.,0.,-1.));
#2480=DIRECTION('ref_axis',(-1.,0.,0.));
#2481=DIRECTION('',(0.,0.,1.));
#2482=DIRECTION('center_axis',(-1.,0.,0.));
#2483=DIRECTION('ref_axis',(0.,-1.,0.));
#2484=DIRECTION('',(0.,1.,0.));
#2485=DIRECTION('',(0.,0.,1.));
#2486=DIRECTION('center_axis',(0.,0.,1.));
#2487=DIRECTION('ref_axis',(0.,1.,0.));
#2488=DIRECTION('center_axis',(0.,0.,-1.));
#2489=DIRECTION('ref_axis',(0.,1.,0.));
#2490=DIRECTION('',(0.,0.,1.));
#2491=DIRECTION('center_axis',(0.,1.,0.));
#2492=DIRECTION('ref_axis',(-1.,0.,0.));
#2493=DIRECTION('',(1.,0.,0.));
#2494=DIRECTION('',(0.,0.,1.));
#2495=DIRECTION('center_axis',(0.,0.,1.));
#2496=DIRECTION('ref_axis',(1.,0.,0.));
#2497=DIRECTION('center_axis',(0.,0.,-1.));
#2498=DIRECTION('ref_axis',(1.,0.,0.));
#2499=DIRECTION('',(0.,0.,1.));
#2500=DIRECTION('center_axis',(1.,0.,0.));
#2501=DIRECTION('ref_axis',(0.,1.,0.));
#2502=DIRECTION('',(0.,-1.,0.));
#2503=DIRECTION('',(0.,0.,1.));
#2504=DIRECTION('center_axis',(0.,0.,1.));
#2505=DIRECTION('ref_axis',(0.,-1.,0.));
#2506=DIRECTION('center_axis',(0.,0.,-1.));
#2507=DIRECTION('ref_axis',(0.,-1.,0.));
#2508=DIRECTION('center_axis',(0.,-1.,0.));
#2509=DIRECTION('ref_axis',(1.,0.,0.));
#2510=DIRECTION('',(-1.,0.,0.));
#2511=DIRECTION('',(0.,0.,1.));
#2512=DIRECTION('',(0.,0.,1.));
#2513=DIRECTION('center_axis',(0.,0.,1.));
#2514=DIRECTION('ref_axis',(-1.,0.,0.));
#2515=DIRECTION('center_axis',(0.,0.,-1.));
#2516=DIRECTION('ref_axis',(-1.,0.,0.));
#2517=DIRECTION('',(0.,0.,1.));
#2518=DIRECTION('center_axis',(-1.,0.,0.));
#2519=DIRECTION('ref_axis',(0.,-1.,0.));
#2520=DIRECTION('',(0.,1.,0.));
#2521=DIRECTION('',(0.,0.,1.));
#2522=DIRECTION('center_axis',(0.,0.,1.));
#2523=DIRECTION('ref_axis',(0.,1.,0.));
#2524=DIRECTION('center_axis',(0.,0.,-1.));
#2525=DIRECTION('ref_axis',(0.,1.,0.));
#2526=DIRECTION('',(0.,0.,1.));
#2527=DIRECTION('center_axis',(0.,1.,0.));
#2528=DIRECTION('ref_axis',(-1.,0.,0.));
#2529=DIRECTION('',(1.,0.,0.));
#2530=DIRECTION('',(0.,0.,1.));
#2531=DIRECTION('center_axis',(0.,0.,1.));
#2532=DIRECTION('ref_axis',(1.,0.,0.));
#2533=DIRECTION('center_axis',(0.,0.,-1.));
#2534=DIRECTION('ref_axis',(1.,0.,0.));
#2535=DIRECTION('',(0.,0.,1.));
#2536=DIRECTION('center_axis',(1.,0.,0.));
#2537=DIRECTION('ref_axis',(0.,1.,0.));
#2538=DIRECTION('',(0.,-1.,0.));
#2539=DIRECTION('',(0.,0.,1.));
#2540=DIRECTION('center_axis',(0.,0.,1.));
#2541=DIRECTION('ref_axis',(0.,-1.,0.));
#2542=DIRECTION('center_axis',(0.,0.,-1.));
#2543=DIRECTION('ref_axis',(0.,-1.,0.));
#2544=DIRECTION('center_axis',(0.,-1.,0.));
#2545=DIRECTION('ref_axis',(1.,0.,0.));
#2546=DIRECTION('',(-1.,0.,0.));
#2547=DIRECTION('',(0.,0.,1.));
#2548=DIRECTION('',(0.,0.,1.));
#2549=DIRECTION('center_axis',(0.,0.,1.));
#2550=DIRECTION('ref_axis',(-1.,0.,0.));
#2551=DIRECTION('center_axis',(0.,0.,-1.));
#2552=DIRECTION('ref_axis',(-1.,0.,0.));
#2553=DIRECTION('',(0.,0.,1.));
#2554=DIRECTION('center_axis',(-1.,0.,0.));
#2555=DIRECTION('ref_axis',(0.,-1.,0.));
#2556=DIRECTION('',(0.,1.,0.));
#2557=DIRECTION('',(0.,0.,1.));
#2558=DIRECTION('center_axis',(0.,0.,1.));
#2559=DIRECTION('ref_axis',(0.,1.,0.));
#2560=DIRECTION('center_axis',(0.,0.,-1.));
#2561=DIRECTION('ref_axis',(0.,1.,0.));
#2562=DIRECTION('',(0.,0.,1.));
#2563=DIRECTION('center_axis',(0.,1.,0.));
#2564=DIRECTION('ref_axis',(-1.,0.,0.));
#2565=DIRECTION('',(1.,0.,0.));
#2566=DIRECTION('',(0.,0.,1.));
#2567=DIRECTION('center_axis',(0.,0.,1.));
#2568=DIRECTION('ref_axis',(1.,0.,0.));
#2569=DIRECTION('center_axis',(0.,0.,-1.));
#2570=DIRECTION('ref_axis',(1.,0.,0.));
#2571=DIRECTION('',(0.,0.,1.));
#2572=DIRECTION('center_axis',(1.,0.,0.));
#2573=DIRECTION('ref_axis',(0.,1.,0.));
#2574=DIRECTION('',(0.,-1.,0.));
#2575=DIRECTION('',(0.,0.,1.));
#2576=DIRECTION('center_axis',(0.,0.,1.));
#2577=DIRECTION('ref_axis',(0.,-1.,0.));
#2578=DIRECTION('center_axis',(0.,0.,-1.));
#2579=DIRECTION('ref_axis',(0.,-1.,0.));
#2580=DIRECTION('center_axis',(0.,-1.,0.));
#2581=DIRECTION('ref_axis',(1.,0.,0.));
#2582=DIRECTION('',(-1.,0.,0.));
#2583=DIRECTION('',(0.,0.,1.));
#2584=DIRECTION('',(0.,0.,1.));
#2585=DIRECTION('center_axis',(0.,0.,1.));
#2586=DIRECTION('ref_axis',(-1.,0.,0.));
#2587=DIRECTION('center_axis',(0.,0.,-1.));
#2588=DIRECTION('ref_axis',(-1.,0.,0.));
#2589=DIRECTION('',(0.,0.,1.));
#2590=DIRECTION('center_axis',(-1.,0.,0.));
#2591=DIRECTION('ref_axis',(0.,-1.,0.));
#2592=DIRECTION('',(0.,1.,0.));
#2593=DIRECTION('',(0.,0.,1.));
#2594=DIRECTION('center_axis',(0.,0.,1.));
#2595=DIRECTION('ref_axis',(0.,1.,0.));
#2596=DIRECTION('center_axis',(0.,0.,-1.));
#2597=DIRECTION('ref_axis',(0.,1.,0.));
#2598=DIRECTION('',(0.,0.,1.));
#2599=DIRECTION('center_axis',(0.,1.,0.));
#2600=DIRECTION('ref_axis',(-1.,0.,0.));
#2601=DIRECTION('',(1.,0.,0.));
#2602=DIRECTION('',(0.,0.,1.));
#2603=DIRECTION('center_axis',(0.,0.,1.));
#2604=DIRECTION('ref_axis',(1.,0.,0.));
#2605=DIRECTION('center_axis',(0.,0.,-1.));
#2606=DIRECTION('ref_axis',(1.,0.,0.));
#2607=DIRECTION('',(0.,0.,1.));
#2608=DIRECTION('center_axis',(1.,0.,0.));
#2609=DIRECTION('ref_axis',(0.,1.,0.));
#2610=DIRECTION('',(0.,-1.,0.));
#2611=DIRECTION('',(0.,0.,1.));
#2612=DIRECTION('center_axis',(0.,0.,1.));
#2613=DIRECTION('ref_axis',(0.,-1.,0.));
#2614=DIRECTION('center_axis',(0.,0.,-1.));
#2615=DIRECTION('ref_axis',(0.,-1.,0.));
#2616=DIRECTION('center_axis',(0.,-1.,0.));
#2617=DIRECTION('ref_axis',(1.,0.,0.));
#2618=DIRECTION('',(-1.,0.,0.));
#2619=DIRECTION('',(0.,0.,1.));
#2620=DIRECTION('',(0.,0.,1.));
#2621=DIRECTION('center_axis',(0.,0.,1.));
#2622=DIRECTION('ref_axis',(-1.,0.,0.));
#2623=DIRECTION('center_axis',(0.,0.,-1.));
#2624=DIRECTION('ref_axis',(-1.,0.,0.));
#2625=DIRECTION('',(0.,0.,1.));
#2626=DIRECTION('center_axis',(-1.,0.,0.));
#2627=DIRECTION('ref_axis',(0.,-1.,0.));
#2628=DIRECTION('',(0.,1.,0.));
#2629=DIRECTION('',(0.,0.,1.));
#2630=DIRECTION('center_axis',(0.,0.,1.));
#2631=DIRECTION('ref_axis',(0.,1.,0.));
#2632=DIRECTION('center_axis',(0.,0.,-1.));
#2633=DIRECTION('ref_axis',(0.,1.,0.));
#2634=DIRECTION('',(0.,0.,1.));
#2635=DIRECTION('center_axis',(0.,1.,0.));
#2636=DIRECTION('ref_axis',(-1.,0.,0.));
#2637=DIRECTION('',(1.,0.,0.));
#2638=DIRECTION('',(0.,0.,1.));
#2639=DIRECTION('center_axis',(0.,0.,1.));
#2640=DIRECTION('ref_axis',(1.,0.,0.));
#2641=DIRECTION('center_axis',(0.,0.,-1.));
#2642=DIRECTION('ref_axis',(1.,0.,0.));
#2643=DIRECTION('',(0.,0.,1.));
#2644=DIRECTION('center_axis',(1.,0.,0.));
#2645=DIRECTION('ref_axis',(0.,1.,0.));
#2646=DIRECTION('',(0.,-1.,0.));
#2647=DIRECTION('',(0.,0.,1.));
#2648=DIRECTION('center_axis',(0.,0.,1.));
#2649=DIRECTION('ref_axis',(0.,-1.,0.));
#2650=DIRECTION('center_axis',(0.,0.,-1.));
#2651=DIRECTION('ref_axis',(0.,-1.,0.));
#2652=DIRECTION('center_axis',(-1.,0.,0.));
#2653=DIRECTION('ref_axis',(0.,-1.,0.));
#2654=DIRECTION('',(0.,0.,1.));
#2655=DIRECTION('',(0.,-1.,0.));
#2656=DIRECTION('',(0.,0.,1.));
#2657=DIRECTION('center_axis',(0.,1.,0.));
#2658=DIRECTION('ref_axis',(-1.,0.,0.));
#2659=DIRECTION('',(-1.,0.,0.));
#2660=DIRECTION('center_axis',(1.,-1.79724077723168E-16,0.));
#2661=DIRECTION('ref_axis',(1.79724077723168E-16,1.,0.));
#2662=DIRECTION('',(1.79724077723168E-16,1.,0.));
#2663=DIRECTION('',(0.,0.,1.));
#2664=DIRECTION('center_axis',(0.,-1.,0.));
#2665=DIRECTION('ref_axis',(1.,0.,0.));
#2666=DIRECTION('',(1.,0.,0.));
#2667=DIRECTION('center_axis',(0.,0.,1.));
#2668=DIRECTION('ref_axis',(1.,0.,0.));
#2669=CARTESIAN_POINT('',(0.,0.,0.));
#2670=CARTESIAN_POINT('Origin',(63.1492309988196,-51.6979057703448,5.9030640015706));
#2671=CARTESIAN_POINT('',(60.6492309988196,-51.6979057703448,5.9030640015706));
#2672=CARTESIAN_POINT('Origin',(63.1492309988196,-51.6979057703448,5.9030640015706));
#2673=CARTESIAN_POINT('',(60.6492309988196,-51.6979057703448,7.90306400157061));
#2674=CARTESIAN_POINT('',(60.6492309988196,-51.6979057703448,5.9030640015706));
#2675=CARTESIAN_POINT('Origin',(63.1492309988196,-51.6979057703448,7.90306400157061));
#2676=CARTESIAN_POINT('Origin',(-4.86847499842129,-51.6804545468618,5.9030640015706));
#2677=CARTESIAN_POINT('',(-7.36847499842129,-51.6804545468618,5.9030640015706));
#2678=CARTESIAN_POINT('Origin',(-4.86847499842129,-51.6804545468618,5.9030640015706));
#2679=CARTESIAN_POINT('',(-7.36847499842129,-51.6804545468618,7.90306400157061));
#2680=CARTESIAN_POINT('',(-7.36847499842129,-51.6804545468618,5.9030640015706));
#2681=CARTESIAN_POINT('Origin',(-4.86847499842129,-51.6804545468618,7.90306400157061));
#2682=CARTESIAN_POINT('Origin',(63.7801600638736,34.3821385751554,5.9030640015706));
#2683=CARTESIAN_POINT('',(61.2801600638736,34.3821385751554,5.9030640015706));
#2684=CARTESIAN_POINT('Origin',(63.7801600638736,34.3821385751554,5.9030640015706));
#2685=CARTESIAN_POINT('',(61.2801600638736,34.3821385751554,7.90306400157061));
#2686=CARTESIAN_POINT('',(61.2801600638736,34.3821385751554,5.9030640015706));
#2687=CARTESIAN_POINT('Origin',(63.7801600638736,34.3821385751554,7.90306400157061));
#2688=CARTESIAN_POINT('Origin',(-6.10626105795642,34.4280883257642,5.9030640015706));
#2689=CARTESIAN_POINT('',(-8.60626105795643,34.4280883257642,5.9030640015706));
#2690=CARTESIAN_POINT('Origin',(-6.10626105795642,34.4280883257642,5.9030640015706));
#2691=CARTESIAN_POINT('',(-8.60626105795643,34.4280883257642,7.90306400157061));
#2692=CARTESIAN_POINT('',(-8.60626105795643,34.4280883257642,5.9030640015706));
#2693=CARTESIAN_POINT('Origin',(-6.10626105795642,34.4280883257642,7.90306400157061));
#2694=CARTESIAN_POINT('Origin',(16.7542993395955,15.9256316100935,7.90306400157061));
#2695=CARTESIAN_POINT('',(16.7542993395955,1.85700819500246,5.9030640015706));
#2696=CARTESIAN_POINT('',(16.7542993395955,15.9256316100935,5.9030640015706));
#2697=CARTESIAN_POINT('',(16.7542993395955,3.27181580504675,5.9030640015706));
#2698=CARTESIAN_POINT('',(16.7542993395955,1.85700819500246,7.90306400157061));
#2699=CARTESIAN_POINT('',(16.7542993395955,1.85700819500246,7.90306400157061));
#2700=CARTESIAN_POINT('',(16.7542993395955,15.9256316100935,7.90306400157061));
#2701=CARTESIAN_POINT('',(16.7542993395955,3.27181580504675,7.90306400157061));
#2702=CARTESIAN_POINT('',(16.7542993395955,15.9256316100935,7.90306400157061));
#2703=CARTESIAN_POINT('Origin',(2.22640949681311,15.9256316100935,7.90306400157061));
#2704=CARTESIAN_POINT('',(2.22640949681311,15.9256316100935,5.9030640015706));
#2705=CARTESIAN_POINT('',(15.5087047484066,15.9256316100935,5.9030640015706));
#2706=CARTESIAN_POINT('',(2.22640949681311,15.9256316100935,7.90306400157061));
#2707=CARTESIAN_POINT('',(15.5087047484066,15.9256316100935,7.90306400157061));
#2708=CARTESIAN_POINT('',(2.22640949681311,15.9256316100935,7.90306400157061));
#2709=CARTESIAN_POINT('Origin',(2.22640949681311,1.85700819500246,7.90306400157061));
#2710=CARTESIAN_POINT('',(2.22640949681311,1.85700819500246,5.9030640015706));
#2711=CARTESIAN_POINT('',(2.22640949681311,-3.76249590249877,5.9030640015706));
#2712=CARTESIAN_POINT('',(2.22640949681311,1.85700819500246,7.90306400157061));
#2713=CARTESIAN_POINT('',(2.22640949681311,-3.76249590249877,7.90306400157061));
#2714=CARTESIAN_POINT('',(2.22640949681311,1.85700819500246,7.90306400157061));
#2715=CARTESIAN_POINT('Origin',(16.7542993395955,1.85700819500246,7.90306400157061));
#2716=CARTESIAN_POINT('',(22.7726496697977,1.85700819500246,5.9030640015706));
#2717=CARTESIAN_POINT('',(22.7726496697977,1.85700819500246,7.90306400157061));
#2718=CARTESIAN_POINT('Origin',(19.2643617176802,17.7899796918628,7.90306400157061));
#2719=CARTESIAN_POINT('',(-0.242932858528317,17.7899796918628,5.9030640015706));
#2720=CARTESIAN_POINT('',(19.2643617176802,17.7899796918628,5.9030640015706));
#2721=CARTESIAN_POINT('',(24.0276808588401,17.7899796918628,5.9030640015706));
#2722=CARTESIAN_POINT('',(-0.242932858528317,17.7899796918628,7.90306400157061));
#2723=CARTESIAN_POINT('',(-0.242932858528317,17.7899796918628,7.90306400157061));
#2724=CARTESIAN_POINT('',(19.2643617176802,17.7899796918628,7.90306400157061));
#2725=CARTESIAN_POINT('',(24.0276808588401,17.7899796918628,7.90306400157061));
#2726=CARTESIAN_POINT('',(19.2643617176802,17.7899796918628,7.90306400157061));
#2727=CARTESIAN_POINT('Origin',(19.2643617176802,40.037,7.90306400157061));
#2728=CARTESIAN_POINT('',(19.2643617176802,40.037,5.9030640015706));
#2729=CARTESIAN_POINT('',(19.2643617176802,15.3275,5.9030640015706));
#2730=CARTESIAN_POINT('',(19.2643617176802,40.037,7.90306400157061));
#2731=CARTESIAN_POINT('',(19.2643617176802,15.3275,7.90306400157061));
#2732=CARTESIAN_POINT('',(19.2643617176802,40.037,6.9030640015706));
#2733=CARTESIAN_POINT('Origin',(-0.242932858528317,17.7899796918628,7.90306400157061));
#2734=CARTESIAN_POINT('',(-0.242932858528317,40.037,5.9030640015706));
#2735=CARTESIAN_POINT('',(-0.242932858528317,4.20398984593141,5.9030640015706));
#2736=CARTESIAN_POINT('',(-0.242932858528317,40.037,7.90306400157061));
#2737=CARTESIAN_POINT('',(-0.242932858528322,40.037,6.9030640015706));
#2738=CARTESIAN_POINT('',(-0.242932858528317,4.20398984593141,7.90306400157061));
#2739=CARTESIAN_POINT('Origin',(28.791,-9.38199999999999,5.9030640015706));
#2740=CARTESIAN_POINT('',(68.796,40.037,5.9030640015706));
#2741=CARTESIAN_POINT('',(-11.214,40.037,5.9030640015706));
#2742=CARTESIAN_POINT('',(68.796,-58.801,5.9030640015706));
#2743=CARTESIAN_POINT('',(68.796,40.037,5.9030640015706));
#2744=CARTESIAN_POINT('',(-11.214,-58.801,5.9030640015706));
#2745=CARTESIAN_POINT('',(68.796,-58.801,5.9030640015706));
#2746=CARTESIAN_POINT('',(-11.214,40.037,5.9030640015706));
#2747=CARTESIAN_POINT('',(-11.214,-58.801,5.9030640015706));
#2748=CARTESIAN_POINT('',(-11.214,40.037,5.9030640015706));
#2749=CARTESIAN_POINT('',(58.2483025348576,2.22804142107005,5.9030640015706));
#2750=CARTESIAN_POINT('',(58.2483025348576,15.7028269033739,5.9030640015706));
#2751=CARTESIAN_POINT('',(58.2483025348576,3.16041345168697,5.9030640015706));
#2752=CARTESIAN_POINT('',(18.0534799222527,15.7028269033739,5.9030640015706));
#2753=CARTESIAN_POINT('',(23.4222399611263,15.7028269033739,5.9030640015706));
#2754=CARTESIAN_POINT('',(18.0534799222527,2.22804142107005,5.9030640015706));
#2755=CARTESIAN_POINT('',(18.0534799222527,-3.57697928946497,5.9030640015706));
#2756=CARTESIAN_POINT('',(43.5196512674288,2.22804142107005,5.9030640015706));
#2757=CARTESIAN_POINT('',(16.025,-2.525,5.9030640015706));
#2758=CARTESIAN_POINT('',(3.025,-2.525,5.9030640015706));
#2759=CARTESIAN_POINT('',(22.408,-2.525,5.9030640015706));
#2760=CARTESIAN_POINT('',(2.525,-3.025,5.9030640015706));
#2761=CARTESIAN_POINT('Origin',(3.025,-3.025,5.9030640015706));
#2762=CARTESIAN_POINT('',(2.525,-16.025,5.9030640015706));
#2763=CARTESIAN_POINT('',(2.525,-6.2035,5.9030640015706));
#2764=CARTESIAN_POINT('',(3.025,-16.525,5.9030640015706));
#2765=CARTESIAN_POINT('Origin',(3.025,-16.025,5.9030640015706));
#2766=CARTESIAN_POINT('',(16.025,-16.525,5.9030640015706));
#2767=CARTESIAN_POINT('',(15.908,-16.525,5.9030640015706));
#2768=CARTESIAN_POINT('',(16.525,-16.025,5.9030640015706));
#2769=CARTESIAN_POINT('Origin',(16.025,-16.025,5.9030640015706));
#2770=CARTESIAN_POINT('',(16.525,-3.025,5.9030640015706));
#2771=CARTESIAN_POINT('',(16.525,-12.7035,5.9030640015706));
#2772=CARTESIAN_POINT('Origin',(16.025,-3.025,5.9030640015706));
#2773=CARTESIAN_POINT('',(35.075,-21.575,5.9030640015706));
#2774=CARTESIAN_POINT('',(22.075,-21.575,5.9030640015706));
#2775=CARTESIAN_POINT('',(31.933,-21.575,5.9030640015706));
#2776=CARTESIAN_POINT('',(21.575,-22.075,5.9030640015706));
#2777=CARTESIAN_POINT('Origin',(22.075,-22.075,5.9030640015706));
#2778=CARTESIAN_POINT('',(21.575,-35.075,5.9030640015706));
#2779=CARTESIAN_POINT('',(21.575,-15.7285,5.9030640015706));
#2780=CARTESIAN_POINT('',(22.075,-35.575,5.9030640015706));
#2781=CARTESIAN_POINT('Origin',(22.075,-35.075,5.9030640015706));
#2782=CARTESIAN_POINT('',(35.075,-35.575,5.9030640015706));
#2783=CARTESIAN_POINT('',(25.433,-35.575,5.9030640015706));
#2784=CARTESIAN_POINT('',(35.575,-35.075,5.9030640015706));
#2785=CARTESIAN_POINT('Origin',(35.075,-35.075,5.9030640015706));
#2786=CARTESIAN_POINT('',(35.575,-22.075,5.9030640015706));
#2787=CARTESIAN_POINT('',(35.575,-22.2285,5.9030640015706));
#2788=CARTESIAN_POINT('Origin',(35.075,-22.075,5.9030640015706));
#2789=CARTESIAN_POINT('',(54.125,-40.625,5.9030640015706));
#2790=CARTESIAN_POINT('',(41.125,-40.625,5.9030640015706));
#2791=CARTESIAN_POINT('',(41.458,-40.625,5.9030640015706));
#2792=CARTESIAN_POINT('',(40.625,-41.125,5.9030640015706));
#2793=CARTESIAN_POINT('Origin',(41.125,-41.125,5.9030640015706));
#2794=CARTESIAN_POINT('',(40.625,-54.125,5.9030640015706));
#2795=CARTESIAN_POINT('',(40.625,-25.2535,5.9030640015706));
#2796=CARTESIAN_POINT('',(41.125,-54.625,5.9030640015706));
#2797=CARTESIAN_POINT('Origin',(41.125,-54.125,5.9030640015706));
#2798=CARTESIAN_POINT('',(54.125,-54.625,5.9030640015706));
#2799=CARTESIAN_POINT('',(34.958,-54.625,5.9030640015706));
#2800=CARTESIAN_POINT('',(54.625,-54.125,5.9030640015706));
#2801=CARTESIAN_POINT('Origin',(54.125,-54.125,5.9030640015706));
#2802=CARTESIAN_POINT('',(54.625,-41.125,5.9030640015706));
#2803=CARTESIAN_POINT('',(54.625,-31.7535,5.9030640015706));
#2804=CARTESIAN_POINT('Origin',(54.125,-41.125,5.9030640015706));
#2805=CARTESIAN_POINT('',(16.025,-21.575,5.9030640015706));
#2806=CARTESIAN_POINT('',(3.025,-21.575,5.9030640015706));
#2807=CARTESIAN_POINT('',(22.408,-21.575,5.9030640015706));
#2808=CARTESIAN_POINT('',(2.525,-22.075,5.9030640015706));
#2809=CARTESIAN_POINT('Origin',(3.025,-22.075,5.9030640015706));
#2810=CARTESIAN_POINT('',(2.525,-35.075,5.9030640015706));
#2811=CARTESIAN_POINT('',(2.525,-15.7285,5.9030640015706));
#2812=CARTESIAN_POINT('',(3.025,-35.575,5.9030640015706));
#2813=CARTESIAN_POINT('Origin',(3.025,-35.075,5.9030640015706));
#2814=CARTESIAN_POINT('',(16.025,-35.575,5.9030640015706));
#2815=CARTESIAN_POINT('',(15.908,-35.575,5.9030640015706));
#2816=CARTESIAN_POINT('',(16.525,-35.075,5.9030640015706));
#2817=CARTESIAN_POINT('Origin',(16.025,-35.075,5.9030640015706));
#2818=CARTESIAN_POINT('',(16.525,-22.075,5.9030640015706));
#2819=CARTESIAN_POINT('',(16.525,-22.2285,5.9030640015706));
#2820=CARTESIAN_POINT('Origin',(16.025,-22.075,5.9030640015706));
#2821=CARTESIAN_POINT('',(35.075,-2.525,5.9030640015706));
#2822=CARTESIAN_POINT('',(22.075,-2.525,5.9030640015706));
#2823=CARTESIAN_POINT('',(31.933,-2.525,5.9030640015706));
#2824=CARTESIAN_POINT('',(21.575,-3.025,5.9030640015706));
#2825=CARTESIAN_POINT('Origin',(22.075,-3.025,5.9030640015706));
#2826=CARTESIAN_POINT('',(21.575,-16.025,5.9030640015706));
#2827=CARTESIAN_POINT('',(21.575,-6.2035,5.9030640015706));
#2828=CARTESIAN_POINT('',(22.075,-16.525,5.9030640015706));
#2829=CARTESIAN_POINT('Origin',(22.075,-16.025,5.9030640015706));
#2830=CARTESIAN_POINT('',(35.075,-16.525,5.9030640015706));
#2831=CARTESIAN_POINT('',(25.433,-16.525,5.9030640015706));
#2832=CARTESIAN_POINT('',(35.575,-16.025,5.9030640015706));
#2833=CARTESIAN_POINT('Origin',(35.075,-16.025,5.9030640015706));
#2834=CARTESIAN_POINT('',(35.575,-3.025,5.9030640015706));
#2835=CARTESIAN_POINT('',(35.575,-12.7035,5.9030640015706));
#2836=CARTESIAN_POINT('Origin',(35.075,-3.025,5.9030640015706));
#2837=CARTESIAN_POINT('',(54.125,-21.575,5.9030640015706));
#2838=CARTESIAN_POINT('',(41.125,-21.575,5.9030640015706));
#2839=CARTESIAN_POINT('',(41.458,-21.575,5.9030640015706));
#2840=CARTESIAN_POINT('',(40.625,-22.075,5.9030640015706));
#2841=CARTESIAN_POINT('Origin',(41.125,-22.075,5.9030640015706));
#2842=CARTESIAN_POINT('',(40.625,-35.075,5.9030640015706));
#2843=CARTESIAN_POINT('',(40.625,-15.7285,5.9030640015706));
#2844=CARTESIAN_POINT('',(41.125,-35.575,5.9030640015706));
#2845=CARTESIAN_POINT('Origin',(41.125,-35.075,5.9030640015706));
#2846=CARTESIAN_POINT('',(54.125,-35.575,5.9030640015706));
#2847=CARTESIAN_POINT('',(34.958,-35.575,5.9030640015706));
#2848=CARTESIAN_POINT('',(54.625,-35.075,5.9030640015706));
#2849=CARTESIAN_POINT('Origin',(54.125,-35.075,5.9030640015706));
#2850=CARTESIAN_POINT('',(54.625,-22.075,5.9030640015706));
#2851=CARTESIAN_POINT('',(54.625,-22.2285,5.9030640015706));
#2852=CARTESIAN_POINT('Origin',(54.125,-22.075,5.9030640015706));
#2853=CARTESIAN_POINT('',(35.075,-40.625,5.9030640015706));
#2854=CARTESIAN_POINT('',(22.075,-40.625,5.9030640015706));
#2855=CARTESIAN_POINT('',(31.933,-40.625,5.9030640015706));
#2856=CARTESIAN_POINT('',(21.575,-41.125,5.9030640015706));
#2857=CARTESIAN_POINT('Origin',(22.075,-41.125,5.9030640015706));
#2858=CARTESIAN_POINT('',(21.575,-54.125,5.9030640015706));
#2859=CARTESIAN_POINT('',(21.575,-25.2535,5.9030640015706));
#2860=CARTESIAN_POINT('',(22.075,-54.625,5.9030640015706));
#2861=CARTESIAN_POINT('Origin',(22.075,-54.125,5.9030640015706));
#2862=CARTESIAN_POINT('',(35.075,-54.625,5.9030640015706));
#2863=CARTESIAN_POINT('',(25.433,-54.625,5.9030640015706));
#2864=CARTESIAN_POINT('',(35.575,-54.125,5.9030640015706));
#2865=CARTESIAN_POINT('Origin',(35.075,-54.125,5.9030640015706));
#2866=CARTESIAN_POINT('',(35.575,-41.125,5.9030640015706));
#2867=CARTESIAN_POINT('',(35.575,-31.7535,5.9030640015706));
#2868=CARTESIAN_POINT('Origin',(35.075,-41.125,5.9030640015706));
#2869=CARTESIAN_POINT('',(16.025,-40.625,5.9030640015706));
#2870=CARTESIAN_POINT('',(3.025,-40.625,5.9030640015706));
#2871=CARTESIAN_POINT('',(22.408,-40.625,5.9030640015706));
#2872=CARTESIAN_POINT('',(2.525,-41.125,5.9030640015706));
#2873=CARTESIAN_POINT('Origin',(3.025,-41.125,5.9030640015706));
#2874=CARTESIAN_POINT('',(2.525,-54.125,5.9030640015706));
#2875=CARTESIAN_POINT('',(2.525,-25.2535,5.9030640015706));
#2876=CARTESIAN_POINT('',(3.025,-54.625,5.9030640015706));
#2877=CARTESIAN_POINT('Origin',(3.025,-54.125,5.9030640015706));
#2878=CARTESIAN_POINT('',(16.025,-54.625,5.9030640015706));
#2879=CARTESIAN_POINT('',(15.908,-54.625,5.9030640015706));
#2880=CARTESIAN_POINT('',(16.525,-54.125,5.9030640015706));
#2881=CARTESIAN_POINT('Origin',(16.025,-54.125,5.9030640015706));
#2882=CARTESIAN_POINT('',(16.525,-41.125,5.9030640015706));
#2883=CARTESIAN_POINT('',(16.525,-31.7535,5.9030640015706));
#2884=CARTESIAN_POINT('Origin',(16.025,-41.125,5.9030640015706));
#2885=CARTESIAN_POINT('',(54.125,-2.525,5.9030640015706));
#2886=CARTESIAN_POINT('',(41.125,-2.525,5.9030640015706));
#2887=CARTESIAN_POINT('',(41.458,-2.525,5.9030640015706));
#2888=CARTESIAN_POINT('',(40.625,-3.025,5.9030640015706));
#2889=CARTESIAN_POINT('Origin',(41.125,-3.025,5.9030640015706));
#2890=CARTESIAN_POINT('',(40.625,-16.025,5.9030640015706));
#2891=CARTESIAN_POINT('',(40.625,-6.2035,5.9030640015706));
#2892=CARTESIAN_POINT('',(41.125,-16.525,5.9030640015706));
#2893=CARTESIAN_POINT('Origin',(41.125,-16.025,5.9030640015706));
#2894=CARTESIAN_POINT('',(54.125,-16.525,5.9030640015706));
#2895=CARTESIAN_POINT('',(34.958,-16.525,5.9030640015706));
#2896=CARTESIAN_POINT('',(54.625,-16.025,5.9030640015706));
#2897=CARTESIAN_POINT('Origin',(54.125,-16.025,5.9030640015706));
#2898=CARTESIAN_POINT('',(54.625,-3.025,5.9030640015706));
#2899=CARTESIAN_POINT('',(54.625,-12.7035,5.9030640015706));
#2900=CARTESIAN_POINT('Origin',(54.125,-3.025,5.9030640015706));
#2901=CARTESIAN_POINT('Origin',(68.796,40.037,5.9030640015706));
#2902=CARTESIAN_POINT('',(68.796,40.037,7.90306400157061));
#2903=CARTESIAN_POINT('',(-11.214,40.037,7.90306400157061));
#2904=CARTESIAN_POINT('',(68.796,40.037,5.9030640015706));
#2905=CARTESIAN_POINT('Origin',(18.0534799222527,2.22804142107005,7.90306400157061));
#2906=CARTESIAN_POINT('',(18.0534799222527,15.7028269033739,7.90306400157061));
#2907=CARTESIAN_POINT('',(18.0534799222527,15.7028269033739,7.90306400157061));
#2908=CARTESIAN_POINT('',(18.0534799222527,2.22804142107005,7.90306400157061));
#2909=CARTESIAN_POINT('',(18.0534799222527,-3.57697928946497,7.90306400157061));
#2910=CARTESIAN_POINT('',(18.0534799222527,2.22804142107005,7.90306400157061));
#2911=CARTESIAN_POINT('Origin',(58.2483025348576,2.22804142107005,7.90306400157061));
#2912=CARTESIAN_POINT('',(58.2483025348576,2.22804142107005,7.90306400157061));
#2913=CARTESIAN_POINT('',(43.5196512674288,2.22804142107005,7.90306400157061));
#2914=CARTESIAN_POINT('',(58.2483025348576,2.22804142107005,7.90306400157061));
#2915=CARTESIAN_POINT('Origin',(58.2483025348576,15.7028269033739,7.90306400157061));
#2916=CARTESIAN_POINT('',(58.2483025348576,15.7028269033739,7.90306400157061));
#2917=CARTESIAN_POINT('',(58.2483025348576,3.16041345168697,7.90306400157061));
#2918=CARTESIAN_POINT('',(58.2483025348576,15.7028269033739,7.90306400157061));
#2919=CARTESIAN_POINT('Origin',(18.0534799222527,15.7028269033739,7.90306400157061));
#2920=CARTESIAN_POINT('',(23.4222399611263,15.7028269033739,7.90306400157061));
#2921=CARTESIAN_POINT('Origin',(41.125,-16.525,5.9030640015706));
#2922=CARTESIAN_POINT('',(54.125,-16.525,7.90306400157061));
#2923=CARTESIAN_POINT('',(41.125,-16.525,7.90306400157061));
#2924=CARTESIAN_POINT('',(34.958,-16.525,7.90306400157061));
#2925=CARTESIAN_POINT('',(54.125,-16.525,5.9030640015706));
#2926=CARTESIAN_POINT('',(41.125,-16.525,5.9030640015706));
#2927=CARTESIAN_POINT('Origin',(41.125,-16.025,5.9030640015706));
#2928=CARTESIAN_POINT('',(40.625,-16.025,7.90306400157061));
#2929=CARTESIAN_POINT('Origin',(41.125,-16.025,7.90306400157061));
#2930=CARTESIAN_POINT('',(40.625,-16.025,5.9030640015706));
#2931=CARTESIAN_POINT('Origin',(40.625,-3.025,5.9030640015706));
#2932=CARTESIAN_POINT('',(40.625,-3.025,7.90306400157061));
#2933=CARTESIAN_POINT('',(40.625,-6.2035,7.90306400157061));
#2934=CARTESIAN_POINT('',(40.625,-3.025,5.9030640015706));
#2935=CARTESIAN_POINT('Origin',(41.125,-3.025,5.9030640015706));
#2936=CARTESIAN_POINT('',(41.125,-2.525,7.90306400157061));
#2937=CARTESIAN_POINT('Origin',(41.125,-3.025,7.90306400157061));
#2938=CARTESIAN_POINT('',(41.125,-2.525,5.9030640015706));
#2939=CARTESIAN_POINT('Origin',(54.125,-2.525,5.9030640015706));
#2940=CARTESIAN_POINT('',(54.125,-2.525,7.90306400157061));
#2941=CARTESIAN_POINT('',(41.458,-2.525,7.90306400157061));
#2942=CARTESIAN_POINT('',(54.125,-2.525,5.9030640015706));
#2943=CARTESIAN_POINT('Origin',(54.125,-3.025,5.9030640015706));
#2944=CARTESIAN_POINT('',(54.625,-3.025,7.90306400157061));
#2945=CARTESIAN_POINT('Origin',(54.125,-3.025,7.90306400157061));
#2946=CARTESIAN_POINT('',(54.625,-3.025,5.9030640015706));
#2947=CARTESIAN_POINT('Origin',(54.625,-16.025,5.9030640015706));
#2948=CARTESIAN_POINT('',(54.625,-16.025,7.90306400157061));
#2949=CARTESIAN_POINT('',(54.625,-12.7035,7.90306400157061));
#2950=CARTESIAN_POINT('',(54.625,-16.025,5.9030640015706));
#2951=CARTESIAN_POINT('Origin',(54.125,-16.025,5.9030640015706));
#2952=CARTESIAN_POINT('Origin',(54.125,-16.025,7.90306400157061));
#2953=CARTESIAN_POINT('Origin',(3.025,-54.625,5.9030640015706));
#2954=CARTESIAN_POINT('',(16.025,-54.625,7.90306400157061));
#2955=CARTESIAN_POINT('',(3.025,-54.625,7.90306400157061));
#2956=CARTESIAN_POINT('',(15.908,-54.625,7.90306400157061));
#2957=CARTESIAN_POINT('',(16.025,-54.625,5.9030640015706));
#2958=CARTESIAN_POINT('',(3.025,-54.625,5.9030640015706));
#2959=CARTESIAN_POINT('Origin',(3.025,-54.125,5.9030640015706));
#2960=CARTESIAN_POINT('',(2.525,-54.125,7.90306400157061));
#2961=CARTESIAN_POINT('Origin',(3.025,-54.125,7.90306400157061));
#2962=CARTESIAN_POINT('',(2.525,-54.125,5.9030640015706));
#2963=CARTESIAN_POINT('Origin',(2.525,-41.125,5.9030640015706));
#2964=CARTESIAN_POINT('',(2.525,-41.125,7.90306400157061));
#2965=CARTESIAN_POINT('',(2.525,-25.2535,7.90306400157061));
#2966=CARTESIAN_POINT('',(2.525,-41.125,5.9030640015706));
#2967=CARTESIAN_POINT('Origin',(3.025,-41.125,5.9030640015706));
#2968=CARTESIAN_POINT('',(3.025,-40.625,7.90306400157061));
#2969=CARTESIAN_POINT('Origin',(3.025,-41.125,7.90306400157061));
#2970=CARTESIAN_POINT('',(3.025,-40.625,5.9030640015706));
#2971=CARTESIAN_POINT('Origin',(16.025,-40.625,5.9030640015706));
#2972=CARTESIAN_POINT('',(16.025,-40.625,7.90306400157061));
#2973=CARTESIAN_POINT('',(22.408,-40.625,7.90306400157061));
#2974=CARTESIAN_POINT('',(16.025,-40.625,5.9030640015706));
#2975=CARTESIAN_POINT('Origin',(16.025,-41.125,5.9030640015706));
#2976=CARTESIAN_POINT('',(16.525,-41.125,7.90306400157061));
#2977=CARTESIAN_POINT('Origin',(16.025,-41.125,7.90306400157061));
#2978=CARTESIAN_POINT('',(16.525,-41.125,5.9030640015706));
#2979=CARTESIAN_POINT('Origin',(16.525,-54.125,5.9030640015706));
#2980=CARTESIAN_POINT('',(16.525,-54.125,7.90306400157061));
#2981=CARTESIAN_POINT('',(16.525,-31.7535,7.90306400157061));
#2982=CARTESIAN_POINT('',(16.525,-54.125,5.9030640015706));
#2983=CARTESIAN_POINT('Origin',(16.025,-54.125,5.9030640015706));
#2984=CARTESIAN_POINT('Origin',(16.025,-54.125,7.90306400157061));
#2985=CARTESIAN_POINT('Origin',(22.075,-54.625,5.9030640015706));
#2986=CARTESIAN_POINT('',(35.075,-54.625,7.90306400157061));
#2987=CARTESIAN_POINT('',(22.075,-54.625,7.90306400157061));
#2988=CARTESIAN_POINT('',(25.433,-54.625,7.90306400157061));
#2989=CARTESIAN_POINT('',(35.075,-54.625,5.9030640015706));
#2990=CARTESIAN_POINT('',(22.075,-54.625,5.9030640015706));
#2991=CARTESIAN_POINT('Origin',(22.075,-54.125,5.9030640015706));
#2992=CARTESIAN_POINT('',(21.575,-54.125,7.90306400157061));
#2993=CARTESIAN_POINT('Origin',(22.075,-54.125,7.90306400157061));
#2994=CARTESIAN_POINT('',(21.575,-54.125,5.9030640015706));
#2995=CARTESIAN_POINT('Origin',(21.575,-41.125,5.9030640015706));
#2996=CARTESIAN_POINT('',(21.575,-41.125,7.90306400157061));
#2997=CARTESIAN_POINT('',(21.575,-25.2535,7.90306400157061));
#2998=CARTESIAN_POINT('',(21.575,-41.125,5.9030640015706));
#2999=CARTESIAN_POINT('Origin',(22.075,-41.125,5.9030640015706));
#3000=CARTESIAN_POINT('',(22.075,-40.625,7.90306400157061));
#3001=CARTESIAN_POINT('Origin',(22.075,-41.125,7.90306400157061));
#3002=CARTESIAN_POINT('',(22.075,-40.625,5.9030640015706));
#3003=CARTESIAN_POINT('Origin',(35.075,-40.625,5.9030640015706));
#3004=CARTESIAN_POINT('',(35.075,-40.625,7.90306400157061));
#3005=CARTESIAN_POINT('',(31.933,-40.625,7.90306400157061));
#3006=CARTESIAN_POINT('',(35.075,-40.625,5.9030640015706));
#3007=CARTESIAN_POINT('Origin',(35.075,-41.125,5.9030640015706));
#3008=CARTESIAN_POINT('',(35.575,-41.125,7.90306400157061));
#3009=CARTESIAN_POINT('Origin',(35.075,-41.125,7.90306400157061));
#3010=CARTESIAN_POINT('',(35.575,-41.125,5.9030640015706));
#3011=CARTESIAN_POINT('Origin',(35.575,-54.125,5.9030640015706));
#3012=CARTESIAN_POINT('',(35.575,-54.125,7.90306400157061));
#3013=CARTESIAN_POINT('',(35.575,-31.7535,7.90306400157061));
#3014=CARTESIAN_POINT('',(35.575,-54.125,5.9030640015706));
#3015=CARTESIAN_POINT('Origin',(35.075,-54.125,5.9030640015706));
#3016=CARTESIAN_POINT('Origin',(35.075,-54.125,7.90306400157061));
#3017=CARTESIAN_POINT('Origin',(41.125,-35.575,5.9030640015706));
#3018=CARTESIAN_POINT('',(54.125,-35.575,7.90306400157061));
#3019=CARTESIAN_POINT('',(41.125,-35.575,7.90306400157061));
#3020=CARTESIAN_POINT('',(34.958,-35.575,7.90306400157061));
#3021=CARTESIAN_POINT('',(54.125,-35.575,5.9030640015706));
#3022=CARTESIAN_POINT('',(41.125,-35.575,5.9030640015706));
#3023=CARTESIAN_POINT('Origin',(41.125,-35.075,5.9030640015706));
#3024=CARTESIAN_POINT('',(40.625,-35.075,7.90306400157061));
#3025=CARTESIAN_POINT('Origin',(41.125,-35.075,7.90306400157061));
#3026=CARTESIAN_POINT('',(40.625,-35.075,5.9030640015706));
#3027=CARTESIAN_POINT('Origin',(40.625,-22.075,5.9030640015706));
#3028=CARTESIAN_POINT('',(40.625,-22.075,7.90306400157061));
#3029=CARTESIAN_POINT('',(40.625,-15.7285,7.90306400157061));
#3030=CARTESIAN_POINT('',(40.625,-22.075,5.9030640015706));
#3031=CARTESIAN_POINT('Origin',(41.125,-22.075,5.9030640015706));
#3032=CARTESIAN_POINT('',(41.125,-21.575,7.90306400157061));
#3033=CARTESIAN_POINT('Origin',(41.125,-22.075,7.90306400157061));
#3034=CARTESIAN_POINT('',(41.125,-21.575,5.9030640015706));
#3035=CARTESIAN_POINT('Origin',(54.125,-21.575,5.9030640015706));
#3036=CARTESIAN_POINT('',(54.125,-21.575,7.90306400157061));
#3037=CARTESIAN_POINT('',(41.458,-21.575,7.90306400157061));
#3038=CARTESIAN_POINT('',(54.125,-21.575,5.9030640015706));
#3039=CARTESIAN_POINT('Origin',(54.125,-22.075,5.9030640015706));
#3040=CARTESIAN_POINT('',(54.625,-22.075,7.90306400157061));
#3041=CARTESIAN_POINT('Origin',(54.125,-22.075,7.90306400157061));
#3042=CARTESIAN_POINT('',(54.625,-22.075,5.9030640015706));
#3043=CARTESIAN_POINT('Origin',(54.625,-35.075,5.9030640015706));
#3044=CARTESIAN_POINT('',(54.625,-35.075,7.90306400157061));
#3045=CARTESIAN_POINT('',(54.625,-22.2285,7.90306400157061));
#3046=CARTESIAN_POINT('',(54.625,-35.075,5.9030640015706));
#3047=CARTESIAN_POINT('Origin',(54.125,-35.075,5.9030640015706));
#3048=CARTESIAN_POINT('Origin',(54.125,-35.075,7.90306400157061));
#3049=CARTESIAN_POINT('Origin',(22.075,-16.525,5.9030640015706));
#3050=CARTESIAN_POINT('',(35.075,-16.525,7.90306400157061));
#3051=CARTESIAN_POINT('',(22.075,-16.525,7.90306400157061));
#3052=CARTESIAN_POINT('',(25.433,-16.525,7.90306400157061));
#3053=CARTESIAN_POINT('',(35.075,-16.525,5.9030640015706));
#3054=CARTESIAN_POINT('',(22.075,-16.525,5.9030640015706));
#3055=CARTESIAN_POINT('Origin',(22.075,-16.025,5.9030640015706));
#3056=CARTESIAN_POINT('',(21.575,-16.025,7.90306400157061));
#3057=CARTESIAN_POINT('Origin',(22.075,-16.025,7.90306400157061));
#3058=CARTESIAN_POINT('',(21.575,-16.025,5.9030640015706));
#3059=CARTESIAN_POINT('Origin',(21.575,-3.025,5.9030640015706));
#3060=CARTESIAN_POINT('',(21.575,-3.025,7.90306400157061));
#3061=CARTESIAN_POINT('',(21.575,-6.2035,7.90306400157061));
#3062=CARTESIAN_POINT('',(21.575,-3.025,5.9030640015706));
#3063=CARTESIAN_POINT('Origin',(22.075,-3.025,5.9030640015706));
#3064=CARTESIAN_POINT('',(22.075,-2.525,7.90306400157061));
#3065=CARTESIAN_POINT('Origin',(22.075,-3.025,7.90306400157061));
#3066=CARTESIAN_POINT('',(22.075,-2.525,5.9030640015706));
#3067=CARTESIAN_POINT('Origin',(35.075,-2.525,5.9030640015706));
#3068=CARTESIAN_POINT('',(35.075,-2.525,7.90306400157061));
#3069=CARTESIAN_POINT('',(31.933,-2.525,7.90306400157061));
#3070=CARTESIAN_POINT('',(35.075,-2.525,5.9030640015706));
#3071=CARTESIAN_POINT('Origin',(35.075,-3.025,5.9030640015706));
#3072=CARTESIAN_POINT('',(35.575,-3.025,7.90306400157061));
#3073=CARTESIAN_POINT('Origin',(35.075,-3.025,7.90306400157061));
#3074=CARTESIAN_POINT('',(35.575,-3.025,5.9030640015706));
#3075=CARTESIAN_POINT('Origin',(35.575,-16.025,5.9030640015706));
#3076=CARTESIAN_POINT('',(35.575,-16.025,7.90306400157061));
#3077=CARTESIAN_POINT('',(35.575,-12.7035,7.90306400157061));
#3078=CARTESIAN_POINT('',(35.575,-16.025,5.9030640015706));
#3079=CARTESIAN_POINT('Origin',(35.075,-16.025,5.9030640015706));
#3080=CARTESIAN_POINT('Origin',(35.075,-16.025,7.90306400157061));
#3081=CARTESIAN_POINT('Origin',(3.025,-35.575,5.9030640015706));
#3082=CARTESIAN_POINT('',(16.025,-35.575,7.90306400157061));
#3083=CARTESIAN_POINT('',(3.025,-35.575,7.90306400157061));
#3084=CARTESIAN_POINT('',(15.908,-35.575,7.90306400157061));
#3085=CARTESIAN_POINT('',(16.025,-35.575,5.9030640015706));
#3086=CARTESIAN_POINT('',(3.025,-35.575,5.9030640015706));
#3087=CARTESIAN_POINT('Origin',(3.025,-35.075,5.9030640015706));
#3088=CARTESIAN_POINT('',(2.525,-35.075,7.90306400157061));
#3089=CARTESIAN_POINT('Origin',(3.025,-35.075,7.90306400157061));
#3090=CARTESIAN_POINT('',(2.525,-35.075,5.9030640015706));
#3091=CARTESIAN_POINT('Origin',(2.525,-22.075,5.9030640015706));
#3092=CARTESIAN_POINT('',(2.525,-22.075,7.90306400157061));
#3093=CARTESIAN_POINT('',(2.525,-15.7285,7.90306400157061));
#3094=CARTESIAN_POINT('',(2.525,-22.075,5.9030640015706));
#3095=CARTESIAN_POINT('Origin',(3.025,-22.075,5.9030640015706));
#3096=CARTESIAN_POINT('',(3.025,-21.575,7.90306400157061));
#3097=CARTESIAN_POINT('Origin',(3.025,-22.075,7.90306400157061));
#3098=CARTESIAN_POINT('',(3.025,-21.575,5.9030640015706));
#3099=CARTESIAN_POINT('Origin',(16.025,-21.575,5.9030640015706));
#3100=CARTESIAN_POINT('',(16.025,-21.575,7.90306400157061));
#3101=CARTESIAN_POINT('',(22.408,-21.575,7.90306400157061));
#3102=CARTESIAN_POINT('',(16.025,-21.575,5.9030640015706));
#3103=CARTESIAN_POINT('Origin',(16.025,-22.075,5.9030640015706));
#3104=CARTESIAN_POINT('',(16.525,-22.075,7.90306400157061));
#3105=CARTESIAN_POINT('Origin',(16.025,-22.075,7.90306400157061));
#3106=CARTESIAN_POINT('',(16.525,-22.075,5.9030640015706));
#3107=CARTESIAN_POINT('Origin',(16.525,-35.075,5.9030640015706));
#3108=CARTESIAN_POINT('',(16.525,-35.075,7.90306400157061));
#3109=CARTESIAN_POINT('',(16.525,-22.2285,7.90306400157061));
#3110=CARTESIAN_POINT('',(16.525,-35.075,5.9030640015706));
#3111=CARTESIAN_POINT('Origin',(16.025,-35.075,5.9030640015706));
#3112=CARTESIAN_POINT('Origin',(16.025,-35.075,7.90306400157061));
#3113=CARTESIAN_POINT('Origin',(41.125,-54.625,5.9030640015706));
#3114=CARTESIAN_POINT('',(54.125,-54.625,7.90306400157061));
#3115=CARTESIAN_POINT('',(41.125,-54.625,7.90306400157061));
#3116=CARTESIAN_POINT('',(34.958,-54.625,7.90306400157061));
#3117=CARTESIAN_POINT('',(54.125,-54.625,5.9030640015706));
#3118=CARTESIAN_POINT('',(41.125,-54.625,5.9030640015706));
#3119=CARTESIAN_POINT('Origin',(41.125,-54.125,5.9030640015706));
#3120=CARTESIAN_POINT('',(40.625,-54.125,7.90306400157061));
#3121=CARTESIAN_POINT('Origin',(41.125,-54.125,7.90306400157061));
#3122=CARTESIAN_POINT('',(40.625,-54.125,5.9030640015706));
#3123=CARTESIAN_POINT('Origin',(40.625,-41.125,5.9030640015706));
#3124=CARTESIAN_POINT('',(40.625,-41.125,7.90306400157061));
#3125=CARTESIAN_POINT('',(40.625,-25.2535,7.90306400157061));
#3126=CARTESIAN_POINT('',(40.625,-41.125,5.9030640015706));
#3127=CARTESIAN_POINT('Origin',(41.125,-41.125,5.9030640015706));
#3128=CARTESIAN_POINT('',(41.125,-40.625,7.90306400157061));
#3129=CARTESIAN_POINT('Origin',(41.125,-41.125,7.90306400157061));
#3130=CARTESIAN_POINT('',(41.125,-40.625,5.9030640015706));
#3131=CARTESIAN_POINT('Origin',(54.125,-40.625,5.9030640015706));
#3132=CARTESIAN_POINT('',(54.125,-40.625,7.90306400157061));
#3133=CARTESIAN_POINT('',(41.458,-40.625,7.90306400157061));
#3134=CARTESIAN_POINT('',(54.125,-40.625,5.9030640015706));
#3135=CARTESIAN_POINT('Origin',(54.125,-41.125,5.9030640015706));
#3136=CARTESIAN_POINT('',(54.625,-41.125,7.90306400157061));
#3137=CARTESIAN_POINT('Origin',(54.125,-41.125,7.90306400157061));
#3138=CARTESIAN_POINT('',(54.625,-41.125,5.9030640015706));
#3139=CARTESIAN_POINT('Origin',(54.625,-54.125,5.9030640015706));
#3140=CARTESIAN_POINT('',(54.625,-54.125,7.90306400157061));
#3141=CARTESIAN_POINT('',(54.625,-31.7535,7.90306400157061));
#3142=CARTESIAN_POINT('',(54.625,-54.125,5.9030640015706));
#3143=CARTESIAN_POINT('Origin',(54.125,-54.125,5.9030640015706));
#3144=CARTESIAN_POINT('Origin',(54.125,-54.125,7.90306400157061));
#3145=CARTESIAN_POINT('Origin',(22.075,-35.575,5.9030640015706));
#3146=CARTESIAN_POINT('',(35.075,-35.575,7.90306400157061));
#3147=CARTESIAN_POINT('',(22.075,-35.575,7.90306400157061));
#3148=CARTESIAN_POINT('',(25.433,-35.575,7.90306400157061));
#3149=CARTESIAN_POINT('',(35.075,-35.575,5.9030640015706));
#3150=CARTESIAN_POINT('',(22.075,-35.575,5.9030640015706));
#3151=CARTESIAN_POINT('Origin',(22.075,-35.075,5.9030640015706));
#3152=CARTESIAN_POINT('',(21.575,-35.075,7.90306400157061));
#3153=CARTESIAN_POINT('Origin',(22.075,-35.075,7.90306400157061));
#3154=CARTESIAN_POINT('',(21.575,-35.075,5.9030640015706));
#3155=CARTESIAN_POINT('Origin',(21.575,-22.075,5.9030640015706));
#3156=CARTESIAN_POINT('',(21.575,-22.075,7.90306400157061));
#3157=CARTESIAN_POINT('',(21.575,-15.7285,7.90306400157061));
#3158=CARTESIAN_POINT('',(21.575,-22.075,5.9030640015706));
#3159=CARTESIAN_POINT('Origin',(22.075,-22.075,5.9030640015706));
#3160=CARTESIAN_POINT('',(22.075,-21.575,7.90306400157061));
#3161=CARTESIAN_POINT('Origin',(22.075,-22.075,7.90306400157061));
#3162=CARTESIAN_POINT('',(22.075,-21.575,5.9030640015706));
#3163=CARTESIAN_POINT('Origin',(35.075,-21.575,5.9030640015706));
#3164=CARTESIAN_POINT('',(35.075,-21.575,7.90306400157061));
#3165=CARTESIAN_POINT('',(31.933,-21.575,7.90306400157061));
#3166=CARTESIAN_POINT('',(35.075,-21.575,5.9030640015706));
#3167=CARTESIAN_POINT('Origin',(35.075,-22.075,5.9030640015706));
#3168=CARTESIAN_POINT('',(35.575,-22.075,7.90306400157061));
#3169=CARTESIAN_POINT('Origin',(35.075,-22.075,7.90306400157061));
#3170=CARTESIAN_POINT('',(35.575,-22.075,5.9030640015706));
#3171=CARTESIAN_POINT('Origin',(35.575,-35.075,5.9030640015706));
#3172=CARTESIAN_POINT('',(35.575,-35.075,7.90306400157061));
#3173=CARTESIAN_POINT('',(35.575,-22.2285,7.90306400157061));
#3174=CARTESIAN_POINT('',(35.575,-35.075,5.9030640015706));
#3175=CARTESIAN_POINT('Origin',(35.075,-35.075,5.9030640015706));
#3176=CARTESIAN_POINT('Origin',(35.075,-35.075,7.90306400157061));
#3177=CARTESIAN_POINT('Origin',(3.025,-16.525,5.9030640015706));
#3178=CARTESIAN_POINT('',(16.025,-16.525,7.90306400157061));
#3179=CARTESIAN_POINT('',(3.025,-16.525,7.90306400157061));
#3180=CARTESIAN_POINT('',(15.908,-16.525,7.90306400157061));
#3181=CARTESIAN_POINT('',(16.025,-16.525,5.9030640015706));
#3182=CARTESIAN_POINT('',(3.025,-16.525,5.9030640015706));
#3183=CARTESIAN_POINT('Origin',(3.025,-16.025,5.9030640015706));
#3184=CARTESIAN_POINT('',(2.525,-16.025,7.90306400157061));
#3185=CARTESIAN_POINT('Origin',(3.025,-16.025,7.90306400157061));
#3186=CARTESIAN_POINT('',(2.525,-16.025,5.9030640015706));
#3187=CARTESIAN_POINT('Origin',(2.525,-3.025,5.9030640015706));
#3188=CARTESIAN_POINT('',(2.525,-3.025,7.90306400157061));
#3189=CARTESIAN_POINT('',(2.525,-6.2035,7.90306400157061));
#3190=CARTESIAN_POINT('',(2.525,-3.025,5.9030640015706));
#3191=CARTESIAN_POINT('Origin',(3.025,-3.025,5.9030640015706));
#3192=CARTESIAN_POINT('',(3.025,-2.525,7.90306400157061));
#3193=CARTESIAN_POINT('Origin',(3.025,-3.025,7.90306400157061));
#3194=CARTESIAN_POINT('',(3.025,-2.525,5.9030640015706));
#3195=CARTESIAN_POINT('Origin',(16.025,-2.525,5.9030640015706));
#3196=CARTESIAN_POINT('',(16.025,-2.525,7.90306400157061));
#3197=CARTESIAN_POINT('',(22.408,-2.525,7.90306400157061));
#3198=CARTESIAN_POINT('',(16.025,-2.525,5.9030640015706));
#3199=CARTESIAN_POINT('Origin',(16.025,-3.025,5.9030640015706));
#3200=CARTESIAN_POINT('',(16.525,-3.025,7.90306400157061));
#3201=CARTESIAN_POINT('Origin',(16.025,-3.025,7.90306400157061));
#3202=CARTESIAN_POINT('',(16.525,-3.025,5.9030640015706));
#3203=CARTESIAN_POINT('Origin',(16.525,-16.025,5.9030640015706));
#3204=CARTESIAN_POINT('',(16.525,-16.025,7.90306400157061));
#3205=CARTESIAN_POINT('',(16.525,-12.7035,7.90306400157061));
#3206=CARTESIAN_POINT('',(16.525,-16.025,5.9030640015706));
#3207=CARTESIAN_POINT('Origin',(16.025,-16.025,5.9030640015706));
#3208=CARTESIAN_POINT('Origin',(16.025,-16.025,7.90306400157061));
#3209=CARTESIAN_POINT('Origin',(-11.214,40.037,5.9030640015706));
#3210=CARTESIAN_POINT('',(-11.214,-58.801,7.90306400157061));
#3211=CARTESIAN_POINT('',(-11.214,-58.801,5.9030640015706));
#3212=CARTESIAN_POINT('',(-11.214,40.037,7.90306400157061));
#3213=CARTESIAN_POINT('',(-11.214,-58.801,7.90306400157061));
#3214=CARTESIAN_POINT('',(-11.214,40.037,5.9030640015706));
#3215=CARTESIAN_POINT('Origin',(68.796,40.037,5.9030640015706));
#3216=CARTESIAN_POINT('',(-11.214,40.037,7.90306400157061));
#3217=CARTESIAN_POINT('Origin',(68.796,-58.801,5.9030640015706));
#3218=CARTESIAN_POINT('',(68.796,-58.801,7.90306400157061));
#3219=CARTESIAN_POINT('',(68.796,40.037,7.90306400157061));
#3220=CARTESIAN_POINT('',(68.796,-58.801,5.9030640015706));
#3221=CARTESIAN_POINT('Origin',(-11.214,-58.801,5.9030640015706));
#3222=CARTESIAN_POINT('',(68.796,-58.801,7.90306400157061));
#3223=CARTESIAN_POINT('Origin',(28.791,-9.38199999999999,7.90306400157061));
#3224=UNCERTAINTY_MEASURE_WITH_UNIT(LENGTH_MEASURE(0.01),#3228,
'DISTANCE_ACCURACY_VALUE',
'Maximum model space distance between geometric entities at asserted c
onnectivities');
#3225=UNCERTAINTY_MEASURE_WITH_UNIT(LENGTH_MEASURE(0.01),#3228,
'DISTANCE_ACCURACY_VALUE',
'Maximum model space distance between geometric entities at asserted c
onnectivities');
#3226=(
GEOMETRIC_REPRESENTATION_CONTEXT(3)
GLOBAL_UNCERTAINTY_ASSIGNED_CONTEXT((#3224))
GLOBAL_UNIT_ASSIGNED_CONTEXT((#3228,#3230,#3231))
REPRESENTATION_CONTEXT('','3D')
);
#3227=(
GEOMETRIC_REPRESENTATION_CONTEXT(3)
GLOBAL_UNCERTAINTY_ASSIGNED_CONTEXT((#3225))
GLOBAL_UNIT_ASSIGNED_CONTEXT((#3228,#3230,#3231))
REPRESENTATION_CONTEXT('','3D')
);
#3228=(
LENGTH_UNIT()
NAMED_UNIT(*)
SI_UNIT(.MILLI.,.METRE.)
);
#3229=(
LENGTH_UNIT()
NAMED_UNIT(*)
SI_UNIT($,.METRE.)
);
#3230=(
NAMED_UNIT(*)
PLANE_ANGLE_UNIT()
SI_UNIT($,.RADIAN.)
);
#3231=(
NAMED_UNIT(*)
SI_UNIT($,.STERADIAN.)
SOLID_ANGLE_UNIT()
);
#3232=SHAPE_DEFINITION_REPRESENTATION(#3233,#3234);
#3233=PRODUCT_DEFINITION_SHAPE('',$,#3236);
#3234=SHAPE_REPRESENTATION('',(#1948),#3226);
#3235=PRODUCT_DEFINITION_CONTEXT('part definition',#3240,'design');
#3236=PRODUCT_DEFINITION('2026-05-20-21-30-43-451','MACROPAD PLATE',#3237,
#3235);
#3237=PRODUCT_DEFINITION_FORMATION('',$,#3242);
#3238=PRODUCT_RELATED_PRODUCT_CATEGORY('MACROPAD PLATE',
'MACROPAD PLATE',(#3242));
#3239=APPLICATION_PROTOCOL_DEFINITION('international standard',
'automotive_design',2009,#3240);
#3240=APPLICATION_CONTEXT(
'Core Data for Automotive Mechanical Design Process');
#3241=PRODUCT_CONTEXT('part definition',#3240,'mechanical');
#3242=PRODUCT('2026-05-20-21-30-43-451','MACROPAD PLATE',$,(#3241));
#3243=PRESENTATION_STYLE_ASSIGNMENT((#3245));
#3244=PRESENTATION_STYLE_ASSIGNMENT((#3246));
#3245=SURFACE_STYLE_USAGE(.BOTH.,#3247);
#3246=SURFACE_STYLE_USAGE(.BOTH.,#3248);
#3247=SURFACE_SIDE_STYLE('',(#3249));
#3248=SURFACE_SIDE_STYLE('',(#3250));
#3249=SURFACE_STYLE_FILL_AREA(#3251);
#3250=SURFACE_STYLE_FILL_AREA(#3252);
#3251=FILL_AREA_STYLE('Steel - Satin',(#3253));
#3252=FILL_AREA_STYLE('Powder Coat - Rough (Black)',(#3254));
#3253=FILL_AREA_STYLE_COLOUR('Steel - Satin',#3255);
#3254=FILL_AREA_STYLE_COLOUR('Powder Coat - Rough (Black)',#3256);
#3255=COLOUR_RGB('Steel - Satin',0.627450980392157,0.627450980392157,0.627450980392157);
#3256=COLOUR_RGB('Powder Coat - Rough (Black)',0.0980392156862745,0.0980392156862745,
0.0980392156862745);
ENDSEC;
END-ISO-10303-21;
